t/h,Elapsed Time (s),Voltage(V)
2.78E-04,1.00E+00,3.49867
5.56E-04,2.00E+00,3.41584
8.33E-04,3.00E+00,3.37163
0.001111111,4.00E+00,3.34149
0.001388889,5.00E+00,3.31871
0.001666667,6.00E+00,3.30023
0.001944444,7.00E+00,3.28539
0.002222222,8.00E+00,3.27267
0.0025,9.00E+00,3.2614
0.002777778,1.00E+01,3.25184
0.003055556,1.10E+01,3.24308
0.003333333,1.20E+01,3.23496
0.003611111,1.30E+01,3.22828
0.003888889,1.40E+01,3.22174
0.004166667,1.50E+01,3.21605
0.004444444,1.60E+01,3.21079
0.004722222,1.70E+01,3.20632
0.005,1.80E+01,3.20172
0.005277778,1.90E+01,3.19814
0.005555556,2.00E+01,3.19465
0.005833333,2.10E+01,3.19109
0.006111111,2.20E+01,3.18782
0.006388889,2.30E+01,3.18386
0.006666667,2.40E+01,3.18081
0.006944444,2.50E+01,3.17803
0.007222222,2.60E+01,3.17489
0.0075,2.70E+01,3.17261
0.007777778,2.80E+01,3.17039
0.008055556,2.90E+01,3.168
0.008333333,3.00E+01,3.16603
0.008611111,3.10E+01,3.1636
0.008888889,3.20E+01,3.16201
0.009166667,3.30E+01,3.15956
0.009444444,3.40E+01,3.15815
0.009722222,3.50E+01,3.1558
0.01,3.60E+01,3.15432
0.010277778,3.70E+01,3.1526
0.010555556,3.80E+01,3.15128
0.010833333,3.90E+01,3.15024
0.011111111,4.00E+01,3.14793
0.011388889,4.10E+01,3.14688
0.011666667,4.20E+01,3.14537
0.011944444,4.30E+01,3.14408
0.012222222,4.40E+01,3.14296
0.0125,4.50E+01,3.14153
0.012777778,4.60E+01,3.14102
0.013055556,4.70E+01,3.13925
0.013333333,4.80E+01,3.13849
0.013611111,4.90E+01,3.13694
0.013888889,5.00E+01,3.13647
0.014166667,5.10E+01,3.13566
0.014444444,5.20E+01,3.13469
0.014722222,5.30E+01,3.13431
0.015,5.40E+01,3.13308
0.015277778,5.50E+01,3.13271
0.015555556,5.60E+01,3.13149
0.015833333,5.70E+01,3.13062
0.016111111,5.80E+01,3.12992
0.016388889,5.90E+01,3.12943
0.016666667,6.00E+01,3.12838
0.016944444,6.10E+01,3.12798
0.017222222,6.20E+01,3.12731
0.0175,6.30E+01,3.12637
0.017777778,6.40E+01,3.12594
0.018055556,6.50E+01,3.12516
0.018333333,6.60E+01,3.12505
0.018611111,6.70E+01,3.12416
0.018888889,6.80E+01,3.12332
0.019166667,6.90E+01,3.1229
0.019444444,7.00E+01,3.12245
0.019722222,7.10E+01,3.12128
0.02,7.20E+01,3.12113
0.020277778,7.30E+01,3.12113
0.020555556,7.40E+01,3.12045
0.020833333,7.50E+01,3.12003
0.021111111,7.60E+01,3.11952
0.021388889,7.70E+01,3.11869
0.021666667,7.80E+01,3.11835
0.021944444,7.90E+01,3.11786
0.022222222,8.00E+01,3.11719
0.0225,8.10E+01,3.1172
0.022777778,8.20E+01,3.11592
0.023055556,8.30E+01,3.11579
0.023333333,8.40E+01,3.11492
0.023611111,8.50E+01,3.11477
0.023888889,8.60E+01,3.11385
0.024166667,8.70E+01,3.11331
0.024444444,8.80E+01,3.11298
0.024722222,8.90E+01,3.11248
0.025,9.00E+01,3.11277
0.025277778,9.10E+01,3.11131
0.025555556,9.20E+01,3.11135
0.025833333,9.30E+01,3.11104
0.026111111,9.40E+01,3.11044
0.026388889,9.50E+01,3.11017
0.026666667,9.60E+01,3.10941
0.026944444,9.70E+01,3.10929
0.027222222,9.80E+01,3.10858
0.0275,9.90E+01,3.10858
0.027777778,1.00E+02,3.10772
0.028055556,1.01E+02,3.10796
0.028333333,1.02E+02,3.10685
0.028611111,1.03E+02,3.10656
0.028888889,1.04E+02,3.10644
0.029166667,1.05E+02,3.10548
0.029444444,1.06E+02,3.10549
0.029722222,1.07E+02,3.10511
0.03,1.08E+02,3.10491
0.030277778,1.09E+02,3.1045
0.030555556,1.10E+02,3.10414
0.030833333,1.11E+02,3.10393
0.031111111,1.12E+02,3.10338
0.031388889,1.13E+02,3.10336
0.031666667,1.14E+02,3.10255
0.031944444,1.15E+02,3.10292
0.032222222,1.16E+02,3.10196
0.0325,1.17E+02,3.10174
0.032777778,1.18E+02,3.10177
0.033055556,1.19E+02,3.1012
0.033333333,1.20E+02,3.10154
0.033611111,1.21E+02,3.10255
0.033888889,1.22E+02,3.10222
0.034166667,1.23E+02,3.10195
0.034444444,1.24E+02,3.10178
0.034722222,1.25E+02,3.10111
0.035,1.26E+02,3.10104
0.035277778,1.27E+02,3.10089
0.035555556,1.28E+02,3.10043
0.035833333,1.29E+02,3.1009
0.036111111,1.30E+02,3.09988
0.036388889,1.31E+02,3.10026
0.036666667,1.32E+02,3.09961
0.036944444,1.33E+02,3.0995
0.037222222,1.34E+02,3.09919
0.0375,1.35E+02,3.09894
0.037777778,1.36E+02,3.09876
0.038055556,1.37E+02,3.09858
0.038333333,1.38E+02,3.09905
0.038611111,1.39E+02,3.09842
0.038888889,1.40E+02,3.09904
0.039166667,1.41E+02,3.0984
0.039444444,1.42E+02,3.09856
0.039722222,1.43E+02,3.0983
0.04,1.44E+02,3.09832
0.040277778,1.45E+02,3.09788
0.040555556,1.46E+02,3.09739
0.040833333,1.47E+02,3.09758
0.041111111,1.48E+02,3.09716
0.041388889,1.49E+02,3.09748
0.041666667,1.50E+02,3.0968
0.041944444,1.51E+02,3.09714
0.042222222,1.52E+02,3.09683
0.0425,1.53E+02,3.09632
0.042777778,1.54E+02,3.09629
0.043055556,1.55E+02,3.09633
0.043333333,1.56E+02,3.09586
0.043611111,1.57E+02,3.09594
0.043888889,1.58E+02,3.09567
0.044166667,1.59E+02,3.09552
0.044444444,1.60E+02,3.09579
0.044722222,1.61E+02,3.09503
0.045,1.62E+02,3.09524
0.045277778,1.63E+02,3.09465
0.045555556,1.64E+02,3.09509
0.045833333,1.65E+02,3.09426
0.046111111,1.66E+02,3.09485
0.046388889,1.67E+02,3.09402
0.046666667,1.68E+02,3.09398
0.046944444,1.69E+02,3.094
0.047222222,1.70E+02,3.09364
0.0475,1.71E+02,3.09376
0.047777778,1.72E+02,3.09338
0.048055556,1.73E+02,3.0934
0.048333333,1.74E+02,3.09304
0.048611111,1.75E+02,3.09352
0.048888889,1.76E+02,3.09288
0.049166667,1.77E+02,3.09373
0.049444444,1.78E+02,3.09362
0.049722222,1.79E+02,3.09337
0.05,1.80E+02,3.09341
0.050277778,1.81E+02,3.09301
0.050555556,1.82E+02,3.09348
0.050833333,1.83E+02,3.09286
0.051111111,1.84E+02,3.09287
0.051388889,1.85E+02,3.09253
0.051666667,1.86E+02,3.0924
0.051944444,1.87E+02,3.09231
0.052222222,1.88E+02,3.09203
0.0525,1.89E+02,3.09259
0.052777778,1.90E+02,3.09172
0.053055556,1.91E+02,3.09193
0.053333333,1.92E+02,3.09179
0.053611111,1.93E+02,3.09146
0.053888889,1.94E+02,3.09201
0.054166667,1.95E+02,3.09111
0.054444444,1.96E+02,3.09147
0.054722222,1.97E+02,3.09093
0.055,1.98E+02,3.09085
0.055277778,1.99E+02,3.09077
0.055555556,2.00E+02,3.09052
0.055833333,2.01E+02,3.09043
0.056111111,2.02E+02,3.09055
0.056388889,2.03E+02,3.09058
0.056666667,2.04E+02,3.08998
0.056944444,2.05E+02,3.08974
0.057222222,2.06E+02,3.08982
0.0575,2.07E+02,3.08954
0.057777778,2.08E+02,3.09004
0.058055556,2.09E+02,3.08935
0.058333333,2.10E+02,3.0896
0.058611111,2.11E+02,3.08896
0.058888889,2.12E+02,3.08992
0.059166667,2.13E+02,3.08932
0.059444444,2.14E+02,3.08987
0.059722222,2.15E+02,3.08936
0.06,2.16E+02,3.0893
0.060277778,2.17E+02,3.08965
0.060555556,2.18E+02,3.08913
0.060833333,2.19E+02,3.08944
0.061111111,2.20E+02,3.08921
0.061388889,2.21E+02,3.08919
0.061666667,2.22E+02,3.08888
0.061944444,2.23E+02,3.08954
0.062222222,2.24E+02,3.08868
0.0625,2.25E+02,3.08887
0.062777778,2.26E+02,3.08869
0.063055556,2.27E+02,3.08862
0.063333333,2.28E+02,3.08886
0.063611111,2.29E+02,3.08822
0.063888889,2.30E+02,3.0889
0.064166667,2.31E+02,3.08843
0.064444444,2.32E+02,3.08811
0.064722222,2.33E+02,3.08808
0.065,2.34E+02,3.08823
0.065277778,2.35E+02,3.08778
0.065555556,2.36E+02,3.08766
0.065833333,2.37E+02,3.08793
0.066111111,2.38E+02,3.08727
0.066388889,2.39E+02,3.08755
0.066666667,2.40E+02,3.08747
0.066944444,2.41E+02,3.0873
0.067222222,2.42E+02,3.08724
0.0675,2.43E+02,3.08717
0.067777778,2.44E+02,3.08702
0.068055556,2.45E+02,3.087
0.068333333,2.46E+02,3.08674
0.068611111,2.47E+02,3.08726
0.068888889,2.48E+02,3.08703
0.069166667,2.49E+02,3.08789
0.069444444,2.50E+02,3.08771
0.069722222,2.51E+02,3.08862
0.07,2.52E+02,3.08795
0.070277778,2.53E+02,3.08822
0.070555556,2.54E+02,3.08797
0.070833333,2.55E+02,3.08773
0.071111111,2.56E+02,3.08742
0.071388889,2.57E+02,3.08776
0.071666667,2.58E+02,3.08725
0.071944444,2.59E+02,3.08749
0.072222222,2.60E+02,3.08792
0.0725,2.61E+02,3.08773
0.072777778,2.62E+02,3.08775
0.073055556,2.63E+02,3.08758
0.073333333,2.64E+02,3.08759
0.073611111,2.65E+02,3.0873
0.073888889,2.66E+02,3.08769
0.074166667,2.67E+02,3.08724
0.074444444,2.68E+02,3.0877
0.074722222,2.69E+02,3.08724
0.075,2.70E+02,3.08764
0.075277778,2.71E+02,3.0874
0.075555556,2.72E+02,3.08732
0.075833333,2.73E+02,3.08716
0.076111111,2.74E+02,3.0874
0.076388889,2.75E+02,3.08746
0.076666667,2.76E+02,3.08704
0.076944444,2.77E+02,3.08762
0.077222222,2.78E+02,3.08682
0.0775,2.79E+02,3.0875
0.077777778,2.80E+02,3.08699
0.078055556,2.81E+02,3.0868
0.078333333,2.82E+02,3.0869
0.078611111,2.83E+02,3.08673
0.078888889,2.84E+02,3.08656
0.079166667,2.85E+02,3.08679
0.079444444,2.86E+02,3.08718
0.079722222,2.87E+02,3.08691
0.08,2.88E+02,3.08671
0.080277778,2.89E+02,3.08679
0.080555556,2.90E+02,3.08655
0.080833333,2.91E+02,3.08723
0.081111111,2.92E+02,3.08624
0.081388889,2.93E+02,3.0868
0.081666667,2.94E+02,3.08638
0.081944444,2.95E+02,3.08604
0.082222222,2.96E+02,3.08632
0.0825,2.97E+02,3.0861
0.082777778,2.98E+02,3.08595
0.083055556,2.99E+02,3.086
0.083333333,3.00E+02,3.08594
0.083611111,3.01E+02,3.08588
0.083888889,3.02E+02,3.08625
0.084166667,3.03E+02,3.08577
0.084444444,3.04E+02,3.08595
0.084722222,3.05E+02,3.08579
0.085,3.06E+02,3.08561
0.085277778,3.07E+02,3.08599
0.085555556,3.08E+02,3.0856
0.085833333,3.09E+02,3.08572
0.086111111,3.10E+02,3.08535
0.086388889,3.11E+02,3.08566
0.086666667,3.12E+02,3.08521
0.086944444,3.13E+02,3.08533
0.087222222,3.14E+02,3.08534
0.0875,3.15E+02,3.08533
0.087777778,3.16E+02,3.08579
0.088055556,3.17E+02,3.0851
0.088333333,3.18E+02,3.08562
0.088611111,3.19E+02,3.08542
0.088888889,3.20E+02,3.08518
0.089166667,3.21E+02,3.0852
0.089444444,3.22E+02,3.0851
0.089722222,3.23E+02,3.08515
0.09,3.24E+02,3.08494
0.090277778,3.25E+02,3.08514
0.090555556,3.26E+02,3.08459
0.090833333,3.27E+02,3.08501
0.091111111,3.28E+02,3.08476
0.091388889,3.29E+02,3.08476
0.091666667,3.30E+02,3.08479
0.091944444,3.31E+02,3.08472
0.092222222,3.32E+02,3.08497
0.0925,3.33E+02,3.08473
0.092777778,3.34E+02,3.08461
0.093055556,3.35E+02,3.08446
0.093333333,3.36E+02,3.08423
0.093611111,3.37E+02,3.08441
0.093888889,3.38E+02,3.08406
0.094166667,3.39E+02,3.08466
0.094444444,3.40E+02,3.08365
0.094722222,3.41E+02,3.08418
0.095,3.42E+02,3.0841
0.095277778,3.43E+02,3.08389
0.095555556,3.44E+02,3.08419
0.095833333,3.45E+02,3.08382
0.096111111,3.46E+02,3.08441
0.096388889,3.47E+02,3.08381
0.096666667,3.48E+02,3.08396
0.096944444,3.49E+02,3.08365
0.097222222,3.50E+02,3.08347
0.0975,3.51E+02,3.08372
0.097777778,3.52E+02,3.08339
0.098055556,3.53E+02,3.08379
0.098333333,3.54E+02,3.08318
0.098611111,3.55E+02,3.08327
0.098888889,3.56E+02,3.08331
0.099166667,3.57E+02,3.08305
0.099444444,3.58E+02,3.08313
0.099722222,3.59E+02,3.08283
0.1,3.60E+02,3.08305
0.100277778,3.61E+02,3.08249
0.100555556,3.62E+02,3.08324
0.100833333,3.63E+02,3.0823
0.101111111,3.64E+02,3.0826
0.101388889,3.65E+02,3.08274
0.101666667,3.66E+02,3.08255
0.101944444,3.67E+02,3.08309
0.102222222,3.68E+02,3.08234
0.1025,3.69E+02,3.08258
0.102777778,3.70E+02,3.08278
0.103055556,3.71E+02,3.08277
0.103333333,3.72E+02,3.08252
0.103611111,3.73E+02,3.08265
0.103888889,3.74E+02,3.0827
0.104166667,3.75E+02,3.08267
0.104444444,3.76E+02,3.08294
0.104722222,3.77E+02,3.08248
0.105,3.78E+02,3.08319
0.105277778,3.79E+02,3.08239
0.105555556,3.80E+02,3.08243
0.105833333,3.81E+02,3.08212
0.106111111,3.82E+02,3.08266
0.106388889,3.83E+02,3.08227
0.106666667,3.84E+02,3.08227
0.106944444,3.85E+02,3.08226
0.107222222,3.86E+02,3.08201
0.1075,3.87E+02,3.08283
0.107777778,3.88E+02,3.08208
0.108055556,3.89E+02,3.08184
0.108333333,3.90E+02,3.08215
0.108611111,3.91E+02,3.08167
0.108888889,3.92E+02,3.0816
0.109166667,3.93E+02,3.0813
0.109444444,3.94E+02,3.08149
0.109722222,3.95E+02,3.08103
0.11,3.96E+02,3.08153
0.110277778,3.97E+02,3.08087
0.110555556,3.98E+02,3.08087
0.110833333,3.99E+02,3.0812
0.111111111,4.00E+02,3.08078
0.111388889,4.01E+02,3.08141
0.111666667,4.02E+02,3.08077
0.111944444,4.03E+02,3.08068
0.112222222,4.04E+02,3.08083
0.1125,4.05E+02,3.08076
0.112777778,4.06E+02,3.08141
0.113055556,4.07E+02,3.08101
0.113333333,4.08E+02,3.08109
0.113611111,4.09E+02,3.08134
0.113888889,4.10E+02,3.08118
0.114166667,4.11E+02,3.08126
0.114444444,4.12E+02,3.08113
0.114722222,4.13E+02,3.08116
0.115,4.14E+02,3.08123
0.115277778,4.15E+02,3.08087
0.115555556,4.16E+02,3.08118
0.115833333,4.17E+02,3.08046
0.116111111,4.18E+02,3.08074
0.116388889,4.19E+02,3.08071
0.116666667,4.20E+02,3.08058
0.116944444,4.21E+02,3.08149
0.117222222,4.22E+02,3.08048
0.1175,4.23E+02,3.08089
0.117777778,4.24E+02,3.08063
0.118055556,4.25E+02,3.08038
0.118333333,4.26E+02,3.0804
0.118611111,4.27E+02,3.08104
0.118888889,4.28E+02,3.08144
0.119166667,4.29E+02,3.081
0.119444444,4.30E+02,3.08152
0.119722222,4.31E+02,3.08126
0.12,4.32E+02,3.08095
0.120277778,4.33E+02,3.08095
0.120555556,4.34E+02,3.08099
0.120833333,4.35E+02,3.08121
0.121111111,4.36E+02,3.08047
0.121388889,4.37E+02,3.08049
0.121666667,4.38E+02,3.08084
0.121944444,4.39E+02,3.08035
0.122222222,4.40E+02,3.0808
0.1225,4.41E+02,3.08074
0.122777778,4.42E+02,3.08065
0.123055556,4.43E+02,3.08057
0.123333333,4.44E+02,3.08037
0.123611111,4.45E+02,3.0809
0.123888889,4.46E+02,3.08041
0.124166667,4.47E+02,3.08074
0.124444444,4.48E+02,3.08036
0.124722222,4.49E+02,3.08028
0.125,4.50E+02,3.08032
0.125277778,4.51E+02,3.08016
0.125555556,4.52E+02,3.08029
0.125833333,4.53E+02,3.07999
0.126111111,4.54E+02,3.07983
0.126388889,4.55E+02,3.0805
0.126666667,4.56E+02,3.07955
0.126944444,4.57E+02,3.08
0.127222222,4.58E+02,3.07978
0.1275,4.59E+02,3.07961
0.127777778,4.60E+02,3.08004
0.128055556,4.61E+02,3.07944
0.128333333,4.62E+02,3.08007
0.128611111,4.63E+02,3.08056
0.128888889,4.64E+02,3.08024
0.129166667,4.65E+02,3.08109
0.129444444,4.66E+02,3.08053
0.129722222,4.67E+02,3.08061
0.13,4.68E+02,3.08067
0.130277778,4.69E+02,3.08055
0.130555556,4.70E+02,3.08033
0.130833333,4.71E+02,3.08012
0.131111111,4.72E+02,3.07983
0.131388889,4.73E+02,3.08069
0.131666667,4.74E+02,3.08012
0.131944444,4.75E+02,3.07971
0.132222222,4.76E+02,3.08003
0.1325,4.77E+02,3.07999
0.132777778,4.78E+02,3.0797
0.133055556,4.79E+02,3.08006
0.133333333,4.80E+02,3.07965
0.133611111,4.81E+02,3.07961
0.133888889,4.82E+02,3.0797
0.134166667,4.83E+02,3.07899
0.134444444,4.84E+02,3.07936
0.134722222,4.85E+02,3.07918
0.135,4.86E+02,3.07886
0.135277778,4.87E+02,3.07968
0.135555556,4.88E+02,3.07904
0.135833333,4.89E+02,3.07879
0.136111111,4.90E+02,3.07928
0.136388889,4.91E+02,3.07922
0.136666667,4.92E+02,3.07924
0.136944444,4.93E+02,3.07929
0.137222222,4.94E+02,3.07885
0.1375,4.95E+02,3.07888
0.137777778,4.96E+02,3.0788
0.138055556,4.97E+02,3.07826
0.138333333,4.98E+02,3.07882
0.138611111,4.99E+02,3.07858
0.138888889,5.00E+02,3.07837
0.139166667,5.01E+02,3.07922
0.139444444,5.02E+02,3.0786
0.139722222,5.03E+02,3.07843
0.14,5.04E+02,3.07903
0.140277778,5.05E+02,3.07823
0.140555556,5.06E+02,3.07837
0.140833333,5.07E+02,3.07866
0.141111111,5.08E+02,3.07798
0.141388889,5.09E+02,3.07817
0.141666667,5.10E+02,3.07817
0.141944444,5.11E+02,3.07786
0.142222222,5.12E+02,3.07814
0.1425,5.13E+02,3.07775
0.142777778,5.14E+02,3.07773
0.143055556,5.15E+02,3.0785
0.143333333,5.16E+02,3.07757
0.143611111,5.17E+02,3.07723
0.143888889,5.18E+02,3.0778
0.144166667,5.19E+02,3.07723
0.144444444,5.20E+02,3.0773
0.144722222,5.21E+02,3.0779
0.145,5.22E+02,3.07726
0.145277778,5.23E+02,3.07737
0.145555556,5.24E+02,3.07751
0.145833333,5.25E+02,3.07756
0.146111111,5.26E+02,3.07737
0.146388889,5.27E+02,3.07764
0.146666667,5.28E+02,3.07724
0.146944444,5.29E+02,3.07735
0.147222222,5.30E+02,3.07749
0.1475,5.31E+02,3.07715
0.147777778,5.32E+02,3.07696
0.148055556,5.33E+02,3.07743
0.148333333,5.34E+02,3.07697
0.148611111,5.35E+02,3.07684
0.148888889,5.36E+02,3.07704
0.149166667,5.37E+02,3.07684
0.149444444,5.38E+02,3.07651
0.149722222,5.39E+02,3.07761
0.15,5.40E+02,3.07705
0.150277778,5.41E+02,3.07694
0.150555556,5.42E+02,3.07769
0.150833333,5.43E+02,3.07725
0.151111111,5.44E+02,3.07689
0.151388889,5.45E+02,3.07773
0.151666667,5.46E+02,3.07703
0.151944444,5.47E+02,3.07697
0.152222222,5.48E+02,3.0775
0.1525,5.49E+02,3.0768
0.152777778,5.50E+02,3.0769
0.153055556,5.51E+02,3.07681
0.153333333,5.52E+02,3.07645
0.153611111,5.53E+02,3.07697
0.153888889,5.54E+02,3.07653
0.154166667,5.55E+02,3.07634
0.154444444,5.56E+02,3.07708
0.154722222,5.57E+02,3.07663
0.155,5.58E+02,3.07659
0.155277778,5.59E+02,3.07694
0.155555556,5.60E+02,3.07649
0.155833333,5.61E+02,3.07656
0.156111111,5.62E+02,3.07674
0.156388889,5.63E+02,3.07647
0.156666667,5.64E+02,3.07705
0.156944444,5.65E+02,3.07683
0.157222222,5.66E+02,3.0766
0.1575,5.67E+02,3.07694
0.157777778,5.68E+02,3.07641
0.158055556,5.69E+02,3.07666
0.158333333,5.70E+02,3.07668
0.158611111,5.71E+02,3.07643
0.158888889,5.72E+02,3.07703
0.159166667,5.73E+02,3.07639
0.159444444,5.74E+02,3.07637
0.159722222,5.75E+02,3.07698
0.16,5.76E+02,3.07626
0.160277778,5.77E+02,3.07641
0.160555556,5.78E+02,3.07645
0.160833333,5.79E+02,3.07613
0.161111111,5.80E+02,3.07673
0.161388889,5.81E+02,3.07649
0.161666667,5.82E+02,3.07649
0.161944444,5.83E+02,3.07669
0.162222222,5.84E+02,3.07635
0.1625,5.85E+02,3.07695
0.162777778,5.86E+02,3.07658
0.163055556,5.87E+02,3.07642
0.163333333,5.88E+02,3.0766
0.163611111,5.89E+02,3.07689
0.163888889,5.90E+02,3.07647
0.164166667,5.91E+02,3.07676
0.164444444,5.92E+02,3.07643
0.164722222,5.93E+02,3.07679
0.165,5.94E+02,3.07624
0.165277778,5.95E+02,3.07621
0.165555556,5.96E+02,3.07627
0.165833333,5.97E+02,3.07639
0.166111111,5.98E+02,3.07611
0.166388889,5.99E+02,3.07598
0.166666667,6.00E+02,3.07603
0.166944444,6.01E+02,3.0763
0.167222222,6.02E+02,3.07558
0.1675,6.03E+02,3.0764
0.167777778,6.04E+02,3.07544
0.168055556,6.05E+02,3.07553
0.168333333,6.06E+02,3.07585
0.168611111,6.07E+02,3.07587
0.168888889,6.08E+02,3.07624
0.169166667,6.09E+02,3.07603
0.169444444,6.10E+02,3.07583
0.169722222,6.11E+02,3.07628
0.17,6.12E+02,3.07568
0.170277778,6.13E+02,3.07634
0.170555556,6.14E+02,3.07577
0.170833333,6.15E+02,3.07584
0.171111111,6.16E+02,3.07573
0.171388889,6.17E+02,3.07568
0.171666667,6.18E+02,3.07566
0.171944444,6.19E+02,3.07545
0.172222222,6.20E+02,3.07597
0.1725,6.21E+02,3.07545
0.172777778,6.22E+02,3.07555
0.173055556,6.23E+02,3.07565
0.173333333,6.24E+02,3.0751
0.173611111,6.25E+02,3.07625
0.173888889,6.26E+02,3.07513
0.174166667,6.27E+02,3.07543
0.174444444,6.28E+02,3.07544
0.174722222,6.29E+02,3.07519
0.175,6.30E+02,3.07558
0.175277778,6.31E+02,3.07525
0.175555556,6.32E+02,3.07564
0.175833333,6.33E+02,3.07537
0.176111111,6.34E+02,3.07565
0.176388889,6.35E+02,3.07528
0.176666667,6.36E+02,3.07503
0.176944444,6.37E+02,3.07516
0.177222222,6.38E+02,3.07485
0.1775,6.39E+02,3.0756
0.177777778,6.40E+02,3.07477
0.178055556,6.41E+02,3.07528
0.178333333,6.42E+02,3.07533
0.178611111,6.43E+02,3.07499
0.178888889,6.44E+02,3.07503
0.179166667,6.45E+02,3.0749
0.179444444,6.46E+02,3.07514
0.179722222,6.47E+02,3.07502
0.18,6.48E+02,3.07569
0.180277778,6.49E+02,3.07483
0.180555556,6.50E+02,3.07536
0.180833333,6.51E+02,3.07513
0.181111111,6.52E+02,3.07474
0.181388889,6.53E+02,3.07542
0.181666667,6.54E+02,3.07444
0.181944444,6.55E+02,3.07509
0.182222222,6.56E+02,3.07481
0.1825,6.57E+02,3.07463
0.182777778,6.58E+02,3.07458
0.183055556,6.59E+02,3.0744
0.183333333,6.60E+02,3.07482
0.183611111,6.61E+02,3.07446
0.183888889,6.62E+02,3.07525
0.184166667,6.63E+02,3.07473
0.184444444,6.64E+02,3.07443
0.184722222,6.65E+02,3.07496
0.185,6.66E+02,3.07456
0.185277778,6.67E+02,3.07471
0.185555556,6.68E+02,3.07434
0.185833333,6.69E+02,3.07424
0.186111111,6.70E+02,3.07459
0.186388889,6.71E+02,3.07427
0.186666667,6.72E+02,3.07496
0.186944444,6.73E+02,3.07462
0.187222222,6.74E+02,3.07433
0.1875,6.75E+02,3.0742
0.187777778,6.76E+02,3.07424
0.188055556,6.77E+02,3.07443
0.188333333,6.78E+02,3.07409
0.188611111,6.79E+02,3.07467
0.188888889,6.80E+02,3.07425
0.189166667,6.81E+02,3.0743
0.189444444,6.82E+02,3.07429
0.189722222,6.83E+02,3.07432
0.19,6.84E+02,3.07534
0.190277778,6.85E+02,3.07462
0.190555556,6.86E+02,3.0745
0.190833333,6.87E+02,3.07477
0.191111111,6.88E+02,3.07443
0.191388889,6.89E+02,3.07465
0.191666667,6.90E+02,3.07477
0.191944444,6.91E+02,3.07458
0.192222222,6.92E+02,3.07466
0.1925,6.93E+02,3.0747
0.192777778,6.94E+02,3.07467
0.193055556,6.95E+02,3.07423
0.193333333,6.96E+02,3.07481
0.193611111,6.97E+02,3.07431
0.193888889,6.98E+02,3.07533
0.194166667,6.99E+02,3.07452
0.194444444,7.00E+02,3.07437
0.194722222,7.01E+02,3.07481
0.195,7.02E+02,3.07445
0.195277778,7.03E+02,3.07479
0.195555556,7.04E+02,3.07527
0.195833333,7.05E+02,3.07485
0.196111111,7.06E+02,3.07504
0.196388889,7.07E+02,3.0749
0.196666667,7.08E+02,3.07531
0.196944444,7.09E+02,3.07501
0.197222222,7.10E+02,3.07581
0.1975,7.11E+02,3.07505
0.197777778,7.12E+02,3.07483
0.198055556,7.13E+02,3.07565
0.198333333,7.14E+02,3.07559
0.198611111,7.15E+02,3.07593
0.198888889,7.16E+02,3.0755
0.199166667,7.17E+02,3.07533
0.199444444,7.18E+02,3.07566
0.199722222,7.19E+02,3.0752
0.2,7.20E+02,3.07617
0.200277778,7.21E+02,3.07561
0.200555556,7.22E+02,3.07535
0.200833333,7.23E+02,3.07569
0.201111111,7.24E+02,3.07552
0.201388889,7.25E+02,3.076
0.201666667,7.26E+02,3.07582
0.201944444,7.27E+02,3.07616
0.202222222,7.28E+02,3.07578
0.2025,7.29E+02,3.0757
0.202777778,7.30E+02,3.07621
0.203055556,7.31E+02,3.07618
0.203333333,7.32E+02,3.07647
0.203611111,7.33E+02,3.07612
0.203888889,7.34E+02,3.07587
0.204166667,7.35E+02,3.07628
0.204444444,7.36E+02,3.07562
0.204722222,7.37E+02,3.07584
0.205,7.38E+02,3.07596
0.205277778,7.39E+02,3.07541
0.205555556,7.40E+02,3.07623
0.205833333,7.41E+02,3.07611
0.206111111,7.42E+02,3.07618
0.206388889,7.43E+02,3.07637
0.206666667,7.44E+02,3.07605
0.206944444,7.45E+02,3.07635
0.207222222,7.46E+02,3.07662
0.2075,7.47E+02,3.07637
0.207777778,7.48E+02,3.0766
0.208055556,7.49E+02,3.07635
0.208333333,7.50E+02,3.0768
0.208611111,7.51E+02,3.07612
0.208888889,7.52E+02,3.07676
0.209166667,7.53E+02,3.07625
0.209444444,7.54E+02,3.07614
0.209722222,7.55E+02,3.07675
0.21,7.56E+02,3.07641
0.210277778,7.57E+02,3.07646
0.210555556,7.58E+02,3.07668
0.210833333,7.59E+02,3.07619
0.211111111,7.60E+02,3.07705
0.211388889,7.61E+02,3.07621
0.211666667,7.62E+02,3.07617
0.211944444,7.63E+02,3.07626
0.212222222,7.64E+02,3.07628
0.2125,7.65E+02,3.07668
0.212777778,7.66E+02,3.07681
0.213055556,7.67E+02,3.07641
0.213333333,7.68E+02,3.07678
0.213611111,7.69E+02,3.07638
0.213888889,7.70E+02,3.07727
0.214166667,7.71E+02,3.07653
0.214444444,7.72E+02,3.07611
0.214722222,7.73E+02,3.07616
0.215,7.74E+02,3.07616
0.215277778,7.75E+02,3.07702
0.215555556,7.76E+02,3.0768
0.215833333,7.77E+02,3.07701
0.216111111,7.78E+02,3.07677
0.216388889,7.79E+02,3.07613
0.216666667,7.80E+02,3.07705
0.216944444,7.81E+02,3.07599
0.217222222,7.82E+02,3.07627
0.2175,7.83E+02,3.07628
0.217777778,7.84E+02,3.07578
0.218055556,7.85E+02,3.07651
0.218333333,7.86E+02,3.07588
0.218611111,7.87E+02,3.07577
0.218888889,7.88E+02,3.07617
0.219166667,7.89E+02,3.07552
0.219444444,7.90E+02,3.07591
0.219722222,7.91E+02,3.07561
0.22,7.92E+02,3.07562
0.220277778,7.93E+02,3.07566
0.220555556,7.94E+02,3.07546
0.220833333,7.95E+02,3.07578
0.221111111,7.96E+02,3.07581
0.221388889,7.97E+02,3.07585
0.221666667,7.98E+02,3.07605
0.221944444,7.99E+02,3.07578
0.222222222,8.00E+02,3.07566
0.2225,8.01E+02,3.0756
0.222777778,8.02E+02,3.07544
0.223055556,8.03E+02,3.0756
0.223333333,8.04E+02,3.07561
0.223611111,8.05E+02,3.07545
0.223888889,8.06E+02,3.07562
0.224166667,8.07E+02,3.07511
0.224444444,8.08E+02,3.07579
0.224722222,8.09E+02,3.07509
0.225,8.10E+02,3.07505
0.225277778,8.11E+02,3.07528
0.225555556,8.12E+02,3.07524
0.225833333,8.13E+02,3.07566
0.226111111,8.14E+02,3.07542
0.226388889,8.15E+02,3.07493
0.226666667,8.16E+02,3.0757
0.226944444,8.17E+02,3.07491
0.227222222,8.18E+02,3.07466
0.2275,8.19E+02,3.07521
0.227777778,8.20E+02,3.0747
0.228055556,8.21E+02,3.07507
0.228333333,8.22E+02,3.07502
0.228611111,8.23E+02,3.07468
0.228888889,8.24E+02,3.07554
0.229166667,8.25E+02,3.07467
0.229444444,8.26E+02,3.07414
0.229722222,8.27E+02,3.07506
0.23,8.28E+02,3.07444
0.230277778,8.29E+02,3.07438
0.230555556,8.30E+02,3.0747
0.230833333,8.31E+02,3.07399
0.231111111,8.32E+02,3.0746
0.231388889,8.33E+02,3.07443
0.231666667,8.34E+02,3.07425
0.231944444,8.35E+02,3.07489
0.232222222,8.36E+02,3.07454
0.2325,8.37E+02,3.07429
0.232777778,8.38E+02,3.07446
0.233055556,8.39E+02,3.07415
0.233333333,8.40E+02,3.07448
0.233611111,8.41E+02,3.07456
0.233888889,8.42E+02,3.07445
0.234166667,8.43E+02,3.07461
0.234444444,8.44E+02,3.07417
0.234722222,8.45E+02,3.07428
0.235,8.46E+02,3.07421
0.235277778,8.47E+02,3.07398
0.235555556,8.48E+02,3.07446
0.235833333,8.49E+02,3.0739
0.236111111,8.50E+02,3.07376
0.236388889,8.51E+02,3.07409
0.236666667,8.52E+02,3.07394
0.236944444,8.53E+02,3.07382
0.237222222,8.54E+02,3.07418
0.2375,8.55E+02,3.07393
0.237777778,8.56E+02,3.07397
0.238055556,8.57E+02,3.07414
0.238333333,8.58E+02,3.07416
0.238611111,8.59E+02,3.07405
0.238888889,8.60E+02,3.07441
0.239166667,8.61E+02,3.07387
0.239444444,8.62E+02,3.07371
0.239722222,8.63E+02,3.07376
0.24,8.64E+02,3.07358
0.240277778,8.65E+02,3.07377
0.240555556,8.66E+02,3.07365
0.240833333,8.67E+02,3.07317
0.241111111,8.68E+02,3.07413
0.241388889,8.69E+02,3.07364
0.241666667,8.70E+02,3.07349
0.241944444,8.71E+02,3.07415
0.242222222,8.72E+02,3.07399
0.2425,8.73E+02,3.07373
0.242777778,8.74E+02,3.07416
0.243055556,8.75E+02,3.07336
0.243333333,8.76E+02,3.07334
0.243611111,8.77E+02,3.07346
0.243888889,8.78E+02,3.07321
0.244166667,8.79E+02,3.07349
0.244444444,8.80E+02,3.0732
0.244722222,8.81E+02,3.07299
0.245,8.82E+02,3.07333
0.245277778,8.83E+02,3.07326
0.245555556,8.84E+02,3.07277
0.245833333,8.85E+02,3.07343
0.246111111,8.86E+02,3.07308
0.246388889,8.87E+02,3.07323
0.246666667,8.88E+02,3.07319
0.246944444,8.89E+02,3.07283
0.247222222,8.90E+02,3.0731
0.2475,8.91E+02,3.07285
0.247777778,8.92E+02,3.07304
0.248055556,8.93E+02,3.0727
0.248333333,8.94E+02,3.0727
0.248611111,8.95E+02,3.07286
0.248888889,8.96E+02,3.07266
0.249166667,8.97E+02,3.07345
0.249444444,8.98E+02,3.07239
0.249722222,8.99E+02,3.07298
0.25,9.00E+02,3.07273
0.250277778,9.01E+02,3.07204
0.250555556,9.02E+02,3.07272
0.250833333,9.03E+02,3.07225
0.251111111,9.04E+02,3.07246
0.251388889,9.05E+02,3.07279
0.251666667,9.06E+02,3.07269
0.251944444,9.07E+02,3.07276
0.252222222,9.08E+02,3.07241
0.2525,9.09E+02,3.07247
0.252777778,9.10E+02,3.07234
0.253055556,9.11E+02,3.07221
0.253333333,9.12E+02,3.0728
0.253611111,9.13E+02,3.07228
0.253888889,9.14E+02,3.07251
0.254166667,9.15E+02,3.07216
0.254444444,9.16E+02,3.07201
0.254722222,9.17E+02,3.07254
0.255,9.18E+02,3.07194
0.255277778,9.19E+02,3.07185
0.255555556,9.20E+02,3.07186
0.255833333,9.21E+02,3.07145
0.256111111,9.22E+02,3.07199
0.256388889,9.23E+02,3.07141
0.256666667,9.24E+02,3.07142
0.256944444,9.25E+02,3.07158
0.257222222,9.26E+02,3.07121
0.2575,9.27E+02,3.07164
0.257777778,9.28E+02,3.07124
0.258055556,9.29E+02,3.07135
0.258333333,9.30E+02,3.07136
0.258611111,9.31E+02,3.0714
0.258888889,9.32E+02,3.07163
0.259166667,9.33E+02,3.07181
0.259444444,9.34E+02,3.07158
0.259722222,9.35E+02,3.07164
0.26,9.36E+02,3.0716
0.260277778,9.37E+02,3.07175
0.260555556,9.38E+02,3.07205
0.260833333,9.39E+02,3.07219
0.261111111,9.40E+02,3.07223
0.261388889,9.41E+02,3.07217
0.261666667,9.42E+02,3.07297
0.261944444,9.43E+02,3.07216
0.262222222,9.44E+02,3.07179
0.2625,9.45E+02,3.07217
0.262777778,9.46E+02,3.07176
0.263055556,9.47E+02,3.0727
0.263333333,9.48E+02,3.07191
0.263611111,9.49E+02,3.07161
0.263888889,9.50E+02,3.07258
0.264166667,9.51E+02,3.0718
0.264444444,9.52E+02,3.07213
0.264722222,9.53E+02,3.07263
0.265,9.54E+02,3.07224
0.265277778,9.55E+02,3.0727
0.265555556,9.56E+02,3.07258
0.265833333,9.57E+02,3.07233
0.266111111,9.58E+02,3.07235
0.266388889,9.59E+02,3.07227
0.266666667,9.60E+02,3.07239
0.266944444,9.61E+02,3.07241
0.267222222,9.62E+02,3.07192
0.2675,9.63E+02,3.07176
0.267777778,9.64E+02,3.07113
0.268055556,9.65E+02,3.07107
0.268333333,9.66E+02,3.07132
0.268611111,9.67E+02,3.07101
0.268888889,9.68E+02,3.0715
0.269166667,9.69E+02,3.07153
0.269444444,9.70E+02,3.07176
0.269722222,9.71E+02,3.07206
0.27,9.72E+02,3.07131
0.270277778,9.73E+02,3.07165
0.270555556,9.74E+02,3.07126
0.270833333,9.75E+02,3.07109
0.271111111,9.76E+02,3.07132
0.271388889,9.77E+02,3.07115
0.271666667,9.78E+02,3.07074
0.271944444,9.79E+02,3.07116
0.272222222,9.80E+02,3.07164
0.2725,9.81E+02,3.07238
0.272777778,9.82E+02,3.07122
0.273055556,9.83E+02,3.0717
0.273333333,9.84E+02,3.07192
0.273611111,9.85E+02,3.07168
0.273888889,9.86E+02,3.07242
0.274166667,9.87E+02,3.07177
0.274444444,9.88E+02,3.07145
0.274722222,9.89E+02,3.07222
0.275,9.90E+02,3.07103
0.275277778,9.91E+02,3.07143
0.275555556,9.92E+02,3.07161
0.275833333,9.93E+02,3.07127
0.276111111,9.94E+02,3.07177
0.276388889,9.95E+02,3.07138
0.276666667,9.96E+02,3.07126
0.276944444,9.97E+02,3.07162
0.277222222,9.98E+02,3.07111
0.2775,9.99E+02,3.07141
0.277777778,1.00E+03,3.07119
0.278055556,1.00E+03,3.07113
0.278333333,1.00E+03,3.07138
0.278611111,1.00E+03,3.07123
0.278888889,1.00E+03,3.07077
0.279166667,1.01E+03,3.07121
0.279444444,1.01E+03,3.07067
0.279722222,1.01E+03,3.07086
0.28,1.01E+03,3.07068
0.280277778,1.01E+03,3.07037
0.280555556,1.01E+03,3.07073
0.280833333,1.01E+03,3.07028
0.281111111,1.01E+03,3.07025
0.281388889,1.01E+03,3.07056
0.281666667,1.01E+03,3.07023
0.281944444,1.02E+03,3.07056
0.282222222,1.02E+03,3.07
0.2825,1.02E+03,3.07006
0.282777778,1.02E+03,3.07035
0.283055556,1.02E+03,3.07006
0.283333333,1.02E+03,3.07004
0.283611111,1.02E+03,3.07087
0.283888889,1.02E+03,3.07129
0.284166667,1.02E+03,3.07139
0.284444444,1.02E+03,3.07101
0.284722222,1.03E+03,3.07077
0.285,1.03E+03,3.07103
0.285277778,1.03E+03,3.07086
0.285555556,1.03E+03,3.07125
0.285833333,1.03E+03,3.07081
0.286111111,1.03E+03,3.07067
0.286388889,1.03E+03,3.07095
0.286666667,1.03E+03,3.07048
0.286944444,1.03E+03,3.07089
0.287222222,1.03E+03,3.07085
0.2875,1.04E+03,3.0709
0.287777778,1.04E+03,3.07171
0.288055556,1.04E+03,3.07089
0.288333333,1.04E+03,3.07069
0.288611111,1.04E+03,3.07125
0.288888889,1.04E+03,3.07058
0.289166667,1.04E+03,3.07068
0.289444444,1.04E+03,3.07127
0.289722222,1.04E+03,3.07097
0.29,1.04E+03,3.07094
0.290277778,1.05E+03,3.07111
0.290555556,1.05E+03,3.07089
0.290833333,1.05E+03,3.07098
0.291111111,1.05E+03,3.07056
0.291388889,1.05E+03,3.07032
0.291666667,1.05E+03,3.07102
0.291944444,1.05E+03,3.0702
0.292222222,1.05E+03,3.07034
0.2925,1.05E+03,3.07049
0.292777778,1.05E+03,3.06991
0.293055556,1.06E+03,3.07041
0.293333333,1.06E+03,3.07035
0.293611111,1.06E+03,3.0701
0.293888889,1.06E+03,3.07227
0.294166667,1.06E+03,3.07148
0.294444444,1.06E+03,3.07142
0.294722222,1.06E+03,3.07185
0.295,1.06E+03,3.0712
0.295277778,1.06E+03,3.07181
0.295555556,1.06E+03,3.07169
0.295833333,1.07E+03,3.0714
0.296111111,1.07E+03,3.07155
0.296388889,1.07E+03,3.07131
0.296666667,1.07E+03,3.07171
0.296944444,1.07E+03,3.07143
0.297222222,1.07E+03,3.07137
0.2975,1.07E+03,3.07187
0.297777778,1.07E+03,3.07178
0.298055556,1.07E+03,3.0715
0.298333333,1.07E+03,3.0717
0.298611111,1.08E+03,3.07144
0.298888889,1.08E+03,3.07161
0.299166667,1.08E+03,3.07168
0.299444444,1.08E+03,3.07158
0.299722222,1.08E+03,3.07179
0.3,1.08E+03,3.07147
0.300277778,1.08E+03,3.07169
0.300555556,1.08E+03,3.07143
0.300833333,1.08E+03,3.07126
0.301111111,1.08E+03,3.07124
0.301388889,1.09E+03,3.07124
0.301666667,1.09E+03,3.07093
0.301944444,1.09E+03,3.07115
0.302222222,1.09E+03,3.07098
0.3025,1.09E+03,3.07115
0.302777778,1.09E+03,3.07095
0.303055556,1.09E+03,3.07099
0.303333333,1.09E+03,3.07194
0.303611111,1.09E+03,3.0712
0.303888889,1.09E+03,3.07107
0.304166667,1.10E+03,3.07125
0.304444444,1.10E+03,3.07111
0.304722222,1.10E+03,3.07164
0.305,1.10E+03,3.07132
0.305277778,1.10E+03,3.07123
0.305555556,1.10E+03,3.07148
0.305833333,1.10E+03,3.07076
0.306111111,1.10E+03,3.07103
0.306388889,1.10E+03,3.07126
0.306666667,1.10E+03,3.07064
0.306944444,1.11E+03,3.07117
0.307222222,1.11E+03,3.07086
0.3075,1.11E+03,3.07072
0.307777778,1.11E+03,3.07134
0.308055556,1.11E+03,3.07087
0.308333333,1.11E+03,3.07115
0.308611111,1.11E+03,3.07112
0.308888889,1.11E+03,3.07081
0.309166667,1.11E+03,3.07089
0.309444444,1.11E+03,3.07086
0.309722222,1.12E+03,3.07073
0.31,1.12E+03,3.07088
0.310277778,1.12E+03,3.07062
0.310555556,1.12E+03,3.07136
0.310833333,1.12E+03,3.07105
0.311111111,1.12E+03,3.07091
0.311388889,1.12E+03,3.07097
0.311666667,1.12E+03,3.071
0.311944444,1.12E+03,3.0706
0.312222222,1.12E+03,3.07075
0.3125,1.13E+03,3.07073
0.312777778,1.13E+03,3.07082
0.313055556,1.13E+03,3.07075
0.313333333,1.13E+03,3.07042
0.313611111,1.13E+03,3.07063
0.313888889,1.13E+03,3.07061
0.314166667,1.13E+03,3.07052
0.314444444,1.13E+03,3.07117
0.314722222,1.13E+03,3.07052
0.315,1.13E+03,3.06999
0.315277778,1.14E+03,3.07029
0.315555556,1.14E+03,3.07017
0.315833333,1.14E+03,3.06983
0.316111111,1.14E+03,3.06979
0.316388889,1.14E+03,3.06954
0.316666667,1.14E+03,3.06997
0.316944444,1.14E+03,3.06892
0.317222222,1.14E+03,3.06917
0.3175,1.14E+03,3.06905
0.317777778,1.14E+03,3.06888
0.318055556,1.15E+03,3.06902
0.318333333,1.15E+03,3.0691
0.318611111,1.15E+03,3.06867
0.318888889,1.15E+03,3.06854
0.319166667,1.15E+03,3.06819
0.319444444,1.15E+03,3.06931
0.319722222,1.15E+03,3.06833
0.32,1.15E+03,3.06804
0.320277778,1.15E+03,3.06876
0.320555556,1.15E+03,3.06816
0.320833333,1.16E+03,3.06837
0.321111111,1.16E+03,3.06839
0.321388889,1.16E+03,3.06798
0.321666667,1.16E+03,3.06926
0.321944444,1.16E+03,3.06827
0.322222222,1.16E+03,3.06806
0.3225,1.16E+03,3.06876
0.322777778,1.16E+03,3.06799
0.323055556,1.16E+03,3.06818
0.323333333,1.16E+03,3.06842
0.323611111,1.17E+03,3.06787
0.323888889,1.17E+03,3.06804
0.324166667,1.17E+03,3.06781
0.324444444,1.17E+03,3.06822
0.324722222,1.17E+03,3.06747
0.325,1.17E+03,3.06761
0.325277778,1.17E+03,3.06742
0.325555556,1.17E+03,3.0674
0.325833333,1.17E+03,3.06746
0.326111111,1.17E+03,3.06715
0.326388889,1.18E+03,3.06739
0.326666667,1.18E+03,3.06734
0.326944444,1.18E+03,3.06704
0.327222222,1.18E+03,3.06822
0.3275,1.18E+03,3.06731
0.327777778,1.18E+03,3.06728
0.328055556,1.18E+03,3.0681
0.328333333,1.18E+03,3.06758
0.328611111,1.18E+03,3.06792
0.328888889,1.18E+03,3.06776
0.329166667,1.19E+03,3.06728
0.329444444,1.19E+03,3.06823
0.329722222,1.19E+03,3.06714
0.33,1.19E+03,3.06661
0.330277778,1.19E+03,3.0675
0.330555556,1.19E+03,3.06707
0.330833333,1.19E+03,3.0669
0.331111111,1.19E+03,3.06714
0.331388889,1.19E+03,3.06642
0.331666667,1.19E+03,3.06672
0.331944444,1.20E+03,3.06684
0.332222222,1.20E+03,3.06661
0.3325,1.20E+03,3.06737
0.332777778,1.20E+03,3.06683
0.333055556,1.20E+03,3.06656
0.333333333,1.20E+03,3.06723
0.333611111,1.20E+03,3.06648
0.333888889,1.20E+03,3.06711
0.334166667,1.20E+03,3.06664
0.334444444,1.20E+03,3.06632
0.334722222,1.21E+03,3.06655
0.335,1.21E+03,3.0664
0.335277778,1.21E+03,3.06646
0.335555556,1.21E+03,3.06687
0.335833333,1.21E+03,3.06743
0.336111111,1.21E+03,3.06728
0.336388889,1.21E+03,3.06716
0.336666667,1.21E+03,3.06835
0.336944444,1.21E+03,3.06784
0.337222222,1.21E+03,3.06871
0.3375,1.22E+03,3.06822
0.337777778,1.22E+03,3.06807
0.338055556,1.22E+03,3.06918
0.338333333,1.22E+03,3.06859
0.338611111,1.22E+03,3.06875
0.338888889,1.22E+03,3.06928
0.339166667,1.22E+03,3.06869
0.339444444,1.22E+03,3.06931
0.339722222,1.22E+03,3.06911
0.34,1.22E+03,3.06873
0.340277778,1.23E+03,3.06941
0.340555556,1.23E+03,3.06938
0.340833333,1.23E+03,3.06904
0.341111111,1.23E+03,3.0697
0.341388889,1.23E+03,3.0694
0.341666667,1.23E+03,3.06934
0.341944444,1.23E+03,3.06999
0.342222222,1.23E+03,3.06961
0.3425,1.23E+03,3.06974
0.342777778,1.23E+03,3.06997
0.343055556,1.24E+03,3.06962
0.343333333,1.24E+03,3.07018
0.343611111,1.24E+03,3.06998
0.343888889,1.24E+03,3.06952
0.344166667,1.24E+03,3.06988
0.344444444,1.24E+03,3.06992
0.344722222,1.24E+03,3.07026
0.345,1.24E+03,3.07043
0.345277778,1.24E+03,3.07049
0.345555556,1.24E+03,3.07076
0.345833333,1.25E+03,3.0707
0.346111111,1.25E+03,3.07057
0.346388889,1.25E+03,3.07079
0.346666667,1.25E+03,3.07066
0.346944444,1.25E+03,3.07066
0.347222222,1.25E+03,3.07097
0.3475,1.25E+03,3.07067
0.347777778,1.25E+03,3.07085
0.348055556,1.25E+03,3.07061
0.348333333,1.25E+03,3.07094
0.348611111,1.26E+03,3.07081
0.348888889,1.26E+03,3.07092
0.349166667,1.26E+03,3.07086
0.349444444,1.26E+03,3.07069
0.349722222,1.26E+03,3.07057
0.35,1.26E+03,3.07095
0.350277778,1.26E+03,3.07076
0.350555556,1.26E+03,3.07074
0.350833333,1.26E+03,3.07079
0.351111111,1.26E+03,3.07069
0.351388889,1.27E+03,3.07166
0.351666667,1.27E+03,3.07081
0.351944444,1.27E+03,3.07068
0.352222222,1.27E+03,3.07141
0.3525,1.27E+03,3.07074
0.352777778,1.27E+03,3.07138
0.353055556,1.27E+03,3.07108
0.353333333,1.27E+03,3.07097
0.353611111,1.27E+03,3.07135
0.353888889,1.27E+03,3.07122
0.354166667,1.28E+03,3.07161
0.354444444,1.28E+03,3.07172
0.354722222,1.28E+03,3.07177
0.355,1.28E+03,3.07152
0.355277778,1.28E+03,3.07147
0.355555556,1.28E+03,3.07253
0.355833333,1.28E+03,3.07198
0.356111111,1.28E+03,3.07274
0.356388889,1.28E+03,3.07194
0.356666667,1.28E+03,3.07179
0.356944444,1.29E+03,3.07199
0.357222222,1.29E+03,3.07159
0.3575,1.29E+03,3.07216
0.357777778,1.29E+03,3.07181
0.358055556,1.29E+03,3.07128
0.358333333,1.29E+03,3.07171
0.358611111,1.29E+03,3.07119
0.358888889,1.29E+03,3.07138
0.359166667,1.29E+03,3.07162
0.359444444,1.29E+03,3.07136
0.359722222,1.30E+03,3.07136
0.36,1.30E+03,3.0714
0.360277778,1.30E+03,3.07177
0.360555556,1.30E+03,3.07107
0.360833333,1.30E+03,3.07167
0.361111111,1.30E+03,3.07139
0.361388889,1.30E+03,3.07108
0.361666667,1.30E+03,3.07156
0.361944444,1.30E+03,3.07093
0.362222222,1.30E+03,3.07129
0.3625,1.31E+03,3.07104
0.362777778,1.31E+03,3.07105
0.363055556,1.31E+03,3.07192
0.363333333,1.31E+03,3.07107
0.363611111,1.31E+03,3.07161
0.363888889,1.31E+03,3.07138
0.364166667,1.31E+03,3.07114
0.364444444,1.31E+03,3.0711
0.364722222,1.31E+03,3.07101
0.365,1.31E+03,3.07126
0.365277778,1.32E+03,3.0709
0.365555556,1.32E+03,3.07129
0.365833333,1.32E+03,3.07108
0.366111111,1.32E+03,3.07091
0.366388889,1.32E+03,3.07152
0.366666667,1.32E+03,3.07079
0.366944444,1.32E+03,3.07167
0.367222222,1.32E+03,3.07119
0.3675,1.32E+03,3.07087
0.367777778,1.32E+03,3.07195
0.368055556,1.33E+03,3.07142
0.368333333,1.33E+03,3.07205
0.368611111,1.33E+03,3.07216
0.368888889,1.33E+03,3.07193
0.369166667,1.33E+03,3.07188
0.369444444,1.33E+03,3.07188
0.369722222,1.33E+03,3.07219
0.37,1.33E+03,3.07157
0.370277778,1.33E+03,3.07211
0.370555556,1.33E+03,3.07155
0.370833333,1.34E+03,3.07135
0.371111111,1.34E+03,3.07191
0.371388889,1.34E+03,3.07153
0.371666667,1.34E+03,3.07181
0.371944444,1.34E+03,3.0715
0.372222222,1.34E+03,3.07137
0.3725,1.34E+03,3.07182
0.372777778,1.34E+03,3.07118
0.373055556,1.34E+03,3.07183
0.373333333,1.34E+03,3.07133
0.373611111,1.35E+03,3.07141
0.373888889,1.35E+03,3.07169
0.374166667,1.35E+03,3.07164
0.374444444,1.35E+03,3.07207
0.374722222,1.35E+03,3.07176
0.375,1.35E+03,3.07239
0.375277778,1.35E+03,3.07174
0.375555556,1.35E+03,3.07146
0.375833333,1.35E+03,3.07203
0.376111111,1.35E+03,3.07142
0.376388889,1.36E+03,3.07193
0.376666667,1.36E+03,3.07172
0.376944444,1.36E+03,3.07174
0.377222222,1.36E+03,3.07261
0.3775,1.36E+03,3.07233
0.377777778,1.36E+03,3.07229
0.378055556,1.36E+03,3.07267
0.378333333,1.36E+03,3.07198
0.378611111,1.36E+03,3.07225
0.378888889,1.36E+03,3.07192
0.379166667,1.37E+03,3.07205
0.379444444,1.37E+03,3.07123
0.379722222,1.37E+03,3.07126
0.38,1.37E+03,3.07142
0.380277778,1.37E+03,3.0714
0.380555556,1.37E+03,3.07144
0.380833333,1.37E+03,3.07137
0.381111111,1.37E+03,3.0718
0.381388889,1.37E+03,3.07143
0.381666667,1.37E+03,3.07123
0.381944444,1.38E+03,3.07192
0.382222222,1.38E+03,3.07093
0.3825,1.38E+03,3.07126
0.382777778,1.38E+03,3.07138
0.383055556,1.38E+03,3.07106
0.383333333,1.38E+03,3.07171
0.383611111,1.38E+03,3.07125
0.383888889,1.38E+03,3.07112
0.384166667,1.38E+03,3.07176
0.384444444,1.38E+03,3.07091
0.384722222,1.39E+03,3.07128
0.385,1.39E+03,3.07155
0.385277778,1.39E+03,3.07116
0.385555556,1.39E+03,3.07145
0.385833333,1.39E+03,3.07127
0.386111111,1.39E+03,3.07102
0.386388889,1.39E+03,3.07119
0.386666667,1.39E+03,3.0706
0.386944444,1.39E+03,3.07091
0.387222222,1.39E+03,3.07084
0.3875,1.40E+03,3.07056
0.387777778,1.40E+03,3.07064
0.388055556,1.40E+03,3.07075
0.388333333,1.40E+03,3.07043
0.388611111,1.40E+03,3.07062
0.388888889,1.40E+03,3.07056
0.389166667,1.40E+03,3.07047
0.389444444,1.40E+03,3.07035
0.389722222,1.40E+03,3.07018
0.39,1.40E+03,3.07004
0.390277778,1.41E+03,3.07011
0.390555556,1.41E+03,3.0702
0.390833333,1.41E+03,3.07003
0.391111111,1.41E+03,3.07078
0.391388889,1.41E+03,3.07041
0.391666667,1.41E+03,3.06981
0.391944444,1.41E+03,3.07035
0.392222222,1.41E+03,3.06952
0.3925,1.41E+03,3.06988
0.392777778,1.41E+03,3.06991
0.393055556,1.42E+03,3.06952
0.393333333,1.42E+03,3.07026
0.393611111,1.42E+03,3.06964
0.393888889,1.42E+03,3.0699
0.394166667,1.42E+03,3.07023
0.394444444,1.42E+03,3.06983
0.394722222,1.42E+03,3.06985
0.395,1.42E+03,3.06967
0.395277778,1.42E+03,3.07015
0.395555556,1.42E+03,3.06978
0.395833333,1.43E+03,3.07015
0.396111111,1.43E+03,3.0702
0.396388889,1.43E+03,3.06967
0.396666667,1.43E+03,3.07017
0.396944444,1.43E+03,3.06986
0.397222222,1.43E+03,3.06944
0.3975,1.43E+03,3.06977
0.397777778,1.43E+03,3.06935
0.398055556,1.43E+03,3.06923
0.398333333,1.43E+03,3.06939
0.398611111,1.44E+03,3.0689
0.398888889,1.44E+03,3.06984
0.399166667,1.44E+03,3.06955
0.399444444,1.44E+03,3.06882
0.399722222,1.44E+03,3.06955
0.4,1.44E+03,3.06904
0.400277778,1.44E+03,3.06882
0.400555556,1.44E+03,3.06924
0.400833333,1.44E+03,3.06918
0.401111111,1.44E+03,3.06996
0.401388889,1.45E+03,3.0694
0.401666667,1.45E+03,3.06866
0.401944444,1.45E+03,3.06925
0.402222222,1.45E+03,3.06847
0.4025,1.45E+03,3.06876
0.402777778,1.45E+03,3.06957
0.403055556,1.45E+03,3.06898
0.403333333,1.45E+03,3.06879
0.403611111,1.45E+03,3.06871
0.403888889,1.45E+03,3.06897
0.404166667,1.46E+03,3.06899
0.404444444,1.46E+03,3.06913
0.404722222,1.46E+03,3.0693
0.405,1.46E+03,3.06927
0.405277778,1.46E+03,3.06916
0.405555556,1.46E+03,3.06917
0.405833333,1.46E+03,3.06917
0.406111111,1.46E+03,3.06966
0.406388889,1.46E+03,3.06932
0.406666667,1.46E+03,3.07035
0.406944444,1.47E+03,3.06962
0.407222222,1.47E+03,3.06907
0.4075,1.47E+03,3.07001
0.407777778,1.47E+03,3.06913
0.408055556,1.47E+03,3.06887
0.408333333,1.47E+03,3.06932
0.408611111,1.47E+03,3.06885
0.408888889,1.47E+03,3.06941
0.409166667,1.47E+03,3.06882
0.409444444,1.47E+03,3.06826
0.409722222,1.48E+03,3.06958
0.41,1.48E+03,3.06909
0.410277778,1.48E+03,3.06897
0.410555556,1.48E+03,3.06982
0.410833333,1.48E+03,3.06892
0.411111111,1.48E+03,3.06911
0.411388889,1.48E+03,3.06899
0.411666667,1.48E+03,3.06875
0.411944444,1.48E+03,3.06895
0.412222222,1.48E+03,3.06883
0.4125,1.49E+03,3.06844
0.412777778,1.49E+03,3.06891
0.413055556,1.49E+03,3.06828
0.413333333,1.49E+03,3.06849
0.413611111,1.49E+03,3.06793
0.413888889,1.49E+03,3.06807
0.414166667,1.49E+03,3.06781
0.414444444,1.49E+03,3.06769
0.414722222,1.49E+03,3.06801
0.415,1.49E+03,3.06773
0.415277778,1.50E+03,3.0684
0.415555556,1.50E+03,3.06821
0.415833333,1.50E+03,3.0677
0.416111111,1.50E+03,3.06828
0.416388889,1.50E+03,3.06704
0.416666667,1.50E+03,3.06754
0.416944444,1.50E+03,3.06776
0.417222222,1.50E+03,3.06724
0.4175,1.50E+03,3.06808
0.417777778,1.50E+03,3.06757
0.418055556,1.51E+03,3.06718
0.418333333,1.51E+03,3.06732
0.418611111,1.51E+03,3.06661
0.418888889,1.51E+03,3.06677
0.419166667,1.51E+03,3.06689
0.419444444,1.51E+03,3.06699
0.419722222,1.51E+03,3.06664
0.42,1.51E+03,3.06756
0.420277778,1.51E+03,3.06752
0.420555556,1.51E+03,3.06715
0.420833333,1.52E+03,3.06805
0.421111111,1.52E+03,3.06758
0.421388889,1.52E+03,3.06735
0.421666667,1.52E+03,3.0681
0.421944444,1.52E+03,3.06745
0.422222222,1.52E+03,3.0678
0.4225,1.52E+03,3.06766
0.422777778,1.52E+03,3.06737
0.423055556,1.52E+03,3.06793
0.423333333,1.52E+03,3.06748
0.423611111,1.53E+03,3.0679
0.423888889,1.53E+03,3.06736
0.424166667,1.53E+03,3.06731
0.424444444,1.53E+03,3.06729
0.424722222,1.53E+03,3.06715
0.425,1.53E+03,3.06751
0.425277778,1.53E+03,3.06709
0.425555556,1.53E+03,3.0678
0.425833333,1.53E+03,3.06714
0.426111111,1.53E+03,3.06692
0.426388889,1.54E+03,3.06731
0.426666667,1.54E+03,3.06691
0.426944444,1.54E+03,3.06824
0.427222222,1.54E+03,3.06714
0.4275,1.54E+03,3.06692
0.427777778,1.54E+03,3.06758
0.428055556,1.54E+03,3.06686
0.428333333,1.54E+03,3.06704
0.428611111,1.54E+03,3.06751
0.428888889,1.54E+03,3.06693
0.429166667,1.55E+03,3.06733
0.429444444,1.55E+03,3.06723
0.429722222,1.55E+03,3.06681
0.43,1.55E+03,3.06699
0.430277778,1.55E+03,3.0667
0.430555556,1.55E+03,3.06694
0.430833333,1.55E+03,3.06711
0.431111111,1.55E+03,3.06688
0.431388889,1.55E+03,3.06689
0.431666667,1.55E+03,3.06661
0.431944444,1.56E+03,3.06665
0.432222222,1.56E+03,3.06633
0.4325,1.56E+03,3.0664
0.432777778,1.56E+03,3.06651
0.433055556,1.56E+03,3.0666
0.433333333,1.56E+03,3.06665
0.433611111,1.56E+03,3.06672
0.433888889,1.56E+03,3.06617
0.434166667,1.56E+03,3.06679
0.434444444,1.56E+03,3.06637
0.434722222,1.57E+03,3.06655
0.435,1.57E+03,3.06646
0.435277778,1.57E+03,3.06647
0.435555556,1.57E+03,3.06625
0.435833333,1.57E+03,3.06669
0.436111111,1.57E+03,3.06567
0.436388889,1.57E+03,3.06654
0.436666667,1.57E+03,3.06612
0.436944444,1.57E+03,3.06578
0.437222222,1.57E+03,3.06671
0.4375,1.58E+03,3.06602
0.437777778,1.58E+03,3.06556
0.438055556,1.58E+03,3.0663
0.438333333,1.58E+03,3.0654
0.438611111,1.58E+03,3.06572
0.438888889,1.58E+03,3.06562
0.439166667,1.58E+03,3.06544
0.439444444,1.58E+03,3.06554
0.439722222,1.58E+03,3.06594
0.44,1.58E+03,3.06521
0.440277778,1.59E+03,3.066
0.440555556,1.59E+03,3.06578
0.440833333,1.59E+03,3.06535
0.441111111,1.59E+03,3.06586
0.441388889,1.59E+03,3.06515
0.441666667,1.59E+03,3.06471
0.441944444,1.59E+03,3.06511
0.442222222,1.59E+03,3.0647
0.4425,1.59E+03,3.06468
0.442777778,1.59E+03,3.06477
0.443055556,1.60E+03,3.06414
0.443333333,1.60E+03,3.06474
0.443611111,1.60E+03,3.06482
0.443888889,1.60E+03,3.06434
0.444166667,1.60E+03,3.06509
0.444444444,1.60E+03,3.06429
0.444722222,1.60E+03,3.06416
0.445,1.60E+03,3.06423
0.445277778,1.60E+03,3.06375
0.445555556,1.60E+03,3.06447
0.445833333,1.61E+03,3.06425
0.446111111,1.61E+03,3.06373
0.446388889,1.61E+03,3.06453
0.446666667,1.61E+03,3.06396
0.446944444,1.61E+03,3.06382
0.447222222,1.61E+03,3.06448
0.4475,1.61E+03,3.06396
0.447777778,1.61E+03,3.06471
0.448055556,1.61E+03,3.06457
0.448333333,1.61E+03,3.06396
0.448611111,1.62E+03,3.06425
0.448888889,1.62E+03,3.06394
0.449166667,1.62E+03,3.06382
0.449444444,1.62E+03,3.06424
0.449722222,1.62E+03,3.06398
0.45,1.62E+03,3.06443
0.450277778,1.62E+03,3.06369
0.450555556,1.62E+03,3.0638
0.450833333,1.62E+03,3.06415
0.451111111,1.62E+03,3.06429
0.451388889,1.63E+03,3.06454
0.451666667,1.63E+03,3.06411
0.451944444,1.63E+03,3.06419
0.452222222,1.63E+03,3.06441
0.4525,1.63E+03,3.06389
0.452777778,1.63E+03,3.06428
0.453055556,1.63E+03,3.06452
0.453333333,1.63E+03,3.06393
0.453611111,1.63E+03,3.0647
0.453888889,1.63E+03,3.06426
0.454166667,1.64E+03,3.06412
0.454444444,1.64E+03,3.0648
0.454722222,1.64E+03,3.06361
0.455,1.64E+03,3.06394
0.455277778,1.64E+03,3.06401
0.455555556,1.64E+03,3.06359
0.455833333,1.64E+03,3.06466
0.456111111,1.64E+03,3.0641
0.456388889,1.64E+03,3.06415
0.456666667,1.64E+03,3.06436
0.456944444,1.65E+03,3.06392
0.457222222,1.65E+03,3.06422
0.4575,1.65E+03,3.0644
0.457777778,1.65E+03,3.06397
0.458055556,1.65E+03,3.06407
0.458333333,1.65E+03,3.06415
0.458611111,1.65E+03,3.06386
0.458888889,1.65E+03,3.06376
0.459166667,1.65E+03,3.06418
0.459444444,1.65E+03,3.06378
0.459722222,1.66E+03,3.06366
0.46,1.66E+03,3.0642
0.460277778,1.66E+03,3.06361
0.460555556,1.66E+03,3.0644
0.460833333,1.66E+03,3.06369
0.461111111,1.66E+03,3.06372
0.461388889,1.66E+03,3.06417
0.461666667,1.66E+03,3.06401
0.461944444,1.66E+03,3.06447
0.462222222,1.66E+03,3.06444
0.4625,1.67E+03,3.06377
0.462777778,1.67E+03,3.06397
0.463055556,1.67E+03,3.06346
0.463333333,1.67E+03,3.06405
0.463611111,1.67E+03,3.06392
0.463888889,1.67E+03,3.064
0.464166667,1.67E+03,3.06384
0.464444444,1.67E+03,3.06369
0.464722222,1.67E+03,3.06335
0.465,1.67E+03,3.0632
0.465277778,1.68E+03,3.06346
0.465555556,1.68E+03,3.06377
0.465833333,1.68E+03,3.06304
0.466111111,1.68E+03,3.06397
0.466388889,1.68E+03,3.06362
0.466666667,1.68E+03,3.06293
0.466944444,1.68E+03,3.06325
0.467222222,1.68E+03,3.06255
0.4675,1.68E+03,3.06294
0.467777778,1.68E+03,3.06332
0.468055556,1.69E+03,3.06294
0.468333333,1.69E+03,3.06366
0.468611111,1.69E+03,3.06323
0.468888889,1.69E+03,3.06284
0.469166667,1.69E+03,3.06375
0.469444444,1.69E+03,3.06267
0.469722222,1.69E+03,3.06292
0.47,1.69E+03,3.06331
0.470277778,1.69E+03,3.06271
0.470555556,1.69E+03,3.06268
0.470833333,1.70E+03,3.06292
0.471111111,1.70E+03,3.06228
0.471388889,1.70E+03,3.06284
0.471666667,1.70E+03,3.06234
0.471944444,1.70E+03,3.06246
0.472222222,1.70E+03,3.06198
0.4725,1.70E+03,3.06173
0.472777778,1.70E+03,3.06168
0.473055556,1.70E+03,3.06188
0.473333333,1.70E+03,3.06195
0.473611111,1.71E+03,3.06175
0.473888889,1.71E+03,3.06215
0.474166667,1.71E+03,3.06227
0.474444444,1.71E+03,3.0616
0.474722222,1.71E+03,3.06242
0.475,1.71E+03,3.06138
0.475277778,1.71E+03,3.06175
0.475555556,1.71E+03,3.06176
0.475833333,1.71E+03,3.06169
0.476111111,1.71E+03,3.06186
0.476388889,1.72E+03,3.0615
0.476666667,1.72E+03,3.06234
0.476944444,1.72E+03,3.06321
0.477222222,1.72E+03,3.06228
0.4775,1.72E+03,3.06258
0.477777778,1.72E+03,3.06277
0.478055556,1.72E+03,3.06231
0.478333333,1.72E+03,3.0626
0.478611111,1.72E+03,3.06244
0.478888889,1.72E+03,3.06216
0.479166667,1.73E+03,3.06242
0.479444444,1.73E+03,3.06216
0.479722222,1.73E+03,3.06235
0.48,1.73E+03,3.06199
0.480277778,1.73E+03,3.06192
0.480555556,1.73E+03,3.06196
0.480833333,1.73E+03,3.06228
0.481111111,1.73E+03,3.0624
0.481388889,1.73E+03,3.06217
0.481666667,1.73E+03,3.06259
0.481944444,1.74E+03,3.06226
0.482222222,1.74E+03,3.06163
0.4825,1.74E+03,3.06218
0.482777778,1.74E+03,3.06123
0.483055556,1.74E+03,3.06178
0.483333333,1.74E+03,3.0614
0.483611111,1.74E+03,3.06096
0.483888889,1.74E+03,3.06206
0.484166667,1.74E+03,3.06152
0.484444444,1.74E+03,3.06127
0.484722222,1.75E+03,3.06149
0.485,1.75E+03,3.06084
0.485277778,1.75E+03,3.06099
0.485555556,1.75E+03,3.06098
0.485833333,1.75E+03,3.0605
0.486111111,1.75E+03,3.06069
0.486388889,1.75E+03,3.06052
0.486666667,1.75E+03,3.06063
0.486944444,1.75E+03,3.06039
0.487222222,1.75E+03,3.06037
0.4875,1.76E+03,3.05994
0.487777778,1.76E+03,3.06037
0.488055556,1.76E+03,3.06065
0.488333333,1.76E+03,3.06037
0.488611111,1.76E+03,3.06057
0.488888889,1.76E+03,3.06079
0.489166667,1.76E+03,3.06077
0.489444444,1.76E+03,3.06092
0.489722222,1.76E+03,3.06049
0.49,1.76E+03,3.06061
0.490277778,1.77E+03,3.06094
0.490555556,1.77E+03,3.06043
0.490833333,1.77E+03,3.06054
0.491111111,1.77E+03,3.0604
0.491388889,1.77E+03,3.06033
0.491666667,1.77E+03,3.06051
0.491944444,1.77E+03,3.06054
0.492222222,1.77E+03,3.05996
0.4925,1.77E+03,3.06038
0.492777778,1.77E+03,3.05983
0.493055556,1.78E+03,3.05982
0.493333333,1.78E+03,3.06018
0.493611111,1.78E+03,3.06007
0.493888889,1.78E+03,3.06053
0.494166667,1.78E+03,3.06008
0.494444444,1.78E+03,3.05943
0.494722222,1.78E+03,3.0602
0.495,1.78E+03,3.05985
0.495277778,1.78E+03,3.05994
0.495555556,1.78E+03,3.05995
0.495833333,1.79E+03,3.05981
0.496111111,1.79E+03,3.06041
0.496388889,1.79E+03,3.06006
0.496666667,1.79E+03,3.05949
0.496944444,1.79E+03,3.06007
0.497222222,1.79E+03,3.05966
0.4975,1.79E+03,3.05936
0.497777778,1.79E+03,3.05974
0.498055556,1.79E+03,3.05953
0.498333333,1.79E+03,3.06003
0.498611111,1.80E+03,3.06
0.498888889,1.80E+03,3.05955
0.499166667,1.80E+03,3.06001
0.499444444,1.80E+03,3.06013
0.499722222,1.80E+03,3.05941
0.5,1.80E+03,3.06033
0.500277778,1.80E+03,3.05976
0.500555556,1.80E+03,3.05914
0.500833333,1.80E+03,3.05999
0.501111111,1.80E+03,3.05932
0.501388889,1.81E+03,3.05953
0.501666667,1.81E+03,3.06016
0.501944444,1.81E+03,3.05965
0.502222222,1.81E+03,3.06036
0.5025,1.81E+03,3.05969
0.502777778,1.81E+03,3.059
0.503055556,1.81E+03,3.05959
0.503333333,1.81E+03,3.05958
0.503611111,1.81E+03,3.05886
0.503888889,1.81E+03,3.05984
0.504166667,1.82E+03,3.05886
0.504444444,1.82E+03,3.05766
0.504722222,1.82E+03,3.05812
0.505,1.82E+03,3.05769
0.505277778,1.82E+03,3.0576
0.505555556,1.82E+03,3.05779
0.505833333,1.82E+03,3.05719
0.506111111,1.82E+03,3.05822
0.506388889,1.82E+03,3.05736
0.506666667,1.82E+03,3.05676
0.506944444,1.83E+03,3.05753
0.507222222,1.83E+03,3.05726
0.5075,1.83E+03,3.05711
0.507777778,1.83E+03,3.05749
0.508055556,1.83E+03,3.05654
0.508333333,1.83E+03,3.05724
0.508611111,1.83E+03,3.05671
0.508888889,1.83E+03,3.05623
0.509166667,1.83E+03,3.05662
0.509444444,1.83E+03,3.05614
0.509722222,1.84E+03,3.05618
0.51,1.84E+03,3.05647
0.510277778,1.84E+03,3.05621
0.510555556,1.84E+03,3.05635
0.510833333,1.84E+03,3.05639
0.511111111,1.84E+03,3.05649
0.511388889,1.84E+03,3.05603
0.511666667,1.84E+03,3.05649
0.511944444,1.84E+03,3.0559
0.512222222,1.84E+03,3.05672
0.5125,1.85E+03,3.05623
0.512777778,1.85E+03,3.05562
0.513055556,1.85E+03,3.05599
0.513333333,1.85E+03,3.05582
0.513611111,1.85E+03,3.05547
0.513888889,1.85E+03,3.05547
0.514166667,1.85E+03,3.0554
0.514444444,1.85E+03,3.05542
0.514722222,1.85E+03,3.05576
0.515,1.85E+03,3.05553
0.515277778,1.86E+03,3.05523
0.515555556,1.86E+03,3.05552
0.515833333,1.86E+03,3.05496
0.516111111,1.86E+03,3.05551
0.516388889,1.86E+03,3.05512
0.516666667,1.86E+03,3.05444
0.516944444,1.86E+03,3.05493
0.517222222,1.86E+03,3.05488
0.5175,1.86E+03,3.0547
0.517777778,1.86E+03,3.05532
0.518055556,1.87E+03,3.05472
0.518333333,1.87E+03,3.05506
0.518611111,1.87E+03,3.05517
0.518888889,1.87E+03,3.05503
0.519166667,1.87E+03,3.05504
0.519444444,1.87E+03,3.05518
0.519722222,1.87E+03,3.0547
0.52,1.87E+03,3.05489
0.520277778,1.87E+03,3.05454
0.520555556,1.87E+03,3.05491
0.520833333,1.88E+03,3.05502
0.521111111,1.88E+03,3.05447
0.521388889,1.88E+03,3.05443
0.521666667,1.88E+03,3.05446
0.521944444,1.88E+03,3.05442
0.522222222,1.88E+03,3.05463
0.5225,1.88E+03,3.05445
0.522777778,1.88E+03,3.05453
0.523055556,1.88E+03,3.05445
0.523333333,1.88E+03,3.05476
0.523611111,1.89E+03,3.05421
0.523888889,1.89E+03,3.05433
0.524166667,1.89E+03,3.0542
0.524444444,1.89E+03,3.05396
0.524722222,1.89E+03,3.05495
0.525,1.89E+03,3.05427
0.525277778,1.89E+03,3.05413
0.525555556,1.89E+03,3.05447
0.525833333,1.89E+03,3.0539
0.526111111,1.89E+03,3.05422
0.526388889,1.90E+03,3.05435
0.526666667,1.90E+03,3.05395
0.526944444,1.90E+03,3.0542
0.527222222,1.90E+03,3.05437
0.5275,1.90E+03,3.05405
0.527777778,1.90E+03,3.05414
0.528055556,1.90E+03,3.05385
0.528333333,1.90E+03,3.05366
0.528611111,1.90E+03,3.05359
0.528888889,1.90E+03,3.05369
0.529166667,1.91E+03,3.05345
0.529444444,1.91E+03,3.05383
0.529722222,1.91E+03,3.05338
0.53,1.91E+03,3.05347
0.530277778,1.91E+03,3.05375
0.530555556,1.91E+03,3.05341
0.530833333,1.91E+03,3.05432
0.531111111,1.91E+03,3.05379
0.531388889,1.91E+03,3.05344
0.531666667,1.91E+03,3.05373
0.531944444,1.92E+03,3.0532
0.532222222,1.92E+03,3.0534
0.5325,1.92E+03,3.05374
0.532777778,1.92E+03,3.05325
0.533055556,1.92E+03,3.0534
0.533333333,1.92E+03,3.0534
0.533611111,1.92E+03,3.05363
0.533888889,1.92E+03,3.05313
0.534166667,1.92E+03,3.05329
0.534444444,1.92E+03,3.053
0.534722222,1.93E+03,3.05293
0.535,1.93E+03,3.05333
0.535277778,1.93E+03,3.05321
0.535555556,1.93E+03,3.05331
0.535833333,1.93E+03,3.05314
0.536111111,1.93E+03,3.05258
0.536388889,1.93E+03,3.05367
0.536666667,1.93E+03,3.05236
0.536944444,1.93E+03,3.05277
0.537222222,1.93E+03,3.0534
0.5375,1.94E+03,3.05308
0.537777778,1.94E+03,3.05322
0.538055556,1.94E+03,3.05323
0.538333333,1.94E+03,3.05259
0.538611111,1.94E+03,3.05313
0.538888889,1.94E+03,3.0523
0.539166667,1.94E+03,3.0527
0.539444444,1.94E+03,3.05263
0.539722222,1.94E+03,3.05212
0.54,1.94E+03,3.05188
0.540277778,1.95E+03,3.05187
0.540555556,1.95E+03,3.05209
0.540833333,1.95E+03,3.05226
0.541111111,1.95E+03,3.05234
0.541388889,1.95E+03,3.0523
0.541666667,1.95E+03,3.05211
0.541944444,1.95E+03,3.05194
0.542222222,1.95E+03,3.05188
0.5425,1.95E+03,3.05142
0.542777778,1.95E+03,3.05151
0.543055556,1.96E+03,3.05146
0.543333333,1.96E+03,3.05159
0.543611111,1.96E+03,3.05181
0.543888889,1.96E+03,3.05134
0.544166667,1.96E+03,3.0515
0.544444444,1.96E+03,3.05115
0.544722222,1.96E+03,3.05116
0.545,1.96E+03,3.05085
0.545277778,1.96E+03,3.05084
0.545555556,1.96E+03,3.05087
0.545833333,1.97E+03,3.05098
0.546111111,1.97E+03,3.05051
0.546388889,1.97E+03,3.05116
0.546666667,1.97E+03,3.0506
0.546944444,1.97E+03,3.05022
0.547222222,1.97E+03,3.05048
0.5475,1.97E+03,3.05028
0.547777778,1.97E+03,3.05086
0.548055556,1.97E+03,3.05096
0.548333333,1.97E+03,3.05027
0.548611111,1.98E+03,3.05135
0.548888889,1.98E+03,3.05017
0.549166667,1.98E+03,3.04988
0.549444444,1.98E+03,3.05015
0.549722222,1.98E+03,3.04966
0.55,1.98E+03,3.04998
0.550277778,1.98E+03,3.0498
0.550555556,1.98E+03,3.04925
0.550833333,1.98E+03,3.05008
0.551111111,1.98E+03,3.04931
0.551388889,1.99E+03,3.04986
0.551666667,1.99E+03,3.04973
0.551944444,1.99E+03,3.04945
0.552222222,1.99E+03,3.04938
0.5525,1.99E+03,3.04957
0.552777778,1.99E+03,3.049
0.553055556,1.99E+03,3.04931
0.553333333,1.99E+03,3.04901
0.553611111,1.99E+03,3.04883
0.553888889,1.99E+03,3.04858
0.554166667,2.00E+03,3.04802
0.554444444,2.00E+03,3.0481
0.554722222,2.00E+03,3.04818
0.555,2.00E+03,3.04747
0.555277778,2.00E+03,3.0476
0.555555556,2.00E+03,3.04716
0.555833333,2.00E+03,3.04735
0.556111111,2.00E+03,3.04675
0.556388889,2.00E+03,3.04714
0.556666667,2.00E+03,3.04727
0.556944444,2.01E+03,3.04745
0.557222222,2.01E+03,3.04763
0.5575,2.01E+03,3.04757
0.557777778,2.01E+03,3.04817
0.558055556,2.01E+03,3.04761
0.558333333,2.01E+03,3.04732
0.558611111,2.01E+03,3.048
0.558888889,2.01E+03,3.04722
0.559166667,2.01E+03,3.04762
0.559444444,2.01E+03,3.04773
0.559722222,2.02E+03,3.04733
0.56,2.02E+03,3.04826
0.560277778,2.02E+03,3.04767
0.560555556,2.02E+03,3.0472
0.560833333,2.02E+03,3.04769
0.561111111,2.02E+03,3.04693
0.561388889,2.02E+03,3.04721
0.561666667,2.02E+03,3.04726
0.561944444,2.02E+03,3.04707
0.562222222,2.02E+03,3.04748
0.5625,2.03E+03,3.04694
0.562777778,2.03E+03,3.04651
0.563055556,2.03E+03,3.0474
0.563333333,2.03E+03,3.047
0.563611111,2.03E+03,3.04656
0.563888889,2.03E+03,3.04722
0.564166667,2.03E+03,3.04641
0.564444444,2.03E+03,3.04655
0.564722222,2.03E+03,3.04695
0.565,2.03E+03,3.04653
0.565277778,2.04E+03,3.04677
0.565555556,2.04E+03,3.04639
0.565833333,2.04E+03,3.04664
0.566111111,2.04E+03,3.04755
0.566388889,2.04E+03,3.04698
0.566666667,2.04E+03,3.04643
0.566944444,2.04E+03,3.04691
0.567222222,2.04E+03,3.04647
0.5675,2.04E+03,3.04642
0.567777778,2.04E+03,3.04663
0.568055556,2.05E+03,3.04636
0.568333333,2.05E+03,3.04628
0.568611111,2.05E+03,3.04643
0.568888889,2.05E+03,3.04622
0.569166667,2.05E+03,3.04661
0.569444444,2.05E+03,3.04668
0.569722222,2.05E+03,3.0465
0.57,2.05E+03,3.04688
0.570277778,2.05E+03,3.04634
0.570555556,2.05E+03,3.04636
0.570833333,2.06E+03,3.04641
0.571111111,2.06E+03,3.04631
0.571388889,2.06E+03,3.04608
0.571666667,2.06E+03,3.0463
0.571944444,2.06E+03,3.04611
0.572222222,2.06E+03,3.04591
0.5725,2.06E+03,3.04605
0.572777778,2.06E+03,3.04596
0.573055556,2.06E+03,3.04597
0.573333333,2.06E+03,3.0465
0.573611111,2.07E+03,3.04607
0.573888889,2.07E+03,3.04605
0.574166667,2.07E+03,3.04597
0.574444444,2.07E+03,3.04653
0.574722222,2.07E+03,3.04608
0.575,2.07E+03,3.04606
0.575277778,2.07E+03,3.04639
0.575555556,2.07E+03,3.04604
0.575833333,2.07E+03,3.0462
0.576111111,2.07E+03,3.04582
0.576388889,2.08E+03,3.04578
0.576666667,2.08E+03,3.04608
0.576944444,2.08E+03,3.04588
0.577222222,2.08E+03,3.04595
0.5775,2.08E+03,3.0461
0.577777778,2.08E+03,3.04563
0.578055556,2.08E+03,3.04565
0.578333333,2.08E+03,3.04612
0.578611111,2.08E+03,3.04573
0.578888889,2.08E+03,3.04611
0.579166667,2.09E+03,3.04573
0.579444444,2.09E+03,3.04526
0.579722222,2.09E+03,3.04573
0.58,2.09E+03,3.04534
0.580277778,2.09E+03,3.04499
0.580555556,2.09E+03,3.04634
0.580833333,2.09E+03,3.04549
0.581111111,2.09E+03,3.04468
0.581388889,2.09E+03,3.0457
0.581666667,2.09E+03,3.04537
0.581944444,2.10E+03,3.04498
0.582222222,2.10E+03,3.04538
0.5825,2.10E+03,3.04467
0.582777778,2.10E+03,3.04463
0.583055556,2.10E+03,3.04491
0.583333333,2.10E+03,3.04483
0.583611111,2.10E+03,3.04466
0.583888889,2.10E+03,3.0446
0.584166667,2.10E+03,3.04422
0.584444444,2.10E+03,3.04471
0.584722222,2.11E+03,3.04443
0.585,2.11E+03,3.04447
0.585277778,2.11E+03,3.04436
0.585555556,2.11E+03,3.04409
0.585833333,2.11E+03,3.04415
0.586111111,2.11E+03,3.04489
0.586388889,2.11E+03,3.04443
0.586666667,2.11E+03,3.04455
0.586944444,2.11E+03,3.04438
0.587222222,2.11E+03,3.0445
0.5875,2.12E+03,3.04449
0.587777778,2.12E+03,3.04476
0.588055556,2.12E+03,3.04462
0.588333333,2.12E+03,3.04486
0.588611111,2.12E+03,3.04454
0.588888889,2.12E+03,3.04526
0.589166667,2.12E+03,3.04447
0.589444444,2.12E+03,3.04463
0.589722222,2.12E+03,3.04473
0.59,2.12E+03,3.04427
0.590277778,2.13E+03,3.04452
0.590555556,2.13E+03,3.04461
0.590833333,2.13E+03,3.04402
0.591111111,2.13E+03,3.04441
0.591388889,2.13E+03,3.04408
0.591666667,2.13E+03,3.04451
0.591944444,2.13E+03,3.04426
0.592222222,2.13E+03,3.04417
0.5925,2.13E+03,3.04403
0.592777778,2.13E+03,3.04434
0.593055556,2.14E+03,3.04399
0.593333333,2.14E+03,3.04416
0.593611111,2.14E+03,3.044
0.593888889,2.14E+03,3.04315
0.594166667,2.14E+03,3.04399
0.594444444,2.14E+03,3.04378
0.594722222,2.14E+03,3.04306
0.595,2.14E+03,3.04381
0.595277778,2.14E+03,3.04313
0.595555556,2.14E+03,3.0433
0.595833333,2.15E+03,3.04352
0.596111111,2.15E+03,3.04317
0.596388889,2.15E+03,3.04344
0.596666667,2.15E+03,3.04355
0.596944444,2.15E+03,3.04305
0.597222222,2.15E+03,3.04365
0.5975,2.15E+03,3.0432
0.597777778,2.15E+03,3.04298
0.598055556,2.15E+03,3.04397
0.598333333,2.15E+03,3.04359
0.598611111,2.16E+03,3.04289
0.598888889,2.16E+03,3.04372
0.599166667,2.16E+03,3.04335
0.599444444,2.16E+03,3.04307
0.599722222,2.16E+03,3.04399
0.6,2.16E+03,3.04301
0.600277778,2.16E+03,3.04314
0.600555556,2.16E+03,3.0436
0.600833333,2.16E+03,3.0429
0.601111111,2.16E+03,3.04296
0.601388889,2.17E+03,3.04293
0.601666667,2.17E+03,3.04254
0.601944444,2.17E+03,3.04269
0.602222222,2.17E+03,3.04242
0.6025,2.17E+03,3.04226
0.602777778,2.17E+03,3.04164
0.603055556,2.17E+03,3.04227
0.603333333,2.17E+03,3.04208
0.603611111,2.17E+03,3.04195
0.603888889,2.17E+03,3.04212
0.604166667,2.18E+03,3.04219
0.604444444,2.18E+03,3.04197
0.604722222,2.18E+03,3.04226
0.605,2.18E+03,3.04197
0.605277778,2.18E+03,3.04167
0.605555556,2.18E+03,3.04177
0.605833333,2.18E+03,3.04196
0.606111111,2.18E+03,3.04139
0.606388889,2.18E+03,3.04199
0.606666667,2.18E+03,3.04167
0.606944444,2.19E+03,3.04115
0.607222222,2.19E+03,3.04163
0.6075,2.19E+03,3.04111
0.607777778,2.19E+03,3.04122
0.608055556,2.19E+03,3.04167
0.608333333,2.19E+03,3.04087
0.608611111,2.19E+03,3.04083
0.608888889,2.19E+03,3.04162
0.609166667,2.19E+03,3.04136
0.609444444,2.19E+03,3.04135
0.609722222,2.20E+03,3.04144
0.61,2.20E+03,3.04115
0.610277778,2.20E+03,3.04113
0.610555556,2.20E+03,3.0413
0.610833333,2.20E+03,3.04113
0.611111111,2.20E+03,3.04119
0.611388889,2.20E+03,3.04089
0.611666667,2.20E+03,3.04122
0.611944444,2.20E+03,3.04106
0.612222222,2.20E+03,3.04063
0.6125,2.21E+03,3.04105
0.612777778,2.21E+03,3.04043
0.613055556,2.21E+03,3.04053
0.613333333,2.21E+03,3.04126
0.613611111,2.21E+03,3.04077
0.613888889,2.21E+03,3.04055
0.614166667,2.21E+03,3.04173
0.614444444,2.21E+03,3.04187
0.614722222,2.21E+03,3.04154
0.615,2.21E+03,3.04144
0.615277778,2.22E+03,3.04205
0.615555556,2.22E+03,3.04187
0.615833333,2.22E+03,3.04141
0.616111111,2.22E+03,3.04143
0.616388889,2.22E+03,3.04225
0.616666667,2.22E+03,3.04145
0.616944444,2.22E+03,3.04229
0.617222222,2.22E+03,3.04184
0.6175,2.22E+03,3.04142
0.617777778,2.22E+03,3.04137
0.618055556,2.23E+03,3.04117
0.618333333,2.23E+03,3.0409
0.618611111,2.23E+03,3.04102
0.618888889,2.23E+03,3.04134
0.619166667,2.23E+03,3.04122
0.619444444,2.23E+03,3.04134
0.619722222,2.23E+03,3.0411
0.62,2.23E+03,3.0416
0.620277778,2.23E+03,3.04129
0.620555556,2.23E+03,3.04058
0.620833333,2.24E+03,3.04194
0.621111111,2.24E+03,3.04113
0.621388889,2.24E+03,3.04068
0.621666667,2.24E+03,3.04103
0.621944444,2.24E+03,3.04113
0.622222222,2.24E+03,3.04057
0.6225,2.24E+03,3.0407
0.622777778,2.24E+03,3.04057
0.623055556,2.24E+03,3.04072
0.623333333,2.24E+03,3.04011
0.623611111,2.25E+03,3.0403
0.623888889,2.25E+03,3.03997
0.624166667,2.25E+03,3.03935
0.624444444,2.25E+03,3.03896
0.624722222,2.25E+03,3.0397
0.625,2.25E+03,3.03906
0.625277778,2.25E+03,3.03982
0.625555556,2.25E+03,3.03957
0.625833333,2.25E+03,3.03901
0.626111111,2.25E+03,3.03939
0.626388889,2.26E+03,3.03924
0.626666667,2.26E+03,3.03861
0.626944444,2.26E+03,3.03995
0.627222222,2.26E+03,3.03909
0.6275,2.26E+03,3.03897
0.627777778,2.26E+03,3.04048
0.628055556,2.26E+03,3.0401
0.628333333,2.26E+03,3.04
0.628611111,2.26E+03,3.0404
0.628888889,2.26E+03,3.03968
0.629166667,2.27E+03,3.03994
0.629444444,2.27E+03,3.03952
0.629722222,2.27E+03,3.0396
0.63,2.27E+03,3.0395
0.630277778,2.27E+03,3.03948
0.630555556,2.27E+03,3.03938
0.630833333,2.27E+03,3.03937
0.631111111,2.27E+03,3.03911
0.631388889,2.27E+03,3.03947
0.631666667,2.27E+03,3.03932
0.631944444,2.28E+03,3.03961
0.632222222,2.28E+03,3.04031
0.6325,2.28E+03,3.03984
0.632777778,2.28E+03,3.03953
0.633055556,2.28E+03,3.04011
0.633333333,2.28E+03,3.03929
0.633611111,2.28E+03,3.03904
0.633888889,2.28E+03,3.0391
0.634166667,2.28E+03,3.0388
0.634444444,2.28E+03,3.03884
0.634722222,2.29E+03,3.03916
0.635,2.29E+03,3.03885
0.635277778,2.29E+03,3.03881
0.635555556,2.29E+03,3.03855
0.635833333,2.29E+03,3.03883
0.636111111,2.29E+03,3.03863
0.636388889,2.29E+03,3.03898
0.636666667,2.29E+03,3.03867
0.636944444,2.29E+03,3.03875
0.637222222,2.29E+03,3.03869
0.6375,2.30E+03,3.03874
0.637777778,2.30E+03,3.0383
0.638055556,2.30E+03,3.03849
0.638333333,2.30E+03,3.03833
0.638611111,2.30E+03,3.03832
0.638888889,2.30E+03,3.03806
0.639166667,2.30E+03,3.03882
0.639444444,2.30E+03,3.03821
0.639722222,2.30E+03,3.03786
0.64,2.30E+03,3.03864
0.640277778,2.31E+03,3.03818
0.640555556,2.31E+03,3.03826
0.640833333,2.31E+03,3.03807
0.641111111,2.31E+03,3.03786
0.641388889,2.31E+03,3.03824
0.641666667,2.31E+03,3.03767
0.641944444,2.31E+03,3.03777
0.642222222,2.31E+03,3.03773
0.6425,2.31E+03,3.03722
0.642777778,2.31E+03,3.03751
0.643055556,2.32E+03,3.03754
0.643333333,2.32E+03,3.03681
0.643611111,2.32E+03,3.0376
0.643888889,2.32E+03,3.03672
0.644166667,2.32E+03,3.0365
0.644444444,2.32E+03,3.03764
0.644722222,2.32E+03,3.03716
0.645,2.32E+03,3.03666
0.645277778,2.32E+03,3.0373
0.645555556,2.32E+03,3.03684
0.645833333,2.33E+03,3.03678
0.646111111,2.33E+03,3.03716
0.646388889,2.33E+03,3.03662
0.646666667,2.33E+03,3.0367
0.646944444,2.33E+03,3.0368
0.647222222,2.33E+03,3.03652
0.6475,2.33E+03,3.03718
0.647777778,2.33E+03,3.03671
0.648055556,2.33E+03,3.03655
0.648333333,2.33E+03,3.03667
0.648611111,2.34E+03,3.03632
0.648888889,2.34E+03,3.03658
0.649166667,2.34E+03,3.03669
0.649444444,2.34E+03,3.03631
0.649722222,2.34E+03,3.0368
0.65,2.34E+03,3.03609
0.650277778,2.34E+03,3.03581
0.650555556,2.34E+03,3.03672
0.650833333,2.34E+03,3.0362
0.651111111,2.34E+03,3.03578
0.651388889,2.35E+03,3.03663
0.651666667,2.35E+03,3.03616
0.651944444,2.35E+03,3.03587
0.652222222,2.35E+03,3.03619
0.6525,2.35E+03,3.03584
0.652777778,2.35E+03,3.03594
0.653055556,2.35E+03,3.03599
0.653333333,2.35E+03,3.03595
0.653611111,2.35E+03,3.03606
0.653888889,2.35E+03,3.03608
0.654166667,2.36E+03,3.03605
0.654444444,2.36E+03,3.03618
0.654722222,2.36E+03,3.03574
0.655,2.36E+03,3.03628
0.655277778,2.36E+03,3.03635
0.655555556,2.36E+03,3.03559
0.655833333,2.36E+03,3.03616
0.656111111,2.36E+03,3.03553
0.656388889,2.36E+03,3.03537
0.656666667,2.36E+03,3.0362
0.656944444,2.37E+03,3.03525
0.657222222,2.37E+03,3.03508
0.6575,2.37E+03,3.03585
0.657777778,2.37E+03,3.03491
0.658055556,2.37E+03,3.03488
0.658333333,2.37E+03,3.03529
0.658611111,2.37E+03,3.03488
0.658888889,2.37E+03,3.03474
0.659166667,2.37E+03,3.03492
0.659444444,2.37E+03,3.0348
0.659722222,2.38E+03,3.03463
0.66,2.38E+03,3.03501
0.660277778,2.38E+03,3.03461
0.660555556,2.38E+03,3.03484
0.660833333,2.38E+03,3.03479
0.661111111,2.38E+03,3.03477
0.661388889,2.38E+03,3.0347
0.661666667,2.38E+03,3.03482
0.661944444,2.38E+03,3.03482
0.662222222,2.38E+03,3.03402
0.6625,2.39E+03,3.03385
0.662777778,2.39E+03,3.03415
0.663055556,2.39E+03,3.03373
0.663333333,2.39E+03,3.03375
0.663611111,2.39E+03,3.03405
0.663888889,2.39E+03,3.03322
0.664166667,2.39E+03,3.03335
0.664444444,2.39E+03,3.0336
0.664722222,2.39E+03,3.03365
0.665,2.39E+03,3.03346
0.665277778,2.40E+03,3.03373
0.665555556,2.40E+03,3.03355
0.665833333,2.40E+03,3.03372
0.666111111,2.40E+03,3.03381
0.666388889,2.40E+03,3.03374
0.666666667,2.40E+03,3.03348
0.666944444,2.40E+03,3.03355
0.667222222,2.40E+03,3.03394
0.6675,2.40E+03,3.03356
0.667777778,2.40E+03,3.03311
0.668055556,2.41E+03,3.03372
0.668333333,2.41E+03,3.03324
0.668611111,2.41E+03,3.03257
0.668888889,2.41E+03,3.03372
0.669166667,2.41E+03,3.03312
0.669444444,2.41E+03,3.0327
0.669722222,2.41E+03,3.03311
0.67,2.41E+03,3.03299
0.670277778,2.41E+03,3.03283
0.670555556,2.41E+03,3.03251
0.670833333,2.42E+03,3.03217
0.671111111,2.42E+03,3.03255
0.671388889,2.42E+03,3.0322
0.671666667,2.42E+03,3.03204
0.671944444,2.42E+03,3.03221
0.672222222,2.42E+03,3.0319
0.6725,2.42E+03,3.03163
0.672777778,2.42E+03,3.03151
0.673055556,2.42E+03,3.03139
0.673333333,2.42E+03,3.03153
0.673611111,2.43E+03,3.03097
0.673888889,2.43E+03,3.03131
0.674166667,2.43E+03,3.03121
0.674444444,2.43E+03,3.03062
0.674722222,2.43E+03,3.03053
0.675,2.43E+03,3.031
0.675277778,2.43E+03,3.03043
0.675555556,2.43E+03,3.03083
0.675833333,2.43E+03,3.0304
0.676111111,2.43E+03,3.03011
0.676388889,2.44E+03,3.03063
0.676666667,2.44E+03,3.03041
0.676944444,2.44E+03,3.03005
0.677222222,2.44E+03,3.03151
0.6775,2.44E+03,3.03059
0.677777778,2.44E+03,3.0302
0.678055556,2.44E+03,3.03136
0.678333333,2.44E+03,3.03084
0.678611111,2.44E+03,3.03056
0.678888889,2.44E+03,3.0308
0.679166667,2.45E+03,3.02983
0.679444444,2.45E+03,3.02994
0.679722222,2.45E+03,3.03007
0.68,2.45E+03,3.02995
0.680277778,2.45E+03,3.03037
0.680555556,2.45E+03,3.03019
0.680833333,2.45E+03,3.03007
0.681111111,2.45E+03,3.03032
0.681388889,2.45E+03,3.02995
0.681666667,2.45E+03,3.02996
0.681944444,2.46E+03,3.03054
0.682222222,2.46E+03,3.03071
0.6825,2.46E+03,3.03001
0.682777778,2.46E+03,3.03038
0.683055556,2.46E+03,3.03003
0.683333333,2.46E+03,3.03025
0.683611111,2.46E+03,3.02995
0.683888889,2.46E+03,3.02993
0.684166667,2.46E+03,3.02992
0.684444444,2.46E+03,3.03016
0.684722222,2.47E+03,3.02965
0.685,2.47E+03,3.02971
0.685277778,2.47E+03,3.02951
0.685555556,2.47E+03,3.02952
0.685833333,2.47E+03,3.02965
0.686111111,2.47E+03,3.02997
0.686388889,2.47E+03,3.02945
0.686666667,2.47E+03,3.02962
0.686944444,2.47E+03,3.02937
0.687222222,2.47E+03,3.02971
0.6875,2.48E+03,3.02908
0.687777778,2.48E+03,3.02939
0.688055556,2.48E+03,3.02958
0.688333333,2.48E+03,3.02994
0.688611111,2.48E+03,3.02973
0.688888889,2.48E+03,3.03015
0.689166667,2.48E+03,3.03021
0.689444444,2.48E+03,3.03038
0.689722222,2.48E+03,3.031
0.69,2.48E+03,3.03164
0.690277778,2.49E+03,3.03169
0.690555556,2.49E+03,3.03221
0.690833333,2.49E+03,3.03192
0.691111111,2.49E+03,3.03269
0.691388889,2.49E+03,3.03271
0.691666667,2.49E+03,3.03279
0.691944444,2.49E+03,3.03353
0.692222222,2.49E+03,3.03389
0.6925,2.49E+03,3.03401
0.692777778,2.49E+03,3.03451
0.693055556,2.50E+03,3.03437
0.693333333,2.50E+03,3.03432
0.693611111,2.50E+03,3.03495
0.693888889,2.50E+03,3.03487
0.694166667,2.50E+03,3.03538
0.694444444,2.50E+03,3.03542
0.694722222,2.50E+03,3.03537
0.695,2.50E+03,3.03554
0.695277778,2.50E+03,3.03572
0.695555556,2.50E+03,3.03595
0.695833333,2.51E+03,3.03624
0.696111111,2.51E+03,3.03639
0.696388889,2.51E+03,3.03616
0.696666667,2.51E+03,3.03693
0.696944444,2.51E+03,3.03694
0.697222222,2.51E+03,3.03676
0.6975,2.51E+03,3.03729
0.697777778,2.51E+03,3.03693
0.698055556,2.51E+03,3.03722
0.698333333,2.51E+03,3.03702
0.698611111,2.52E+03,3.03741
0.698888889,2.52E+03,3.03743
0.699166667,2.52E+03,3.03783
0.699444444,2.52E+03,3.03732
0.699722222,2.52E+03,3.03775
0.7,2.52E+03,3.03786
0.700277778,2.52E+03,3.03789
0.700555556,2.52E+03,3.03818
0.700833333,2.52E+03,3.03875
0.701111111,2.52E+03,3.03933
0.701388889,2.53E+03,3.03959
0.701666667,2.53E+03,3.03974
0.701944444,2.53E+03,3.04036
0.702222222,2.53E+03,3.04037
0.7025,2.53E+03,3.04015
0.702777778,2.53E+03,3.04089
0.703055556,2.53E+03,3.04077
0.703333333,2.53E+03,3.04083
0.703611111,2.53E+03,3.04111
0.703888889,2.53E+03,3.04101
0.704166667,2.54E+03,3.04202
0.704444444,2.54E+03,3.04143
0.704722222,2.54E+03,3.04133
0.705,2.54E+03,3.04171
0.705277778,2.54E+03,3.04144
0.705555556,2.54E+03,3.04166
0.705833333,2.54E+03,3.04221
0.706111111,2.54E+03,3.04227
0.706388889,2.54E+03,3.04293
0.706666667,2.54E+03,3.04267
0.706944444,2.55E+03,3.04214
0.707222222,2.55E+03,3.0424
0.7075,2.55E+03,3.04224
0.707777778,2.55E+03,3.04237
0.708055556,2.55E+03,3.04261
0.708333333,2.55E+03,3.04248
0.708611111,2.55E+03,3.04254
0.708888889,2.55E+03,3.04223
0.709166667,2.55E+03,3.04221
0.709444444,2.55E+03,3.04213
0.709722222,2.56E+03,3.04322
0.71,2.56E+03,3.04336
0.710277778,2.56E+03,3.04375
0.710555556,2.56E+03,3.04428
0.710833333,2.56E+03,3.04377
0.711111111,2.56E+03,3.04418
0.711388889,2.56E+03,3.0444
0.711666667,2.56E+03,3.04443
0.711944444,2.56E+03,3.04481
0.712222222,2.56E+03,3.04496
0.7125,2.57E+03,3.04506
0.712777778,2.57E+03,3.04582
0.713055556,2.57E+03,3.04564
0.713333333,2.57E+03,3.04571
0.713611111,2.57E+03,3.04633
0.713888889,2.57E+03,3.04601
0.714166667,2.57E+03,3.04688
0.714444444,2.57E+03,3.0466
0.714722222,2.57E+03,3.04597
0.715,2.57E+03,3.0467
0.715277778,2.58E+03,3.04642
0.715555556,2.58E+03,3.0461
0.715833333,2.58E+03,3.04669
0.716111111,2.58E+03,3.04657
0.716388889,2.58E+03,3.04685
0.716666667,2.58E+03,3.04703
0.716944444,2.58E+03,3.04749
0.717222222,2.58E+03,3.04735
0.7175,2.58E+03,3.04807
0.717777778,2.58E+03,3.04778
0.718055556,2.59E+03,3.04855
0.718333333,2.59E+03,3.04852
0.718611111,2.59E+03,3.04908
0.718888889,2.59E+03,3.04951
0.719166667,2.59E+03,3.04992
0.719444444,2.59E+03,3.04942
0.719722222,2.59E+03,3.05071
0.72,2.59E+03,3.05066
0.720277778,2.59E+03,3.05045
0.720555556,2.59E+03,3.05084
0.720833333,2.60E+03,3.05073
0.721111111,2.60E+03,3.05102
0.721388889,2.60E+03,3.05135
0.721666667,2.60E+03,3.05102
0.721944444,2.60E+03,3.05189
0.722222222,2.60E+03,3.05095
0.7225,2.60E+03,3.05101
0.722777778,2.60E+03,3.05141
0.723055556,2.60E+03,3.05157
0.723333333,2.60E+03,3.05141
0.723611111,2.61E+03,3.05193
0.723888889,2.61E+03,3.05124
0.724166667,2.61E+03,3.05147
0.724444444,2.61E+03,3.0516
0.724722222,2.61E+03,3.05182
0.725,2.61E+03,3.05163
0.725277778,2.61E+03,3.05177
0.725555556,2.61E+03,3.05135
0.725833333,2.61E+03,3.0516
0.726111111,2.61E+03,3.05137
0.726388889,2.62E+03,3.05144
0.726666667,2.62E+03,3.05138
0.726944444,2.62E+03,3.0515
0.727222222,2.62E+03,3.05086
0.7275,2.62E+03,3.05129
0.727777778,2.62E+03,3.05082
0.728055556,2.62E+03,3.05098
0.728333333,2.62E+03,3.05097
0.728611111,2.62E+03,3.05058
0.728888889,2.62E+03,3.05073
0.729166667,2.63E+03,3.05086
0.729444444,2.63E+03,3.05031
0.729722222,2.63E+03,3.05055
0.73,2.63E+03,3.05025
0.730277778,2.63E+03,3.04992
0.730555556,2.63E+03,3.05047
0.730833333,2.63E+03,3.04974
0.731111111,2.63E+03,3.04977
0.731388889,2.63E+03,3.04988
0.731666667,2.63E+03,3.04979
0.731944444,2.64E+03,3.05015
0.732222222,2.64E+03,3.04956
0.7325,2.64E+03,3.04958
0.732777778,2.64E+03,3.04992
0.733055556,2.64E+03,3.04968
0.733333333,2.64E+03,3.04994
0.733611111,2.64E+03,3.0498
0.733888889,2.64E+03,3.0498
0.734166667,2.64E+03,3.04951
0.734444444,2.64E+03,3.04938
0.734722222,2.65E+03,3.0494
0.735,2.65E+03,3.0495
0.735277778,2.65E+03,3.04962
0.735555556,2.65E+03,3.04964
0.735833333,2.65E+03,3.0498
0.736111111,2.65E+03,3.04948
0.736388889,2.65E+03,3.04921
0.736666667,2.65E+03,3.04952
0.736944444,2.65E+03,3.04992
0.737222222,2.65E+03,3.04955
0.7375,2.66E+03,3.04994
0.737777778,2.66E+03,3.04972
0.738055556,2.66E+03,3.04948
0.738333333,2.66E+03,3.05025
0.738611111,2.66E+03,3.04987
0.738888889,2.66E+03,3.04972
0.739166667,2.66E+03,3.05031
0.739444444,2.66E+03,3.05014
0.739722222,2.66E+03,3.05058
0.74,2.66E+03,3.05021
0.740277778,2.67E+03,3.04985
0.740555556,2.67E+03,3.05102
0.740833333,2.67E+03,3.05015
0.741111111,2.67E+03,3.05002
0.741388889,2.67E+03,3.05074
0.741666667,2.67E+03,3.04971
0.741944444,2.67E+03,3.04992
0.742222222,2.67E+03,3.04984
0.7425,2.67E+03,3.04981
0.742777778,2.67E+03,3.05052
0.743055556,2.68E+03,3.05019
0.743333333,2.68E+03,3.04959
0.743611111,2.68E+03,3.04995
0.743888889,2.68E+03,3.04949
0.744166667,2.68E+03,3.0495
0.744444444,2.68E+03,3.04934
0.744722222,2.68E+03,3.04901
0.745,2.68E+03,3.04909
0.745277778,2.68E+03,3.04829
0.745555556,2.68E+03,3.04765
0.745833333,2.69E+03,3.04847
0.746111111,2.69E+03,3.04784
0.746388889,2.69E+03,3.04782
0.746666667,2.69E+03,3.04897
0.746944444,2.69E+03,3.04848
0.747222222,2.69E+03,3.0482
0.7475,2.69E+03,3.04871
0.747777778,2.69E+03,3.04831
0.748055556,2.69E+03,3.04881
0.748333333,2.69E+03,3.04884
0.748611111,2.70E+03,3.04847
0.748888889,2.70E+03,3.04952
0.749166667,2.70E+03,3.04885
0.749444444,2.70E+03,3.04857
0.749722222,2.70E+03,3.04881
0.75,2.70E+03,3.04858
0.750277778,2.70E+03,3.04852
0.750555556,2.70E+03,3.0489
0.750833333,2.70E+03,3.04864
0.751111111,2.70E+03,3.04905
0.751388889,2.71E+03,3.04842
0.751666667,2.71E+03,3.04816
0.751944444,2.71E+03,3.04811
0.752222222,2.71E+03,3.04789
0.7525,2.71E+03,3.04787
0.752777778,2.71E+03,3.04802
0.753055556,2.71E+03,3.04823
0.753333333,2.71E+03,3.04791
0.753611111,2.71E+03,3.0478
0.753888889,2.71E+03,3.04764
0.754166667,2.72E+03,3.04763
0.754444444,2.72E+03,3.04767
0.754722222,2.72E+03,3.04778
0.755,2.72E+03,3.04748
0.755277778,2.72E+03,3.04839
0.755555556,2.72E+03,3.04784
0.755833333,2.72E+03,3.04715
0.756111111,2.72E+03,3.04786
0.756388889,2.72E+03,3.04706
0.756666667,2.72E+03,3.04751
0.756944444,2.73E+03,3.04762
0.757222222,2.73E+03,3.0473
0.7575,2.73E+03,3.04768
0.757777778,2.73E+03,3.04721
0.758055556,2.73E+03,3.0469
0.758333333,2.73E+03,3.04718
0.758611111,2.73E+03,3.0463
0.758888889,2.73E+03,3.04666
0.759166667,2.73E+03,3.04664
0.759444444,2.73E+03,3.04617
0.759722222,2.74E+03,3.0466
0.76,2.74E+03,3.04667
0.760277778,2.74E+03,3.04626
0.760555556,2.74E+03,3.0463
0.760833333,2.74E+03,3.04632
0.761111111,2.74E+03,3.04682
0.761388889,2.74E+03,3.04612
0.761666667,2.74E+03,3.04597
0.761944444,2.74E+03,3.04601
0.762222222,2.74E+03,3.04591
0.7625,2.75E+03,3.04608
0.762777778,2.75E+03,3.04682
0.763055556,2.75E+03,3.04684
0.763333333,2.75E+03,3.04714
0.763611111,2.75E+03,3.04663
0.763888889,2.75E+03,3.04734
0.764166667,2.75E+03,3.04627
0.764444444,2.75E+03,3.04644
0.764722222,2.75E+03,3.04667
0.765,2.75E+03,3.04677
0.765277778,2.76E+03,3.04678
0.765555556,2.76E+03,3.04647
0.765833333,2.76E+03,3.04619
0.766111111,2.76E+03,3.04633
0.766388889,2.76E+03,3.04569
0.766666667,2.76E+03,3.04652
0.766944444,2.76E+03,3.04639
0.767222222,2.76E+03,3.0461
0.7675,2.76E+03,3.0462
0.767777778,2.76E+03,3.04642
0.768055556,2.77E+03,3.04624
0.768333333,2.77E+03,3.04651
0.768611111,2.77E+03,3.04646
0.768888889,2.77E+03,3.04615
0.769166667,2.77E+03,3.04618
0.769444444,2.77E+03,3.04618
0.769722222,2.77E+03,3.04589
0.77,2.77E+03,3.04603
0.770277778,2.77E+03,3.04587
0.770555556,2.77E+03,3.04578
0.770833333,2.78E+03,3.0464
0.771111111,2.78E+03,3.04584
0.771388889,2.78E+03,3.0458
0.771666667,2.78E+03,3.04632
0.771944444,2.78E+03,3.04584
0.772222222,2.78E+03,3.04605
0.7725,2.78E+03,3.04586
0.772777778,2.78E+03,3.04568
0.773055556,2.78E+03,3.04644
0.773333333,2.78E+03,3.04585
0.773611111,2.79E+03,3.04618
0.773888889,2.79E+03,3.04625
0.774166667,2.79E+03,3.04605
0.774444444,2.79E+03,3.04625
0.774722222,2.79E+03,3.04606
0.775,2.79E+03,3.04603
0.775277778,2.79E+03,3.04601
0.775555556,2.79E+03,3.04628
0.775833333,2.79E+03,3.04588
0.776111111,2.79E+03,3.04574
0.776388889,2.80E+03,3.04567
0.776666667,2.80E+03,3.04575
0.776944444,2.80E+03,3.04636
0.777222222,2.80E+03,3.04559
0.7775,2.80E+03,3.04521
0.777777778,2.80E+03,3.04606
0.778055556,2.80E+03,3.04595
0.778333333,2.80E+03,3.04608
0.778611111,2.80E+03,3.046
0.778888889,2.80E+03,3.04588
0.779166667,2.81E+03,3.04614
0.779444444,2.81E+03,3.0461
0.779722222,2.81E+03,3.04593
0.78,2.81E+03,3.04572
0.780277778,2.81E+03,3.04569
0.780555556,2.81E+03,3.04529
0.780833333,2.81E+03,3.04598
0.781111111,2.81E+03,3.04544
0.781388889,2.81E+03,3.04521
0.781666667,2.81E+03,3.04571
0.781944444,2.82E+03,3.04527
0.782222222,2.82E+03,3.04546
0.7825,2.82E+03,3.04565
0.782777778,2.82E+03,3.04552
0.783055556,2.82E+03,3.04523
0.783333333,2.82E+03,3.04523
0.783611111,2.82E+03,3.04518
0.783888889,2.82E+03,3.04495
0.784166667,2.82E+03,3.0451
0.784444444,2.82E+03,3.04462
0.784722222,2.83E+03,3.04564
0.785,2.83E+03,3.04502
0.785277778,2.83E+03,3.04453
0.785555556,2.83E+03,3.04472
0.785833333,2.83E+03,3.04441
0.786111111,2.83E+03,3.04447
0.786388889,2.83E+03,3.04462
0.786666667,2.83E+03,3.04445
0.786944444,2.83E+03,3.04448
0.787222222,2.83E+03,3.04471
0.7875,2.84E+03,3.04417
0.787777778,2.84E+03,3.04378
0.788055556,2.84E+03,3.04434
0.788333333,2.84E+03,3.04368
0.788611111,2.84E+03,3.04463
0.788888889,2.84E+03,3.0437
0.789166667,2.84E+03,3.0436
0.789444444,2.84E+03,3.04392
0.789722222,2.84E+03,3.04358
0.79,2.84E+03,3.04396
0.790277778,2.85E+03,3.04428
0.790555556,2.85E+03,3.04413
0.790833333,2.85E+03,3.0437
0.791111111,2.85E+03,3.04405
0.791388889,2.85E+03,3.04396
0.791666667,2.85E+03,3.0435
0.791944444,2.85E+03,3.04424
0.792222222,2.85E+03,3.04321
0.7925,2.85E+03,3.0443
0.792777778,2.85E+03,3.04366
0.793055556,2.86E+03,3.04324
0.793333333,2.86E+03,3.04391
0.793611111,2.86E+03,3.04329
0.793888889,2.86E+03,3.04376
0.794166667,2.86E+03,3.04402
0.794444444,2.86E+03,3.04386
0.794722222,2.86E+03,3.04418
0.795,2.86E+03,3.04377
0.795277778,2.86E+03,3.0438
0.795555556,2.86E+03,3.04355
0.795833333,2.87E+03,3.04368
0.796111111,2.87E+03,3.04345
0.796388889,2.87E+03,3.0432
0.796666667,2.87E+03,3.04343
0.796944444,2.87E+03,3.04271
0.797222222,2.87E+03,3.04308
0.7975,2.87E+03,3.04307
0.797777778,2.87E+03,3.04269
0.798055556,2.87E+03,3.04319
0.798333333,2.87E+03,3.0423
0.798611111,2.88E+03,3.04314
0.798888889,2.88E+03,3.04251
0.799166667,2.88E+03,3.04248
0.799444444,2.88E+03,3.0421
0.799722222,2.88E+03,3.04238
0.8,2.88E+03,3.04237
0.800277778,2.88E+03,3.04223
0.800555556,2.88E+03,3.04294
0.800833333,2.88E+03,3.04196
0.801111111,2.88E+03,3.04234
0.801388889,2.89E+03,3.04216
0.801666667,2.89E+03,3.04166
0.801944444,2.89E+03,3.04214
0.802222222,2.89E+03,3.04126
0.8025,2.89E+03,3.04211
0.802777778,2.89E+03,3.04169
0.803055556,2.89E+03,3.0414
0.803333333,2.89E+03,3.0413
0.803611111,2.89E+03,3.0409
0.803888889,2.89E+03,3.04103
0.804166667,2.90E+03,3.0406
0.804444444,2.90E+03,3.04146
0.804722222,2.90E+03,3.04081
0.805,2.90E+03,3.04096
0.805277778,2.90E+03,3.04102
0.805555556,2.90E+03,3.04052
0.805833333,2.90E+03,3.04139
0.806111111,2.90E+03,3.04062
0.806388889,2.90E+03,3.04087
0.806666667,2.90E+03,3.0408
0.806944444,2.91E+03,3.04049
0.807222222,2.91E+03,3.04067
0.8075,2.91E+03,3.04042
0.807777778,2.91E+03,3.04058
0.808055556,2.91E+03,3.03976
0.808333333,2.91E+03,3.04038
0.808611111,2.91E+03,3.04094
0.808888889,2.91E+03,3.04083
0.809166667,2.91E+03,3.0411
0.809444444,2.91E+03,3.04059
0.809722222,2.92E+03,3.04133
0.81,2.92E+03,3.04102
0.810277778,2.92E+03,3.04054
0.810555556,2.92E+03,3.04106
0.810833333,2.92E+03,3.04108
0.811111111,2.92E+03,3.04144
0.811388889,2.92E+03,3.04157
0.811666667,2.92E+03,3.04133
0.811944444,2.92E+03,3.04103
0.812222222,2.92E+03,3.04108
0.8125,2.93E+03,3.04159
0.812777778,2.93E+03,3.04082
0.813055556,2.93E+03,3.0416
0.813333333,2.93E+03,3.04076
0.813611111,2.93E+03,3.04104
0.813888889,2.93E+03,3.04116
0.814166667,2.93E+03,3.04126
0.814444444,2.93E+03,3.04185
0.814722222,2.93E+03,3.04112
0.815,2.93E+03,3.04112
0.815277778,2.94E+03,3.04127
0.815555556,2.94E+03,3.04083
0.815833333,2.94E+03,3.0409
0.816111111,2.94E+03,3.04073
0.816388889,2.94E+03,3.04075
0.816666667,2.94E+03,3.04045
0.816944444,2.94E+03,3.04052
0.817222222,2.94E+03,3.0407
0.8175,2.94E+03,3.04029
0.817777778,2.94E+03,3.04141
0.818055556,2.95E+03,3.04014
0.818333333,2.95E+03,3.03992
0.818611111,2.95E+03,3.04018
0.818888889,2.95E+03,3.03971
0.819166667,2.95E+03,3.03992
0.819444444,2.95E+03,3.03942
0.819722222,2.95E+03,3.03943
0.82,2.95E+03,3.03963
0.820277778,2.95E+03,3.03948
0.820555556,2.95E+03,3.03928
0.820833333,2.96E+03,3.03894
0.821111111,2.96E+03,3.03918
0.821388889,2.96E+03,3.03863
0.821666667,2.96E+03,3.03937
0.821944444,2.96E+03,3.03889
0.822222222,2.96E+03,3.03856
0.8225,2.96E+03,3.03896
0.822777778,2.96E+03,3.03873
0.823055556,2.96E+03,3.039
0.823333333,2.96E+03,3.03906
0.823611111,2.97E+03,3.03857
0.823888889,2.97E+03,3.03858
0.824166667,2.97E+03,3.03874
0.824444444,2.97E+03,3.03872
0.824722222,2.97E+03,3.0387
0.825,2.97E+03,3.03875
0.825277778,2.97E+03,3.0383
0.825555556,2.97E+03,3.03837
0.825833333,2.97E+03,3.03864
0.826111111,2.97E+03,3.03782
0.826388889,2.98E+03,3.03835
0.826666667,2.98E+03,3.03755
0.826944444,2.98E+03,3.03751
0.827222222,2.98E+03,3.03764
0.8275,2.98E+03,3.03781
0.827777778,2.98E+03,3.03864
0.828055556,2.98E+03,3.03779
0.828333333,2.98E+03,3.03723
0.828611111,2.98E+03,3.03744
0.828888889,2.98E+03,3.03703
0.829166667,2.99E+03,3.03688
0.829444444,2.99E+03,3.03733
0.829722222,2.99E+03,3.03703
0.83,2.99E+03,3.03705
0.830277778,2.99E+03,3.03669
0.830555556,2.99E+03,3.03704
0.830833333,2.99E+03,3.03684
0.831111111,2.99E+03,3.03782
0.831388889,2.99E+03,3.03679
0.831666667,2.99E+03,3.03673
0.831944444,3.00E+03,3.03714
0.832222222,3.00E+03,3.03695
0.8325,3.00E+03,3.03674
0.832777778,3.00E+03,3.03689
0.833055556,3.00E+03,3.03657
0.833333333,3.00E+03,3.03728
0.833611111,3.00E+03,3.03656
0.833888889,3.00E+03,3.03618
0.834166667,3.00E+03,3.03703
0.834444444,3.00E+03,3.0371
0.834722222,3.01E+03,3.03672
0.835,3.01E+03,3.0374
0.835277778,3.01E+03,3.03696
0.835555556,3.01E+03,3.03714
0.835833333,3.01E+03,3.03699
0.836111111,3.01E+03,3.03706
0.836388889,3.01E+03,3.03616
0.836666667,3.01E+03,3.03628
0.836944444,3.01E+03,3.03634
0.837222222,3.01E+03,3.03672
0.8375,3.02E+03,3.03623
0.837777778,3.02E+03,3.03654
0.838055556,3.02E+03,3.03656
0.838333333,3.02E+03,3.03668
0.838611111,3.02E+03,3.0361
0.838888889,3.02E+03,3.03695
0.839166667,3.02E+03,3.036
0.839444444,3.02E+03,3.03577
0.839722222,3.02E+03,3.03614
0.84,3.02E+03,3.03586
0.840277778,3.03E+03,3.03583
0.840555556,3.03E+03,3.03593
0.840833333,3.03E+03,3.03595
0.841111111,3.03E+03,3.03583
0.841388889,3.03E+03,3.03587
0.841666667,3.03E+03,3.03638
0.841944444,3.03E+03,3.03602
0.842222222,3.03E+03,3.03598
0.8425,3.03E+03,3.03566
0.842777778,3.03E+03,3.03551
0.843055556,3.04E+03,3.03551
0.843333333,3.04E+03,3.03496
0.843611111,3.04E+03,3.03557
0.843888889,3.04E+03,3.03514
0.844166667,3.04E+03,3.0346
0.844444444,3.04E+03,3.03499
0.844722222,3.04E+03,3.03427
0.845,3.04E+03,3.03469
0.845277778,3.04E+03,3.03455
0.845555556,3.04E+03,3.03417
0.845833333,3.05E+03,3.0345
0.846111111,3.05E+03,3.03434
0.846388889,3.05E+03,3.03465
0.846666667,3.05E+03,3.03447
0.846944444,3.05E+03,3.03435
0.847222222,3.05E+03,3.0343
0.8475,3.05E+03,3.03477
0.847777778,3.05E+03,3.03489
0.848055556,3.05E+03,3.03453
0.848333333,3.05E+03,3.03455
0.848611111,3.06E+03,3.03456
0.848888889,3.06E+03,3.03429
0.849166667,3.06E+03,3.0351
0.849444444,3.06E+03,3.03446
0.849722222,3.06E+03,3.03405
0.85,3.06E+03,3.03463
0.850277778,3.06E+03,3.0337
0.850555556,3.06E+03,3.03422
0.850833333,3.06E+03,3.03401
0.851111111,3.06E+03,3.03391
0.851388889,3.07E+03,3.03471
0.851666667,3.07E+03,3.03406
0.851944444,3.07E+03,3.03345
0.852222222,3.07E+03,3.03422
0.8525,3.07E+03,3.03336
0.852777778,3.07E+03,3.03348
0.853055556,3.07E+03,3.03371
0.853333333,3.07E+03,3.03364
0.853611111,3.07E+03,3.03409
0.853888889,3.07E+03,3.03386
0.854166667,3.08E+03,3.03334
0.854444444,3.08E+03,3.03394
0.854722222,3.08E+03,3.03338
0.855,3.08E+03,3.03298
0.855277778,3.08E+03,3.03334
0.855555556,3.08E+03,3.03298
0.855833333,3.08E+03,3.03342
0.856111111,3.08E+03,3.03314
0.856388889,3.08E+03,3.03278
0.856666667,3.08E+03,3.03292
0.856944444,3.09E+03,3.03288
0.857222222,3.09E+03,3.03231
0.8575,3.09E+03,3.03202
0.857777778,3.09E+03,3.03201
0.858055556,3.09E+03,3.03223
0.858333333,3.09E+03,3.03183
0.858611111,3.09E+03,3.03233
0.858888889,3.09E+03,3.03134
0.859166667,3.09E+03,3.03173
0.859444444,3.09E+03,3.03186
0.859722222,3.10E+03,3.03142
0.86,3.10E+03,3.0314
0.860277778,3.10E+03,3.03116
0.860555556,3.10E+03,3.03123
0.860833333,3.10E+03,3.03191
0.861111111,3.10E+03,3.0319
0.861388889,3.10E+03,3.03175
0.861666667,3.10E+03,3.032
0.861944444,3.10E+03,3.03181
0.862222222,3.10E+03,3.03197
0.8625,3.11E+03,3.03166
0.862777778,3.11E+03,3.03173
0.863055556,3.11E+03,3.03174
0.863333333,3.11E+03,3.03185
0.863611111,3.11E+03,3.03159
0.863888889,3.11E+03,3.03178
0.864166667,3.11E+03,3.03169
0.864444444,3.11E+03,3.03118
0.864722222,3.11E+03,3.03109
0.865,3.11E+03,3.03119
0.865277778,3.12E+03,3.03121
0.865555556,3.12E+03,3.03149
0.865833333,3.12E+03,3.03166
0.866111111,3.12E+03,3.03089
0.866388889,3.12E+03,3.0315
0.866666667,3.12E+03,3.03115
0.866944444,3.12E+03,3.03114
0.867222222,3.12E+03,3.03118
0.8675,3.12E+03,3.03149
0.867777778,3.12E+03,3.03139
0.868055556,3.13E+03,3.03135
0.868333333,3.13E+03,3.03096
0.868611111,3.13E+03,3.03174
0.868888889,3.13E+03,3.0313
0.869166667,3.13E+03,3.0308
0.869444444,3.13E+03,3.03154
0.869722222,3.13E+03,3.03081
0.87,3.13E+03,3.03051
0.870277778,3.13E+03,3.03068
0.870555556,3.13E+03,3.03009
0.870833333,3.14E+03,3.03028
0.871111111,3.14E+03,3.03019
0.871388889,3.14E+03,3.02981
0.871666667,3.14E+03,3.03055
0.871944444,3.14E+03,3.03027
0.872222222,3.14E+03,3.03017
0.8725,3.14E+03,3.03033
0.872777778,3.14E+03,3.02959
0.873055556,3.14E+03,3.02992
0.873333333,3.14E+03,3.02995
0.873611111,3.15E+03,3.02929
0.873888889,3.15E+03,3.02964
0.874166667,3.15E+03,3.02982
0.874444444,3.15E+03,3.02957
0.874722222,3.15E+03,3.0304
0.875,3.15E+03,3.02941
0.875277778,3.15E+03,3.02906
0.875555556,3.15E+03,3.02959
0.875833333,3.15E+03,3.02908
0.876111111,3.15E+03,3.02906
0.876388889,3.16E+03,3.02988
0.876666667,3.16E+03,3.0294
0.876944444,3.16E+03,3.02907
0.877222222,3.16E+03,3.02924
0.8775,3.16E+03,3.02948
0.877777778,3.16E+03,3.02922
0.878055556,3.16E+03,3.02926
0.878333333,3.16E+03,3.02883
0.878611111,3.16E+03,3.02891
0.878888889,3.16E+03,3.02915
0.879166667,3.17E+03,3.02885
0.879444444,3.17E+03,3.02892
0.879722222,3.17E+03,3.02915
0.88,3.17E+03,3.0287
0.880277778,3.17E+03,3.02905
0.880555556,3.17E+03,3.02861
0.880833333,3.17E+03,3.02835
0.881111111,3.17E+03,3.02927
0.881388889,3.17E+03,3.02868
0.881666667,3.17E+03,3.02826
0.881944444,3.18E+03,3.02873
0.882222222,3.18E+03,3.02852
0.8825,3.18E+03,3.02863
0.882777778,3.18E+03,3.02848
0.883055556,3.18E+03,3.02839
0.883333333,3.18E+03,3.02886
0.883611111,3.18E+03,3.02901
0.883888889,3.18E+03,3.02835
0.884166667,3.18E+03,3.02904
0.884444444,3.18E+03,3.02847
0.884722222,3.19E+03,3.02794
0.885,3.19E+03,3.02906
0.885277778,3.19E+03,3.02837
0.885555556,3.19E+03,3.02755
0.885833333,3.19E+03,3.02763
0.886111111,3.19E+03,3.02656
0.886388889,3.19E+03,3.02696
0.886666667,3.19E+03,3.02688
0.886944444,3.19E+03,3.02661
0.887222222,3.19E+03,3.02719
0.8875,3.20E+03,3.02689
0.887777778,3.20E+03,3.0264
0.888055556,3.20E+03,3.02689
0.888333333,3.20E+03,3.02587
0.888611111,3.20E+03,3.02614
0.888888889,3.20E+03,3.02632
0.889166667,3.20E+03,3.02612
0.889444444,3.20E+03,3.02685
0.889722222,3.20E+03,3.02638
0.89,3.20E+03,3.02606
0.890277778,3.21E+03,3.02632
0.890555556,3.21E+03,3.02602
0.890833333,3.21E+03,3.02623
0.891111111,3.21E+03,3.02635
0.891388889,3.21E+03,3.02638
0.891666667,3.21E+03,3.0263
0.891944444,3.21E+03,3.0264
0.892222222,3.21E+03,3.02619
0.8925,3.21E+03,3.02629
0.892777778,3.21E+03,3.02639
0.893055556,3.22E+03,3.0262
0.893333333,3.22E+03,3.02606
0.893611111,3.22E+03,3.02573
0.893888889,3.22E+03,3.02528
0.894166667,3.22E+03,3.02572
0.894444444,3.22E+03,3.02564
0.894722222,3.22E+03,3.02545
0.895,3.22E+03,3.0262
0.895277778,3.22E+03,3.0259
0.895555556,3.22E+03,3.02557
0.895833333,3.23E+03,3.0258
0.896111111,3.23E+03,3.02514
0.896388889,3.23E+03,3.02548
0.896666667,3.23E+03,3.02491
0.896944444,3.23E+03,3.02474
0.897222222,3.23E+03,3.02544
0.8975,3.23E+03,3.02516
0.897777778,3.23E+03,3.02496
0.898055556,3.23E+03,3.02526
0.898333333,3.23E+03,3.02502
0.898611111,3.24E+03,3.02508
0.898888889,3.24E+03,3.0252
0.899166667,3.24E+03,3.02505
0.899444444,3.24E+03,3.02516
0.899722222,3.24E+03,3.02524
0.9,3.24E+03,3.02514
0.900277778,3.24E+03,3.02497
0.900555556,3.24E+03,3.02487
0.900833333,3.24E+03,3.02474
0.901111111,3.24E+03,3.02483
0.901388889,3.25E+03,3.0246
0.901666667,3.25E+03,3.02442
0.901944444,3.25E+03,3.02442
0.902222222,3.25E+03,3.02408
0.9025,3.25E+03,3.02425
0.902777778,3.25E+03,3.02498
0.903055556,3.25E+03,3.02434
0.903333333,3.25E+03,3.02423
0.903611111,3.25E+03,3.02465
0.903888889,3.25E+03,3.02415
0.904166667,3.26E+03,3.0248
0.904444444,3.26E+03,3.02426
0.904722222,3.26E+03,3.02413
0.905,3.26E+03,3.02447
0.905277778,3.26E+03,3.02453
0.905555556,3.26E+03,3.02474
0.905833333,3.26E+03,3.02474
0.906111111,3.26E+03,3.02425
0.906388889,3.26E+03,3.02557
0.906666667,3.26E+03,3.02615
0.906944444,3.27E+03,3.02635
0.907222222,3.27E+03,3.02591
0.9075,3.27E+03,3.02591
0.907777778,3.27E+03,3.02598
0.908055556,3.27E+03,3.02627
0.908333333,3.27E+03,3.02615
0.908611111,3.27E+03,3.02626
0.908888889,3.27E+03,3.02675
0.909166667,3.27E+03,3.02619
0.909444444,3.27E+03,3.02566
0.909722222,3.28E+03,3.02605
0.91,3.28E+03,3.02553
0.910277778,3.28E+03,3.02548
0.910555556,3.28E+03,3.02578
0.910833333,3.28E+03,3.0254
0.911111111,3.28E+03,3.02552
0.911388889,3.28E+03,3.02573
0.911666667,3.28E+03,3.02554
0.911944444,3.28E+03,3.02571
0.912222222,3.28E+03,3.02561
0.9125,3.29E+03,3.0252
0.912777778,3.29E+03,3.02505
0.913055556,3.29E+03,3.02521
0.913333333,3.29E+03,3.02487
0.913611111,3.29E+03,3.0252
0.913888889,3.29E+03,3.02484
0.914166667,3.29E+03,3.02493
0.914444444,3.29E+03,3.02536
0.914722222,3.29E+03,3.02497
0.915,3.29E+03,3.02507
0.915277778,3.30E+03,3.02494
0.915555556,3.30E+03,3.02526
0.915833333,3.30E+03,3.02504
0.916111111,3.30E+03,3.02509
0.916388889,3.30E+03,3.02467
0.916666667,3.30E+03,3.02474
0.916944444,3.30E+03,3.02489
0.917222222,3.30E+03,3.0246
0.9175,3.30E+03,3.02523
0.917777778,3.30E+03,3.02465
0.918055556,3.31E+03,3.02454
0.918333333,3.31E+03,3.02542
0.918611111,3.31E+03,3.02458
0.918888889,3.31E+03,3.02453
0.919166667,3.31E+03,3.02523
0.919444444,3.31E+03,3.02466
0.919722222,3.31E+03,3.02481
0.92,3.31E+03,3.02433
0.920277778,3.31E+03,3.02415
0.920555556,3.31E+03,3.02529
0.920833333,3.32E+03,3.02444
0.921111111,3.32E+03,3.02397
0.921388889,3.32E+03,3.0248
0.921666667,3.32E+03,3.02452
0.921944444,3.32E+03,3.02439
0.922222222,3.32E+03,3.02496
0.9225,3.32E+03,3.02411
0.922777778,3.32E+03,3.02436
0.923055556,3.32E+03,3.02481
0.923333333,3.32E+03,3.02443
0.923611111,3.33E+03,3.02466
0.923888889,3.33E+03,3.02442
0.924166667,3.33E+03,3.0242
0.924444444,3.33E+03,3.02454
0.924722222,3.33E+03,3.02448
0.925,3.33E+03,3.02429
0.925277778,3.33E+03,3.02466
0.925555556,3.33E+03,3.02426
0.925833333,3.33E+03,3.02369
0.926111111,3.33E+03,3.02422
0.926388889,3.34E+03,3.02344
0.926666667,3.34E+03,3.02382
0.926944444,3.34E+03,3.02397
0.927222222,3.34E+03,3.02394
0.9275,3.34E+03,3.02402
0.927777778,3.34E+03,3.02444
0.928055556,3.34E+03,3.02434
0.928333333,3.34E+03,3.02467
0.928611111,3.34E+03,3.02487
0.928888889,3.34E+03,3.02472
0.929166667,3.35E+03,3.02459
0.929444444,3.35E+03,3.02485
0.929722222,3.35E+03,3.02388
0.93,3.35E+03,3.02409
0.930277778,3.35E+03,3.02381
0.930555556,3.35E+03,3.02399
0.930833333,3.35E+03,3.02387
0.931111111,3.35E+03,3.02388
0.931388889,3.35E+03,3.02375
0.931666667,3.35E+03,3.02363
0.931944444,3.36E+03,3.0236
0.932222222,3.36E+03,3.02367
0.9325,3.36E+03,3.02352
0.932777778,3.36E+03,3.02352
0.933055556,3.36E+03,3.02384
0.933333333,3.36E+03,3.02404
0.933611111,3.36E+03,3.0233
0.933888889,3.36E+03,3.02368
0.934166667,3.36E+03,3.02298
0.934444444,3.36E+03,3.02371
0.934722222,3.37E+03,3.02328
0.935,3.37E+03,3.02332
0.935277778,3.37E+03,3.02319
0.935555556,3.37E+03,3.02373
0.935833333,3.37E+03,3.02302
0.936111111,3.37E+03,3.02305
0.936388889,3.37E+03,3.02295
0.936666667,3.37E+03,3.02305
0.936944444,3.37E+03,3.02392
0.937222222,3.37E+03,3.02354
0.9375,3.38E+03,3.02335
0.937777778,3.38E+03,3.02414
0.938055556,3.38E+03,3.02304
0.938333333,3.38E+03,3.02291
0.938611111,3.38E+03,3.02277
0.938888889,3.38E+03,3.02301
0.939166667,3.38E+03,3.02313
0.939444444,3.38E+03,3.02273
0.939722222,3.38E+03,3.0224
0.94,3.38E+03,3.02314
0.940277778,3.39E+03,3.02221
0.940555556,3.39E+03,3.02236
0.940833333,3.39E+03,3.02293
0.941111111,3.39E+03,3.02255
0.941388889,3.39E+03,3.02257
0.941666667,3.39E+03,3.023
0.941944444,3.39E+03,3.02278
0.942222222,3.39E+03,3.02315
0.9425,3.39E+03,3.02347
0.942777778,3.39E+03,3.02356
0.943055556,3.40E+03,3.02385
0.943333333,3.40E+03,3.02373
0.943611111,3.40E+03,3.02378
0.943888889,3.40E+03,3.02454
0.944166667,3.40E+03,3.02383
0.944444444,3.40E+03,3.02412
0.944722222,3.40E+03,3.02505
0.945,3.40E+03,3.025
0.945277778,3.40E+03,3.02522
0.945555556,3.40E+03,3.02584
0.945833333,3.41E+03,3.02562
0.946111111,3.41E+03,3.02633
0.946388889,3.41E+03,3.02686
0.946666667,3.41E+03,3.02697
0.946944444,3.41E+03,3.02755
0.947222222,3.41E+03,3.02732
0.9475,3.41E+03,3.02685
0.947777778,3.41E+03,3.02751
0.948055556,3.41E+03,3.02663
0.948333333,3.41E+03,3.02697
0.948611111,3.42E+03,3.02721
0.948888889,3.42E+03,3.02664
0.949166667,3.42E+03,3.02657
0.949444444,3.42E+03,3.0268
0.949722222,3.42E+03,3.02607
0.95,3.42E+03,3.0262
0.950277778,3.42E+03,3.02594
0.950555556,3.42E+03,3.02582
0.950833333,3.42E+03,3.02638
0.951111111,3.42E+03,3.0259
0.951388889,3.43E+03,3.02596
0.951666667,3.43E+03,3.02648
0.951944444,3.43E+03,3.02596
0.952222222,3.43E+03,3.02621
0.9525,3.43E+03,3.02601
0.952777778,3.43E+03,3.02588
0.953055556,3.43E+03,3.02663
0.953333333,3.43E+03,3.02639
0.953611111,3.43E+03,3.02585
0.953888889,3.43E+03,3.02667
0.954166667,3.44E+03,3.02557
0.954444444,3.44E+03,3.02536
0.954722222,3.44E+03,3.02555
0.955,3.44E+03,3.02567
0.955277778,3.44E+03,3.02626
0.955555556,3.44E+03,3.02611
0.955833333,3.44E+03,3.02579
0.956111111,3.44E+03,3.02645
0.956388889,3.44E+03,3.02572
0.956666667,3.44E+03,3.02563
0.956944444,3.45E+03,3.02612
0.957222222,3.45E+03,3.02606
0.9575,3.45E+03,3.02633
0.957777778,3.45E+03,3.02638
0.958055556,3.45E+03,3.02576
0.958333333,3.45E+03,3.02686
0.958611111,3.45E+03,3.02593
0.958888889,3.45E+03,3.02568
0.959166667,3.45E+03,3.02594
0.959444444,3.45E+03,3.02562
0.959722222,3.46E+03,3.02556
0.96,3.46E+03,3.02583
0.960277778,3.46E+03,3.02552
0.960555556,3.46E+03,3.02614
0.960833333,3.46E+03,3.02605
0.961111111,3.46E+03,3.02567
0.961388889,3.46E+03,3.02624
0.961666667,3.46E+03,3.0261
0.961944444,3.46E+03,3.02521
0.962222222,3.46E+03,3.02565
0.9625,3.47E+03,3.02508
0.962777778,3.47E+03,3.02492
0.963055556,3.47E+03,3.02524
0.963333333,3.47E+03,3.02497
0.963611111,3.47E+03,3.02483
0.963888889,3.47E+03,3.02494
0.964166667,3.47E+03,3.02468
0.964444444,3.47E+03,3.02537
0.964722222,3.47E+03,3.025
0.965,3.47E+03,3.02429
0.965277778,3.48E+03,3.02517
0.965555556,3.48E+03,3.02453
0.965833333,3.48E+03,3.02396
0.966111111,3.48E+03,3.02444
0.966388889,3.48E+03,3.02369
0.966666667,3.48E+03,3.0237
0.966944444,3.48E+03,3.02356
0.967222222,3.48E+03,3.02353
0.9675,3.48E+03,3.02381
0.967777778,3.48E+03,3.02408
0.968055556,3.49E+03,3.02376
0.968333333,3.49E+03,3.02436
0.968611111,3.49E+03,3.02381
0.968888889,3.49E+03,3.02351
0.969166667,3.49E+03,3.02377
0.969444444,3.49E+03,3.02349
0.969722222,3.49E+03,3.02366
0.97,3.49E+03,3.02392
0.970277778,3.49E+03,3.02341
0.970555556,3.49E+03,3.02389
0.970833333,3.50E+03,3.02369
0.971111111,3.50E+03,3.02299
0.971388889,3.50E+03,3.02276
0.971666667,3.50E+03,3.02344
0.971944444,3.50E+03,3.02372
0.972222222,3.50E+03,3.02378
0.9725,3.50E+03,3.02309
0.972777778,3.50E+03,3.02283
0.973055556,3.50E+03,3.02288
0.973333333,3.50E+03,3.02298
0.973611111,3.51E+03,3.02265
0.973888889,3.51E+03,3.02292
0.974166667,3.51E+03,3.02288
0.974444444,3.51E+03,3.02263
0.974722222,3.51E+03,3.02266
0.975,3.51E+03,3.02412
0.975277778,3.51E+03,3.02356
0.975555556,3.51E+03,3.02309
0.975833333,3.51E+03,3.02307
0.976111111,3.51E+03,3.02318
0.976388889,3.52E+03,3.02287
0.976666667,3.52E+03,3.02326
0.976944444,3.52E+03,3.02286
0.977222222,3.52E+03,3.02247
0.9775,3.52E+03,3.02272
0.977777778,3.52E+03,3.02267
0.978055556,3.52E+03,3.02233
0.978333333,3.52E+03,3.02264
0.978611111,3.52E+03,3.02205
0.978888889,3.52E+03,3.02234
0.979166667,3.53E+03,3.02257
0.979444444,3.53E+03,3.02226
0.979722222,3.53E+03,3.02265
0.98,3.53E+03,3.02266
0.980277778,3.53E+03,3.02221
0.980555556,3.53E+03,3.02306
0.980833333,3.53E+03,3.02221
0.981111111,3.53E+03,3.02208
0.981388889,3.53E+03,3.02355
0.981666667,3.53E+03,3.02314
0.981944444,3.54E+03,3.02268
0.982222222,3.54E+03,3.02347
0.9825,3.54E+03,3.02245
0.982777778,3.54E+03,3.02285
0.983055556,3.54E+03,3.02328
0.983333333,3.54E+03,3.02258
0.983611111,3.54E+03,3.02266
0.983888889,3.54E+03,3.023
0.984166667,3.54E+03,3.02273
0.984444444,3.54E+03,3.02309
0.984722222,3.55E+03,3.02285
0.985,3.55E+03,3.02293
0.985277778,3.55E+03,3.02321
0.985555556,3.55E+03,3.02294
0.985833333,3.55E+03,3.0221
0.986111111,3.55E+03,3.02306
0.986388889,3.55E+03,3.02244
0.986666667,3.55E+03,3.02278
0.986944444,3.55E+03,3.02273
0.987222222,3.55E+03,3.02213
0.9875,3.56E+03,3.02228
0.987777778,3.56E+03,3.02248
0.988055556,3.56E+03,3.02198
0.988333333,3.56E+03,3.02246
0.988611111,3.56E+03,3.0225
0.988888889,3.56E+03,3.02198
0.989166667,3.56E+03,3.02271
0.989444444,3.56E+03,3.02211
0.989722222,3.56E+03,3.02196
0.99,3.56E+03,3.02221
0.990277778,3.57E+03,3.02175
0.990555556,3.57E+03,3.02219
0.990833333,3.57E+03,3.02186
0.991111111,3.57E+03,3.02183
0.991388889,3.57E+03,3.02224
0.991666667,3.57E+03,3.02193
0.991944444,3.57E+03,3.0213
0.992222222,3.57E+03,3.02188
0.9925,3.57E+03,3.02083
0.992777778,3.57E+03,3.02092
0.993055556,3.58E+03,3.02105
0.993333333,3.58E+03,3.02115
0.993611111,3.58E+03,3.02128
0.993888889,3.58E+03,3.02095
0.994166667,3.58E+03,3.0204
0.994444444,3.58E+03,3.02105
0.994722222,3.58E+03,3.02034
0.995,3.58E+03,3.02031
0.995277778,3.58E+03,3.02139
0.995555556,3.58E+03,3.02066
0.995833333,3.59E+03,3.02049
0.996111111,3.59E+03,3.02112
0.996388889,3.59E+03,3.02069
0.996666667,3.59E+03,3.02042
0.996944444,3.59E+03,3.02018
0.997222222,3.59E+03,3.02021
0.9975,3.59E+03,3.02005
0.997777778,3.59E+03,3.02007
0.998055556,3.59E+03,3.01946
0.998333333,3.59E+03,3.02001
0.998611111,3.60E+03,3.01958
0.998888889,3.60E+03,3.01998
0.999166667,3.60E+03,3.01993
0.999444444,3.60E+03,3.01996
0.999722222,3.60E+03,3.02001
1,3.60E+03,3.01998
1.000277778,3.60E+03,3.01985
1.000555556,3.60E+03,3.01986
1.000833333,3.60E+03,3.01985
1.001111111,3.60E+03,3.01994
1.001388889,3.61E+03,3.02016
1.001666667,3.61E+03,3.02028
1.001944444,3.61E+03,3.01952
1.002222222,3.61E+03,3.01983
1.0025,3.61E+03,3.01957
1.002777778,3.61E+03,3.01978
1.003055556,3.61E+03,3.01933
1.003333333,3.61E+03,3.01917
1.003611111,3.61E+03,3.0194
1.003888889,3.61E+03,3.01895
1.004166667,3.62E+03,3.01886
1.004444444,3.62E+03,3.01904
1.004722222,3.62E+03,3.01895
1.005,3.62E+03,3.01943
1.005277778,3.62E+03,3.01901
1.005555556,3.62E+03,3.01855
1.005833333,3.62E+03,3.01904
1.006111111,3.62E+03,3.01861
1.006388889,3.62E+03,3.01901
1.006666667,3.62E+03,3.01934
1.006944444,3.62E+03,3.01854
1.007222222,3.63E+03,3.01889
1.0075,3.63E+03,3.01851
1.007777778,3.63E+03,3.0182
1.008055556,3.63E+03,3.0184
1.008333333,3.63E+03,3.01838
1.008611111,3.63E+03,3.01796
1.008888889,3.63E+03,3.01829
1.009166667,3.63E+03,3.01797
1.009444444,3.63E+03,3.01781
1.009722222,3.63E+03,3.01814
1.01,3.64E+03,3.01787
1.010277778,3.64E+03,3.01768
1.010555556,3.64E+03,3.01802
1.010833333,3.64E+03,3.01774
1.011111111,3.64E+03,3.01801
1.011388889,3.64E+03,3.01807
1.011666667,3.64E+03,3.0178
1.011944444,3.64E+03,3.01801
1.012222222,3.64E+03,3.01764
1.0125,3.65E+03,3.01791
1.012777778,3.65E+03,3.01742
1.013055556,3.65E+03,3.01717
1.013333333,3.65E+03,3.01729
1.013611111,3.65E+03,3.01666
1.013888889,3.65E+03,3.01718
1.014166667,3.65E+03,3.01709
1.014444444,3.65E+03,3.01735
1.014722222,3.65E+03,3.01724
1.015,3.65E+03,3.01773
1.015277778,3.66E+03,3.01811
1.015555556,3.66E+03,3.01828
1.015833333,3.66E+03,3.018
1.016111111,3.66E+03,3.01831
1.016388889,3.66E+03,3.01823
1.016666667,3.66E+03,3.01874
1.016944444,3.66E+03,3.0182
1.017222222,3.66E+03,3.0184
1.0175,3.66E+03,3.01828
1.017777778,3.66E+03,3.01813
1.018055556,3.67E+03,3.01794
1.018333333,3.67E+03,3.01852
1.018611111,3.67E+03,3.01813
1.018888889,3.67E+03,3.01769
1.019166667,3.67E+03,3.01775
1.019444444,3.67E+03,3.01804
1.019722222,3.67E+03,3.01755
1.02,3.67E+03,3.018
1.020277778,3.67E+03,3.01778
1.020555556,3.67E+03,3.01744
1.020833333,3.67E+03,3.01801
1.021111111,3.68E+03,3.01784
1.021388889,3.68E+03,3.01748
1.021666667,3.68E+03,3.01771
1.021944444,3.68E+03,3.01719
1.022222222,3.68E+03,3.01711
1.0225,3.68E+03,3.01748
1.022777778,3.68E+03,3.01768
1.023055556,3.68E+03,3.0171
1.023333333,3.68E+03,3.0179
1.023611111,3.69E+03,3.01746
1.023888889,3.69E+03,3.01778
1.024166667,3.69E+03,3.0178
1.024444444,3.69E+03,3.01808
1.024722222,3.69E+03,3.01776
1.025,3.69E+03,3.01773
1.025277778,3.69E+03,3.01746
1.025555556,3.69E+03,3.01781
1.025833333,3.69E+03,3.017
1.026111111,3.69E+03,3.01786
1.026388889,3.70E+03,3.01709
1.026666667,3.70E+03,3.01659
1.026944444,3.70E+03,3.01744
1.027222222,3.70E+03,3.01714
1.0275,3.70E+03,3.01615
1.027777778,3.70E+03,3.0172
1.028055556,3.70E+03,3.01657
1.028333333,3.70E+03,3.01665
1.028611111,3.70E+03,3.01715
1.028888889,3.70E+03,3.01637
1.029166667,3.71E+03,3.01704
1.029444444,3.71E+03,3.01687
1.029722222,3.71E+03,3.01706
1.03,3.71E+03,3.01752
1.030277778,3.71E+03,3.01691
1.030555556,3.71E+03,3.01659
1.030833333,3.71E+03,3.01671
1.031111111,3.71E+03,3.01626
1.031388889,3.71E+03,3.01638
1.031666667,3.71E+03,3.01572
1.031944444,3.71E+03,3.01549
1.032222222,3.72E+03,3.01613
1.0325,3.72E+03,3.01574
1.032777778,3.72E+03,3.01576
1.033055556,3.72E+03,3.01641
1.033333333,3.72E+03,3.01607
1.033611111,3.72E+03,3.01557
1.033888889,3.72E+03,3.01592
1.034166667,3.72E+03,3.01539
1.034444444,3.72E+03,3.01586
1.034722222,3.72E+03,3.0154
1.035,3.73E+03,3.01521
1.035277778,3.73E+03,3.01573
1.035555556,3.73E+03,3.015
1.035833333,3.73E+03,3.01519
1.036111111,3.73E+03,3.01538
1.036388889,3.73E+03,3.01489
1.036666667,3.73E+03,3.01555
1.036944444,3.73E+03,3.01499
1.037222222,3.73E+03,3.01482
1.0375,3.74E+03,3.01536
1.037777778,3.74E+03,3.01532
1.038055556,3.74E+03,3.01483
1.038333333,3.74E+03,3.01507
1.038611111,3.74E+03,3.01457
1.038888889,3.74E+03,3.01457
1.039166667,3.74E+03,3.01442
1.039444444,3.74E+03,3.01481
1.039722222,3.74E+03,3.0143
1.04,3.74E+03,3.01394
1.040277778,3.75E+03,3.01417
1.040555556,3.75E+03,3.01431
1.040833333,3.75E+03,3.01402
1.041111111,3.75E+03,3.0144
1.041388889,3.75E+03,3.0141
1.041666667,3.75E+03,3.01406
1.041944444,3.75E+03,3.01428
1.042222222,3.75E+03,3.01455
1.0425,3.75E+03,3.01389
1.042777778,3.75E+03,3.01434
1.043055556,3.76E+03,3.01419
1.043333333,3.76E+03,3.01421
1.043611111,3.76E+03,3.01434
1.043888889,3.76E+03,3.01442
1.044166667,3.76E+03,3.01427
1.044444444,3.76E+03,3.01393
1.044722222,3.76E+03,3.01382
1.045,3.76E+03,3.01436
1.045277778,3.76E+03,3.01364
1.045555556,3.76E+03,3.01374
1.045833333,3.76E+03,3.01424
1.046111111,3.77E+03,3.01381
1.046388889,3.77E+03,3.0136
1.046666667,3.77E+03,3.01396
1.046944444,3.77E+03,3.01356
1.047222222,3.77E+03,3.01414
1.0475,3.77E+03,3.01385
1.047777778,3.77E+03,3.01421
1.048055556,3.77E+03,3.01407
1.048333333,3.77E+03,3.01379
1.048611111,3.78E+03,3.01397
1.048888889,3.78E+03,3.01374
1.049166667,3.78E+03,3.01371
1.049444444,3.78E+03,3.01405
1.049722222,3.78E+03,3.01398
1.05,3.78E+03,3.01392
1.050277778,3.78E+03,3.01406
1.050555556,3.78E+03,3.0141
1.050833333,3.78E+03,3.01375
1.051111111,3.78E+03,3.01391
1.051388889,3.79E+03,3.01419
1.051666667,3.79E+03,3.01427
1.051944444,3.79E+03,3.01432
1.052222222,3.79E+03,3.01392
1.0525,3.79E+03,3.01438
1.052777778,3.79E+03,3.0142
1.053055556,3.79E+03,3.01371
1.053333333,3.79E+03,3.01447
1.053611111,3.79E+03,3.0139
1.053888889,3.79E+03,3.01423
1.054166667,3.80E+03,3.01385
1.054444444,3.80E+03,3.0136
1.054722222,3.80E+03,3.01366
1.055,3.80E+03,3.01357
1.055277778,3.80E+03,3.0135
1.055555556,3.80E+03,3.01362
1.055833333,3.80E+03,3.01306
1.056111111,3.80E+03,3.0136
1.056388889,3.80E+03,3.0133
1.056666667,3.80E+03,3.0133
1.056944444,3.80E+03,3.01329
1.057222222,3.81E+03,3.01357
1.0575,3.81E+03,3.01341
1.057777778,3.81E+03,3.0135
1.058055556,3.81E+03,3.01346
1.058333333,3.81E+03,3.01328
1.058611111,3.81E+03,3.01352
1.058888889,3.81E+03,3.01308
1.059166667,3.81E+03,3.01388
1.059444444,3.81E+03,3.01348
1.059722222,3.81E+03,3.01275
1.06,3.82E+03,3.01366
1.060277778,3.82E+03,3.01326
1.060555556,3.82E+03,3.01286
1.060833333,3.82E+03,3.01323
1.061111111,3.82E+03,3.01326
1.061388889,3.82E+03,3.0132
1.061666667,3.82E+03,3.01268
1.061944444,3.82E+03,3.01256
1.062222222,3.82E+03,3.01287
1.0625,3.83E+03,3.01236
1.062777778,3.83E+03,3.01286
1.063055556,3.83E+03,3.01276
1.063333333,3.83E+03,3.0127
1.063611111,3.83E+03,3.01277
1.063888889,3.83E+03,3.0127
1.064166667,3.83E+03,3.01287
1.064444444,3.83E+03,3.01307
1.064722222,3.83E+03,3.01302
1.065,3.83E+03,3.01272
1.065277778,3.84E+03,3.0129
1.065555556,3.84E+03,3.01288
1.065833333,3.84E+03,3.01261
1.066111111,3.84E+03,3.01256
1.066388889,3.84E+03,3.01232
1.066666667,3.84E+03,3.01287
1.066944444,3.84E+03,3.01268
1.067222222,3.84E+03,3.01221
1.0675,3.84E+03,3.0129
1.067777778,3.84E+03,3.01216
1.068055556,3.85E+03,3.01166
1.068333333,3.85E+03,3.01199
1.068611111,3.85E+03,3.01138
1.068888889,3.85E+03,3.01177
1.069166667,3.85E+03,3.01158
1.069444444,3.85E+03,3.01135
1.069722222,3.85E+03,3.01191
1.07,3.85E+03,3.01175
1.070277778,3.85E+03,3.01213
1.070555556,3.85E+03,3.01205
1.070833333,3.85E+03,3.0116
1.071111111,3.86E+03,3.01243
1.071388889,3.86E+03,3.01208
1.071666667,3.86E+03,3.0118
1.071944444,3.86E+03,3.01214
1.072222222,3.86E+03,3.0119
1.0725,3.86E+03,3.01215
1.072777778,3.86E+03,3.01203
1.073055556,3.86E+03,3.0122
1.073333333,3.86E+03,3.01201
1.073611111,3.87E+03,3.01205
1.073888889,3.87E+03,3.01173
1.074166667,3.87E+03,3.01229
1.074444444,3.87E+03,3.01211
1.074722222,3.87E+03,3.01173
1.075,3.87E+03,3.01255
1.075277778,3.87E+03,3.0122
1.075555556,3.87E+03,3.01197
1.075833333,3.87E+03,3.01222
1.076111111,3.87E+03,3.01231
1.076388889,3.88E+03,3.01203
1.076666667,3.88E+03,3.01143
1.076944444,3.88E+03,3.01145
1.077222222,3.88E+03,3.0123
1.0775,3.88E+03,3.01195
1.077777778,3.88E+03,3.01138
1.078055556,3.88E+03,3.01202
1.078333333,3.88E+03,3.01122
1.078611111,3.88E+03,3.01163
1.078888889,3.88E+03,3.01152
1.079166667,3.89E+03,3.0114
1.079444444,3.89E+03,3.01154
1.079722222,3.89E+03,3.01107
1.08,3.89E+03,3.01097
1.080277778,3.89E+03,3.01139
1.080555556,3.89E+03,3.01068
1.080833333,3.89E+03,3.01186
1.081111111,3.89E+03,3.01225
1.081388889,3.89E+03,3.01254
1.081666667,3.89E+03,3.01238
1.081944444,3.89E+03,3.01233
1.082222222,3.90E+03,3.01235
1.0825,3.90E+03,3.01258
1.082777778,3.90E+03,3.01214
1.083055556,3.90E+03,3.01262
1.083333333,3.90E+03,3.0121
1.083611111,3.90E+03,3.01212
1.083888889,3.90E+03,3.01212
1.084166667,3.90E+03,3.01226
1.084444444,3.90E+03,3.01216
1.084722222,3.90E+03,3.01228
1.085,3.91E+03,3.01198
1.085277778,3.91E+03,3.01255
1.085555556,3.91E+03,3.01177
1.085833333,3.91E+03,3.01163
1.086111111,3.91E+03,3.01219
1.086388889,3.91E+03,3.01231
1.086666667,3.91E+03,3.01136
1.086944444,3.91E+03,3.01201
1.087222222,3.91E+03,3.01188
1.0875,3.92E+03,3.01178
1.087777778,3.92E+03,3.01183
1.088055556,3.92E+03,3.01128
1.088333333,3.92E+03,3.01234
1.088611111,3.92E+03,3.01189
1.088888889,3.92E+03,3.01111
1.089166667,3.92E+03,3.01181
1.089444444,3.92E+03,3.01144
1.089722222,3.92E+03,3.01159
1.09,3.92E+03,3.01144
1.090277778,3.93E+03,3.01122
1.090555556,3.93E+03,3.01173
1.090833333,3.93E+03,3.01137
1.091111111,3.93E+03,3.01111
1.091388889,3.93E+03,3.01213
1.091666667,3.93E+03,3.01122
1.091944444,3.93E+03,3.01097
1.092222222,3.93E+03,3.01155
1.0925,3.93E+03,3.01126
1.092777778,3.93E+03,3.01075
1.093055556,3.94E+03,3.01121
1.093333333,3.94E+03,3.01109
1.093611111,3.94E+03,3.01138
1.093888889,3.94E+03,3.0104
1.094166667,3.94E+03,3.01051
1.094444444,3.94E+03,3.01112
1.094722222,3.94E+03,3.01037
1.095,3.94E+03,3.01047
1.095277778,3.94E+03,3.01111
1.095555556,3.94E+03,3.01015
1.095833333,3.94E+03,3.01035
1.096111111,3.95E+03,3.01074
1.096388889,3.95E+03,3.01042
1.096666667,3.95E+03,3.01094
1.096944444,3.95E+03,3.01046
1.097222222,3.95E+03,3.01031
1.0975,3.95E+03,3.01051
1.097777778,3.95E+03,3.00957
1.098055556,3.95E+03,3.01064
1.098333333,3.95E+03,3.00987
1.098611111,3.96E+03,3.00977
1.098888889,3.96E+03,3.01022
1.099166667,3.96E+03,3.01024
1.099444444,3.96E+03,3.00978
1.099722222,3.96E+03,3.0098
1.1,3.96E+03,3.00975
1.100277778,3.96E+03,3.01
1.100555556,3.96E+03,3.0098
1.100833333,3.96E+03,3.00915
1.101111111,3.96E+03,3.00993
1.101388889,3.97E+03,3.00994
1.101666667,3.97E+03,3.00915
1.101944444,3.97E+03,3.01004
1.102222222,3.97E+03,3.00923
1.1025,3.97E+03,3.00943
1.102777778,3.97E+03,3.00966
1.103055556,3.97E+03,3.00984
1.103333333,3.97E+03,3.00928
1.103611111,3.97E+03,3.00881
1.103888889,3.97E+03,3.00863
1.104166667,3.98E+03,3.00908
1.104444444,3.98E+03,3.00798
1.104722222,3.98E+03,3.00783
1.105,3.98E+03,3.0084
1.105277778,3.98E+03,3.0079
1.105555556,3.98E+03,3.00771
1.105833333,3.98E+03,3.00812
1.106111111,3.98E+03,3.00746
1.106388889,3.98E+03,3.00771
1.106666667,3.98E+03,3.00756
1.106944444,3.98E+03,3.00724
1.107222222,3.99E+03,3.00797
1.1075,3.99E+03,3.00717
1.107777778,3.99E+03,3.00758
1.108055556,3.99E+03,3.00769
1.108333333,3.99E+03,3.00715
1.108611111,3.99E+03,3.00835
1.108888889,3.99E+03,3.00773
1.109166667,3.99E+03,3.00725
1.109444444,3.99E+03,3.00753
1.109722222,3.99E+03,3.00711
1.11,4.00E+03,3.00677
1.110277778,4.00E+03,3.00733
1.110555556,4.00E+03,3.00657
1.110833333,4.00E+03,3.00702
1.111111111,4.00E+03,3.00668
1.111388889,4.00E+03,3.00683
1.111666667,4.00E+03,3.00646
1.111944444,4.00E+03,3.00629
1.112222222,4.00E+03,3.00646
1.1125,4.01E+03,3.00649
1.112777778,4.01E+03,3.00613
1.113055556,4.01E+03,3.00618
1.113333333,4.01E+03,3.00612
1.113611111,4.01E+03,3.00596
1.113888889,4.01E+03,3.00613
1.114166667,4.01E+03,3.00655
1.114444444,4.01E+03,3.00594
1.114722222,4.01E+03,3.00583
1.115,4.01E+03,3.00604
1.115277778,4.02E+03,3.00594
1.115555556,4.02E+03,3.00621
1.115833333,4.02E+03,3.00586
1.116111111,4.02E+03,3.00586
1.116388889,4.02E+03,3.00557
1.116666667,4.02E+03,3.00511
1.116944444,4.02E+03,3.00592
1.117222222,4.02E+03,3.00494
1.1175,4.02E+03,3.00432
1.117777778,4.02E+03,3.00462
1.118055556,4.03E+03,3.00387
1.118333333,4.03E+03,3.0033
1.118611111,4.03E+03,3.00365
1.118888889,4.03E+03,3.00383
1.119166667,4.03E+03,3.00409
1.119444444,4.03E+03,3.00367
1.119722222,4.03E+03,3.00357
1.12,4.03E+03,3.00425
1.120277778,4.03E+03,3.00403
1.120555556,4.03E+03,3.00406
1.120833333,4.03E+03,3.00456
1.121111111,4.04E+03,3.00445
1.121388889,4.04E+03,3.00463
1.121666667,4.04E+03,3.00475
1.121944444,4.04E+03,3.0048
1.122222222,4.04E+03,3.00502
1.1225,4.04E+03,3.00451
1.122777778,4.04E+03,3.00477
1.123055556,4.04E+03,3.00428
1.123333333,4.04E+03,3.0043
1.123611111,4.05E+03,3.00431
1.123888889,4.05E+03,3.00458
1.124166667,4.05E+03,3.00478
1.124444444,4.05E+03,3.0048
1.124722222,4.05E+03,3.00456
1.125,4.05E+03,3.00445
1.125277778,4.05E+03,3.00457
1.125555556,4.05E+03,3.00433
1.125833333,4.05E+03,3.00534
1.126111111,4.05E+03,3.00494
1.126388889,4.06E+03,3.00417
1.126666667,4.06E+03,3.00444
1.126944444,4.06E+03,3.00396
1.127222222,4.06E+03,3.00408
1.1275,4.06E+03,3.00433
1.127777778,4.06E+03,3.00413
1.128055556,4.06E+03,3.00414
1.128333333,4.06E+03,3.00403
1.128611111,4.06E+03,3.00365
1.128888889,4.06E+03,3.00412
1.129166667,4.07E+03,3.00335
1.129444444,4.07E+03,3.00327
1.129722222,4.07E+03,3.00388
1.13,4.07E+03,3.00318
1.130277778,4.07E+03,3.00336
1.130555556,4.07E+03,3.00333
1.130833333,4.07E+03,3.00359
1.131111111,4.07E+03,3.00391
1.131388889,4.07E+03,3.00353
1.131666667,4.07E+03,3.00339
1.131944444,4.07E+03,3.00338
1.132222222,4.08E+03,3.00271
1.1325,4.08E+03,3.00271
1.132777778,4.08E+03,3.00289
1.133055556,4.08E+03,3.00257
1.133333333,4.08E+03,3.00298
1.133611111,4.08E+03,3.00294
1.133888889,4.08E+03,3.00236
1.134166667,4.08E+03,3.00296
1.134444444,4.08E+03,3.00282
1.134722222,4.08E+03,3.00388
1.135,4.09E+03,3.00356
1.135277778,4.09E+03,3.00264
1.135555556,4.09E+03,3.00372
1.135833333,4.09E+03,3.00342
1.136111111,4.09E+03,3.00338
1.136388889,4.09E+03,3.00472
1.136666667,4.09E+03,3.00411
1.136944444,4.09E+03,3.00357
1.137222222,4.09E+03,3.00388
1.1375,4.10E+03,3.00418
1.137777778,4.10E+03,3.00525
1.138055556,4.10E+03,3.00377
1.138333333,4.10E+03,3.00591
1.138611111,4.10E+03,3.00705
1.138888889,4.10E+03,3.00695
1.139166667,4.10E+03,3.00696
1.139444444,4.10E+03,3.00775
1.139722222,4.10E+03,3.00648
1.14,4.10E+03,3.00691
1.140277778,4.11E+03,3.00644
1.140555556,4.11E+03,3.00661
1.140833333,4.11E+03,3.00687
1.141111111,4.11E+03,3.00674
1.141388889,4.11E+03,3.00694
1.141666667,4.11E+03,3.00711
1.141944444,4.11E+03,3.00677
1.142222222,4.11E+03,3.00678
1.1425,4.11E+03,3.00646
1.142777778,4.11E+03,3.00625
1.143055556,4.12E+03,3.007
1.143333333,4.12E+03,3.00712
1.143611111,4.12E+03,3.00648
1.143888889,4.12E+03,3.00689
1.144166667,4.12E+03,3.00639
1.144444444,4.12E+03,3.00646
1.144722222,4.12E+03,3.00656
1.145,4.12E+03,3.00665
1.145277778,4.12E+03,3.0066
1.145555556,4.12E+03,3.00638
1.145833333,4.12E+03,3.00622
1.146111111,4.13E+03,3.00648
1.146388889,4.13E+03,3.00582
1.146666667,4.13E+03,3.00584
1.146944444,4.13E+03,3.00594
1.147222222,4.13E+03,3.00548
1.1475,4.13E+03,3.00577
1.147777778,4.13E+03,3.00553
1.148055556,4.13E+03,3.00549
1.148333333,4.13E+03,3.00537
1.148611111,4.14E+03,3.00493
1.148888889,4.14E+03,3.00496
1.149166667,4.14E+03,3.00496
1.149444444,4.14E+03,3.00491
1.149722222,4.14E+03,3.00498
1.15,4.14E+03,3.00494
1.150277778,4.14E+03,3.00465
1.150555556,4.14E+03,3.00539
1.150833333,4.14E+03,3.00494
1.151111111,4.14E+03,3.00526
1.151388889,4.15E+03,3.00503
1.151666667,4.15E+03,3.00475
1.151944444,4.15E+03,3.00483
1.152222222,4.15E+03,3.00468
1.1525,4.15E+03,3.00452
1.152777778,4.15E+03,3.00464
1.153055556,4.15E+03,3.00445
1.153333333,4.15E+03,3.00448
1.153611111,4.15E+03,3.00467
1.153888889,4.15E+03,3.0044
1.154166667,4.16E+03,3.00473
1.154444444,4.16E+03,3.00491
1.154722222,4.16E+03,3.00429
1.155,4.16E+03,3.00493
1.155277778,4.16E+03,3.00419
1.155555556,4.16E+03,3.004
1.155833333,4.16E+03,3.00446
1.156111111,4.16E+03,3.00412
1.156388889,4.16E+03,3.00391
1.156666667,4.16E+03,3.00387
1.156944444,4.16E+03,3.00391
1.157222222,4.17E+03,3.00411
1.1575,4.17E+03,3.00372
1.157777778,4.17E+03,3.00372
1.158055556,4.17E+03,3.00414
1.158333333,4.17E+03,3.00421
1.158611111,4.17E+03,3.00422
1.158888889,4.17E+03,3.00429
1.159166667,4.17E+03,3.00393
1.159444444,4.17E+03,3.00426
1.159722222,4.17E+03,3.00406
1.16,4.18E+03,3.00418
1.160277778,4.18E+03,3.00417
1.160555556,4.18E+03,3.00383
1.160833333,4.18E+03,3.00411
1.161111111,4.18E+03,3.00393
1.161388889,4.18E+03,3.00383
1.161666667,4.18E+03,3.00409
1.161944444,4.18E+03,3.00372
1.162222222,4.18E+03,3.00382
1.1625,4.19E+03,3.00399
1.162777778,4.19E+03,3.00426
1.163055556,4.19E+03,3.00382
1.163333333,4.19E+03,3.00407
1.163611111,4.19E+03,3.00421
1.163888889,4.19E+03,3.00454
1.164166667,4.19E+03,3.00421
1.164444444,4.19E+03,3.0037
1.164722222,4.19E+03,3.00417
1.165,4.19E+03,3.00379
1.165277778,4.20E+03,3.0032
1.165555556,4.20E+03,3.00396
1.165833333,4.20E+03,3.00356
1.166111111,4.20E+03,3.00458
1.166388889,4.20E+03,3.00387
1.166666667,4.20E+03,3.00378
1.166944444,4.20E+03,3.00432
1.167222222,4.20E+03,3.00386
1.1675,4.20E+03,3.00379
1.167777778,4.20E+03,3.00433
1.168055556,4.21E+03,3.0034
1.168333333,4.21E+03,3.0039
1.168611111,4.21E+03,3.00354
1.168888889,4.21E+03,3.00383
1.169166667,4.21E+03,3.00379
1.169444444,4.21E+03,3.00289
1.169722222,4.21E+03,3.00304
1.17,4.21E+03,3.00318
1.170277778,4.21E+03,3.00266
1.170555556,4.21E+03,3.00275
1.170833333,4.21E+03,3.00282
1.171111111,4.22E+03,3.00235
1.171388889,4.22E+03,3.0028
1.171666667,4.22E+03,3.0023
1.171944444,4.22E+03,3.00269
1.172222222,4.22E+03,3.00251
1.1725,4.22E+03,3.00205
1.172777778,4.22E+03,3.00263
1.173055556,4.22E+03,3.00274
1.173333333,4.22E+03,3.00263
1.173611111,4.23E+03,3.00268
1.173888889,4.23E+03,3.0023
1.174166667,4.23E+03,3.00272
1.174444444,4.23E+03,3.00233
1.174722222,4.23E+03,3.00204
1.175,4.23E+03,3.0025
1.175277778,4.23E+03,3.00222
1.175555556,4.23E+03,3.00169
1.175833333,4.23E+03,3.00188
1.176111111,4.23E+03,3.00197
1.176388889,4.24E+03,3.00167
1.176666667,4.24E+03,3.00144
1.176944444,4.24E+03,3.0014
1.177222222,4.24E+03,3.00275
1.1775,4.24E+03,3.00207
1.177777778,4.24E+03,3.00148
1.178055556,4.24E+03,3.00209
1.178333333,4.24E+03,3.00215
1.178611111,4.24E+03,3.00215
1.178888889,4.24E+03,3.00137
1.179166667,4.25E+03,3.00154
1.179444444,4.25E+03,3.00249
1.179722222,4.25E+03,3.00222
1.18,4.25E+03,3.00199
1.180277778,4.25E+03,3.00235
1.180555556,4.25E+03,3.0019
1.180833333,4.25E+03,3.00203
1.181111111,4.25E+03,3.00123
1.181388889,4.25E+03,3.00118
1.181666667,4.25E+03,3.00185
1.181944444,4.25E+03,3.0019
1.182222222,4.26E+03,3.00129
1.1825,4.26E+03,3.00187
1.182777778,4.26E+03,3.00111
1.183055556,4.26E+03,3.00207
1.183333333,4.26E+03,3.00122
1.183611111,4.26E+03,3.00087
1.183888889,4.26E+03,3.00149
1.184166667,4.26E+03,3.00103
1.184444444,4.26E+03,3.00046
1.184722222,4.26E+03,3.00094
1.185,4.27E+03,3.00059
1.185277778,4.27E+03,3.00102
1.185555556,4.27E+03,3.0002
1.185833333,4.27E+03,3.00051
1.186111111,4.27E+03,3.00071
1.186388889,4.27E+03,3.0003
1.186666667,4.27E+03,3.00032
1.186944444,4.27E+03,3.00074
1.187222222,4.27E+03,3.00031
1.1875,4.28E+03,3.00085
1.187777778,4.28E+03,3.00048
1.188055556,4.28E+03,3.00047
1.188333333,4.28E+03,3.00082
1.188611111,4.28E+03,3.00016
1.188888889,4.28E+03,3.0006
1.189166667,4.28E+03,3.00081
1.189444444,4.28E+03,3.00043
1.189722222,4.28E+03,3.00107
1.19,4.28E+03,3.00128
1.190277778,4.29E+03,3.00167
1.190555556,4.29E+03,3.00178
1.190833333,4.29E+03,3.00132
1.191111111,4.29E+03,3.00156
1.191388889,4.29E+03,3.00176
1.191666667,4.29E+03,3.00108
1.191944444,4.29E+03,3.00173
1.192222222,4.29E+03,3.00094
1.1925,4.29E+03,3.00142
1.192777778,4.29E+03,3.0012
1.193055556,4.30E+03,3.00041
1.193333333,4.30E+03,3.00028
1.193611111,4.30E+03,3.00012
1.193888889,4.30E+03,3.00021
1.194166667,4.30E+03,3.00049
1.194444444,4.30E+03,3.00031
1.194722222,4.30E+03,3.00073
1.195,4.30E+03,3.00038
1.195277778,4.30E+03,3.00002
1.195555556,4.30E+03,3.0001
1.195833333,4.30E+03,3.00023
1.196111111,4.31E+03,2.99993
1.196388889,4.31E+03,3.00033
1.196666667,4.31E+03,2.99993
1.196944444,4.31E+03,3.00046
1.197222222,4.31E+03,3.00025
1.1975,4.31E+03,2.99999
1.197777778,4.31E+03,3.00005
1.198055556,4.31E+03,3.00003
1.198333333,4.31E+03,2.99936
1.198611111,4.32E+03,2.99997
1.198888889,4.32E+03,2.99935
1.199166667,4.32E+03,2.99984
1.199444444,4.32E+03,2.9992
1.199722222,4.32E+03,2.99903
1.2,4.32E+03,2.99895
1.200277778,4.32E+03,2.99907
1.200555556,4.32E+03,2.99846
1.200833333,4.32E+03,2.99875
1.201111111,4.32E+03,2.99831
1.201388889,4.33E+03,2.99897
1.201666667,4.33E+03,2.99849
1.201944444,4.33E+03,2.99879
1.202222222,4.33E+03,2.99892
1.2025,4.33E+03,2.99877
1.202777778,4.33E+03,2.99859
1.203055556,4.33E+03,2.99883
1.203333333,4.33E+03,2.99853
1.203611111,4.33E+03,2.99909
1.203888889,4.33E+03,2.99879
1.204166667,4.34E+03,2.99886
1.204444444,4.34E+03,2.99894
1.204722222,4.34E+03,2.99873
1.205,4.34E+03,2.99896
1.205277778,4.34E+03,2.99885
1.205555556,4.34E+03,2.99893
1.205833333,4.34E+03,2.99925
1.206111111,4.34E+03,2.99865
1.206388889,4.34E+03,2.99809
1.206666667,4.34E+03,2.99859
1.206944444,4.34E+03,2.99755
1.207222222,4.35E+03,2.99806
1.2075,4.35E+03,2.99779
1.207777778,4.35E+03,2.99812
1.208055556,4.35E+03,2.998
1.208333333,4.35E+03,2.99771
1.208611111,4.35E+03,2.99768
1.208888889,4.35E+03,2.99806
1.209166667,4.35E+03,2.99726
1.209444444,4.35E+03,2.99771
1.209722222,4.35E+03,2.99766
1.21,4.36E+03,2.998
1.210277778,4.36E+03,2.99804
1.210555556,4.36E+03,2.99724
1.210833333,4.36E+03,2.99788
1.211111111,4.36E+03,2.99765
1.211388889,4.36E+03,2.9971
1.211666667,4.36E+03,2.99751
1.211944444,4.36E+03,2.99697
1.212222222,4.36E+03,2.99695
1.2125,4.37E+03,2.99707
1.212777778,4.37E+03,2.99667
1.213055556,4.37E+03,2.99719
1.213333333,4.37E+03,2.99729
1.213611111,4.37E+03,2.99712
1.213888889,4.37E+03,2.99708
1.214166667,4.37E+03,2.9962
1.214444444,4.37E+03,2.9968
1.214722222,4.37E+03,2.99636
1.215,4.37E+03,2.99599
1.215277778,4.38E+03,2.99603
1.215555556,4.38E+03,2.99619
1.215833333,4.38E+03,2.99611
1.216111111,4.38E+03,2.99594
1.216388889,4.38E+03,2.99566
1.216666667,4.38E+03,2.99605
1.216944444,4.38E+03,2.99588
1.217222222,4.38E+03,2.99495
1.2175,4.38E+03,2.99536
1.217777778,4.38E+03,2.99527
1.218055556,4.39E+03,2.99467
1.218333333,4.39E+03,2.99506
1.218611111,4.39E+03,2.99456
1.218888889,4.39E+03,2.99472
1.219166667,4.39E+03,2.9946
1.219444444,4.39E+03,2.99463
1.219722222,4.39E+03,2.99497
1.22,4.39E+03,2.99558
1.220277778,4.39E+03,2.99569
1.220555556,4.39E+03,2.99624
1.220833333,4.39E+03,2.99635
1.221111111,4.40E+03,2.99752
1.221388889,4.40E+03,2.99774
1.221666667,4.40E+03,2.99821
1.221944444,4.40E+03,2.99915
1.222222222,4.40E+03,2.99927
1.2225,4.40E+03,2.99904
1.222777778,4.40E+03,2.99986
1.223055556,4.40E+03,2.99955
1.223333333,4.40E+03,2.99978
1.223611111,4.41E+03,2.99942
1.223888889,4.41E+03,2.99898
1.224166667,4.41E+03,2.99926
1.224444444,4.41E+03,2.99915
1.224722222,4.41E+03,2.99908
1.225,4.41E+03,2.99933
1.225277778,4.41E+03,2.99859
1.225555556,4.41E+03,2.99882
1.225833333,4.41E+03,2.99911
1.226111111,4.41E+03,2.99871
1.226388889,4.42E+03,2.99883
1.226666667,4.42E+03,2.99883
1.226944444,4.42E+03,2.99855
1.227222222,4.42E+03,3.00015
1.2275,4.42E+03,2.99955
1.227777778,4.42E+03,3.00044
1.228055556,4.42E+03,2.99971
1.228333333,4.42E+03,2.99963
1.228611111,4.42E+03,3.00006
1.228888889,4.42E+03,2.99994
1.229166667,4.43E+03,2.99964
1.229444444,4.43E+03,3.00009
1.229722222,4.43E+03,3.00006
1.23,4.43E+03,3.00111
1.230277778,4.43E+03,3.00009
1.230555556,4.43E+03,2.99958
1.230833333,4.43E+03,3.00011
1.231111111,4.43E+03,2.99965
1.231388889,4.43E+03,2.99975
1.231666667,4.43E+03,2.99935
1.231944444,4.43E+03,2.99912
1.232222222,4.44E+03,2.99935
1.2325,4.44E+03,2.99928
1.232777778,4.44E+03,2.99919
1.233055556,4.44E+03,2.99955
1.233333333,4.44E+03,2.99932
1.233611111,4.44E+03,2.99899
1.233888889,4.44E+03,2.99907
1.234166667,4.44E+03,2.99865
1.234444444,4.44E+03,2.9987
1.234722222,4.44E+03,2.99839
1.235,4.45E+03,2.99772
1.235277778,4.45E+03,2.99842
1.235555556,4.45E+03,2.99804
1.235833333,4.45E+03,2.99826
1.236111111,4.45E+03,2.99764
1.236388889,4.45E+03,2.99767
1.236666667,4.45E+03,2.99813
1.236944444,4.45E+03,2.9979
1.237222222,4.45E+03,2.99744
1.2375,4.46E+03,2.99826
1.237777778,4.46E+03,2.99749
1.238055556,4.46E+03,2.99752
1.238333333,4.46E+03,2.99794
1.238611111,4.46E+03,2.99737
1.238888889,4.46E+03,2.99753
1.239166667,4.46E+03,2.9977
1.239444444,4.46E+03,2.99714
1.239722222,4.46E+03,2.99758
1.24,4.46E+03,2.99743
1.240277778,4.47E+03,2.99731
1.240555556,4.47E+03,2.99735
1.240833333,4.47E+03,2.99751
1.241111111,4.47E+03,2.99737
1.241388889,4.47E+03,2.9974
1.241666667,4.47E+03,2.99729
1.241944444,4.47E+03,2.99799
1.242222222,4.47E+03,2.9974
1.2425,4.47E+03,2.99799
1.242777778,4.47E+03,2.99836
1.243055556,4.48E+03,2.99814
1.243333333,4.48E+03,2.99839
1.243611111,4.48E+03,2.99845
1.243888889,4.48E+03,2.99824
1.244166667,4.48E+03,2.99898
1.244444444,4.48E+03,2.99825
1.244722222,4.48E+03,2.99852
1.245,4.48E+03,2.9988
1.245277778,4.48E+03,2.9985
1.245555556,4.48E+03,2.99848
1.245833333,4.48E+03,2.99863
1.246111111,4.49E+03,2.99845
1.246388889,4.49E+03,2.99892
1.246666667,4.49E+03,2.99851
1.246944444,4.49E+03,2.99904
1.247222222,4.49E+03,2.99863
1.2475,4.49E+03,2.9983
1.247777778,4.49E+03,2.99855
1.248055556,4.49E+03,2.99872
1.248333333,4.49E+03,2.99839
1.248611111,4.50E+03,2.9988
1.248888889,4.50E+03,2.99871
1.249166667,4.50E+03,2.99836
1.249444444,4.50E+03,2.99834
1.249722222,4.50E+03,2.99876
1.25,4.50E+03,2.99824
1.250277778,4.50E+03,2.998
1.250555556,4.50E+03,2.99811
1.250833333,4.50E+03,2.99829
1.251111111,4.50E+03,2.99796
1.251388889,4.51E+03,2.9978
1.251666667,4.51E+03,2.99868
1.251944444,4.51E+03,2.99806
1.252222222,4.51E+03,2.99766
1.2525,4.51E+03,2.99801
1.252777778,4.51E+03,2.99741
1.253055556,4.51E+03,2.99765
1.253333333,4.51E+03,2.99776
1.253611111,4.51E+03,2.99753
1.253888889,4.51E+03,2.99812
1.254166667,4.52E+03,2.99804
1.254444444,4.52E+03,2.99759
1.254722222,4.52E+03,2.99787
1.255,4.52E+03,2.99712
1.255277778,4.52E+03,2.99787
1.255555556,4.52E+03,2.9973
1.255833333,4.52E+03,2.99666
1.256111111,4.52E+03,2.9972
1.256388889,4.52E+03,2.99672
1.256666667,4.52E+03,2.99679
1.256944444,4.52E+03,2.99722
1.257222222,4.53E+03,2.99672
1.2575,4.53E+03,2.99692
1.257777778,4.53E+03,2.99676
1.258055556,4.53E+03,2.99682
1.258333333,4.53E+03,2.99667
1.258611111,4.53E+03,2.9968
1.258888889,4.53E+03,2.99661
1.259166667,4.53E+03,2.99675
1.259444444,4.53E+03,2.99629
1.259722222,4.53E+03,2.99693
1.26,4.54E+03,2.99652
1.260277778,4.54E+03,2.99574
1.260555556,4.54E+03,2.99619
1.260833333,4.54E+03,2.99575
1.261111111,4.54E+03,2.99562
1.261388889,4.54E+03,2.99613
1.261666667,4.54E+03,2.99579
1.261944444,4.54E+03,2.99601
1.262222222,4.54E+03,2.99593
1.2625,4.55E+03,2.99612
1.262777778,4.55E+03,2.99567
1.263055556,4.55E+03,2.9951
1.263333333,4.55E+03,2.99553
1.263611111,4.55E+03,2.99554
1.263888889,4.55E+03,2.99492
1.264166667,4.55E+03,2.99532
1.264444444,4.55E+03,2.9953
1.264722222,4.55E+03,2.99522
1.265,4.55E+03,2.99541
1.265277778,4.56E+03,2.99551
1.265555556,4.56E+03,2.9951
1.265833333,4.56E+03,2.99517
1.266111111,4.56E+03,2.9946
1.266388889,4.56E+03,2.99525
1.266666667,4.56E+03,2.99513
1.266944444,4.56E+03,2.99453
1.267222222,4.56E+03,2.99508
1.2675,4.56E+03,2.99461
1.267777778,4.56E+03,2.99428
1.268055556,4.57E+03,2.99497
1.268333333,4.57E+03,2.99464
1.268611111,4.57E+03,2.9948
1.268888889,4.57E+03,2.99459
1.269166667,4.57E+03,2.99446
1.269444444,4.57E+03,2.99471
1.269722222,4.57E+03,2.99416
1.27,4.57E+03,2.99435
1.270277778,4.57E+03,2.99386
1.270555556,4.57E+03,2.99398
1.270833333,4.57E+03,2.99421
1.271111111,4.58E+03,2.99442
1.271388889,4.58E+03,2.9939
1.271666667,4.58E+03,2.99389
1.271944444,4.58E+03,2.99379
1.272222222,4.58E+03,2.99358
1.2725,4.58E+03,2.99344
1.272777778,4.58E+03,2.99297
1.273055556,4.58E+03,2.99378
1.273333333,4.58E+03,2.99352
1.273611111,4.59E+03,2.993
1.273888889,4.59E+03,2.99386
1.274166667,4.59E+03,2.99293
1.274444444,4.59E+03,2.99278
1.274722222,4.59E+03,2.99326
1.275,4.59E+03,2.99312
1.275277778,4.59E+03,2.99308
1.275555556,4.59E+03,2.99283
1.275833333,4.59E+03,2.99301
1.276111111,4.59E+03,2.9932
1.276388889,4.60E+03,2.99257
1.276666667,4.60E+03,2.9929
1.276944444,4.60E+03,2.99303
1.277222222,4.60E+03,2.99304
1.2775,4.60E+03,2.9933
1.277777778,4.60E+03,2.99351
1.278055556,4.60E+03,2.9933
1.278333333,4.60E+03,2.99393
1.278611111,4.60E+03,2.99327
1.278888889,4.60E+03,2.99353
1.279166667,4.61E+03,2.99317
1.279444444,4.61E+03,2.99279
1.279722222,4.61E+03,2.99278
1.28,4.61E+03,2.99288
1.280277778,4.61E+03,2.99215
1.280555556,4.61E+03,2.99276
1.280833333,4.61E+03,2.99227
1.281111111,4.61E+03,2.99315
1.281388889,4.61E+03,2.99272
1.281666667,4.61E+03,2.99205
1.281944444,4.61E+03,2.99264
1.282222222,4.62E+03,2.99228
1.2825,4.62E+03,2.99182
1.282777778,4.62E+03,2.99265
1.283055556,4.62E+03,2.99195
1.283333333,4.62E+03,2.99267
1.283611111,4.62E+03,2.99227
1.283888889,4.62E+03,2.992
1.284166667,4.62E+03,2.99219
1.284444444,4.62E+03,2.99188
1.284722222,4.62E+03,2.99172
1.285,4.63E+03,2.99212
1.285277778,4.63E+03,2.99144
1.285555556,4.63E+03,2.99174
1.285833333,4.63E+03,2.99139
1.286111111,4.63E+03,2.99185
1.286388889,4.63E+03,2.99163
1.286666667,4.63E+03,2.99138
1.286944444,4.63E+03,2.99148
1.287222222,4.63E+03,2.99163
1.2875,4.64E+03,2.99115
1.287777778,4.64E+03,2.99134
1.288055556,4.64E+03,2.99167
1.288333333,4.64E+03,2.9914
1.288611111,4.64E+03,2.9919
1.288888889,4.64E+03,2.99168
1.289166667,4.64E+03,2.99165
1.289444444,4.64E+03,2.99167
1.289722222,4.64E+03,2.99141
1.29,4.64E+03,2.99166
1.290277778,4.65E+03,2.99156
1.290555556,4.65E+03,2.99201
1.290833333,4.65E+03,2.99172
1.291111111,4.65E+03,2.99107
1.291388889,4.65E+03,2.99081
1.291666667,4.65E+03,2.99089
1.291944444,4.65E+03,2.99081
1.292222222,4.65E+03,2.99177
1.2925,4.65E+03,2.99144
1.292777778,4.65E+03,2.99112
1.293055556,4.66E+03,2.99135
1.293333333,4.66E+03,2.99109
1.293611111,4.66E+03,2.99113
1.293888889,4.66E+03,2.99089
1.294166667,4.66E+03,2.99071
1.294444444,4.66E+03,2.9916
1.294722222,4.66E+03,2.99109
1.295,4.66E+03,2.99064
1.295277778,4.66E+03,2.99122
1.295555556,4.66E+03,2.99083
1.295833333,4.66E+03,2.99112
1.296111111,4.67E+03,2.99038
1.296388889,4.67E+03,2.98992
1.296666667,4.67E+03,2.99065
1.296944444,4.67E+03,2.99011
1.297222222,4.67E+03,2.98998
1.2975,4.67E+03,2.98992
1.297777778,4.67E+03,2.98952
1.298055556,4.67E+03,2.99022
1.298333333,4.67E+03,2.98946
1.298611111,4.68E+03,2.98931
1.298888889,4.68E+03,2.98956
1.299166667,4.68E+03,2.9895
1.299444444,4.68E+03,2.98919
1.299722222,4.68E+03,2.98951
1.3,4.68E+03,2.98916
1.300277778,4.68E+03,2.98993
1.300555556,4.68E+03,2.98947
1.300833333,4.68E+03,2.98919
1.301111111,4.68E+03,2.98938
1.301388889,4.69E+03,2.98922
1.301666667,4.69E+03,2.98949
1.301944444,4.69E+03,2.98946
1.302222222,4.69E+03,2.98917
1.3025,4.69E+03,2.9894
1.302777778,4.69E+03,2.98942
1.303055556,4.69E+03,2.9899
1.303333333,4.69E+03,2.98947
1.303611111,4.69E+03,2.98912
1.303888889,4.69E+03,2.98961
1.304166667,4.70E+03,2.98914
1.304444444,4.70E+03,2.98861
1.304722222,4.70E+03,2.98929
1.305,4.70E+03,2.98894
1.305277778,4.70E+03,2.98917
1.305555556,4.70E+03,2.98873
1.305833333,4.70E+03,2.98835
1.306111111,4.70E+03,2.98898
1.306388889,4.70E+03,2.98893
1.306666667,4.70E+03,2.98841
1.306944444,4.70E+03,2.98826
1.307222222,4.71E+03,2.98856
1.3075,4.71E+03,2.98947
1.307777778,4.71E+03,2.9891
1.308055556,4.71E+03,2.98873
1.308333333,4.71E+03,2.98897
1.308611111,4.71E+03,2.98874
1.308888889,4.71E+03,2.98837
1.309166667,4.71E+03,2.98886
1.309444444,4.71E+03,2.98831
1.309722222,4.71E+03,2.9886
1.31,4.72E+03,2.98848
1.310277778,4.72E+03,2.98889
1.310555556,4.72E+03,2.98897
1.310833333,4.72E+03,2.98856
1.311111111,4.72E+03,2.98851
1.311388889,4.72E+03,2.98905
1.311666667,4.72E+03,2.98873
1.311944444,4.72E+03,2.98885
1.312222222,4.72E+03,2.98857
1.3125,4.73E+03,2.98806
1.312777778,4.73E+03,2.98823
1.313055556,4.73E+03,2.98809
1.313333333,4.73E+03,2.98774
1.313611111,4.73E+03,2.98812
1.313888889,4.73E+03,2.98757
1.314166667,4.73E+03,2.98776
1.314444444,4.73E+03,2.98757
1.314722222,4.73E+03,2.98747
1.315,4.73E+03,2.98771
1.315277778,4.74E+03,2.98788
1.315555556,4.74E+03,2.98742
1.315833333,4.74E+03,2.98729
1.316111111,4.74E+03,2.98672
1.316388889,4.74E+03,2.98714
1.316666667,4.74E+03,2.98697
1.316944444,4.74E+03,2.98703
1.317222222,4.74E+03,2.98734
1.3175,4.74E+03,2.98702
1.317777778,4.74E+03,2.98682
1.318055556,4.75E+03,2.98735
1.318333333,4.75E+03,2.98691
1.318611111,4.75E+03,2.98726
1.318888889,4.75E+03,2.98724
1.319166667,4.75E+03,2.98668
1.319444444,4.75E+03,2.98693
1.319722222,4.75E+03,2.98714
1.32,4.75E+03,2.98684
1.320277778,4.75E+03,2.98695
1.320555556,4.75E+03,2.98658
1.320833333,4.75E+03,2.98722
1.321111111,4.76E+03,2.98657
1.321388889,4.76E+03,2.98621
1.321666667,4.76E+03,2.98658
1.321944444,4.76E+03,2.98639
1.322222222,4.76E+03,2.98634
1.3225,4.76E+03,2.98684
1.322777778,4.76E+03,2.98636
1.323055556,4.76E+03,2.98633
1.323333333,4.76E+03,2.98634
1.323611111,4.77E+03,2.98612
1.323888889,4.77E+03,2.98629
1.324166667,4.77E+03,2.98631
1.324444444,4.77E+03,2.98591
1.324722222,4.77E+03,2.98626
1.325,4.77E+03,2.98604
1.325277778,4.77E+03,2.98604
1.325555556,4.77E+03,2.98635
1.325833333,4.77E+03,2.98607
1.326111111,4.77E+03,2.9861
1.326388889,4.78E+03,2.98562
1.326666667,4.78E+03,2.98557
1.326944444,4.78E+03,2.98575
1.327222222,4.78E+03,2.98516
1.3275,4.78E+03,2.98519
1.327777778,4.78E+03,2.98532
1.328055556,4.78E+03,2.98497
1.328333333,4.78E+03,2.98502
1.328611111,4.78E+03,2.98509
1.328888889,4.78E+03,2.98512
1.329166667,4.79E+03,2.98567
1.329444444,4.79E+03,2.98522
1.329722222,4.79E+03,2.98542
1.33,4.79E+03,2.98563
1.330277778,4.79E+03,2.98476
1.330555556,4.79E+03,2.98526
1.330833333,4.79E+03,2.98487
1.331111111,4.79E+03,2.98492
1.331388889,4.79E+03,2.98514
1.331666667,4.79E+03,2.98513
1.331944444,4.79E+03,2.98475
1.332222222,4.80E+03,2.98504
1.3325,4.80E+03,2.98451
1.332777778,4.80E+03,2.98487
1.333055556,4.80E+03,2.98493
1.333333333,4.80E+03,2.98493
1.333611111,4.80E+03,2.98469
1.333888889,4.80E+03,2.98477
1.334166667,4.80E+03,2.98461
1.334444444,4.80E+03,2.98497
1.334722222,4.80E+03,2.98472
1.335,4.81E+03,2.98518
1.335277778,4.81E+03,2.98484
1.335555556,4.81E+03,2.98454
1.335833333,4.81E+03,2.98541
1.336111111,4.81E+03,2.98527
1.336388889,4.81E+03,2.9844
1.336666667,4.81E+03,2.98593
1.336944444,4.81E+03,2.98511
1.337222222,4.81E+03,2.98492
1.3375,4.82E+03,2.98539
1.337777778,4.82E+03,2.98498
1.338055556,4.82E+03,2.98506
1.338333333,4.82E+03,2.98515
1.338611111,4.82E+03,2.98424
1.338888889,4.82E+03,2.98475
1.339166667,4.82E+03,2.98438
1.339444444,4.82E+03,2.98407
1.339722222,4.82E+03,2.98465
1.34,4.82E+03,2.98425
1.340277778,4.83E+03,2.98438
1.340555556,4.83E+03,2.9843
1.340833333,4.83E+03,2.98408
1.341111111,4.83E+03,2.98452
1.341388889,4.83E+03,2.98381
1.341666667,4.83E+03,2.98403
1.341944444,4.83E+03,2.98433
1.342222222,4.83E+03,2.98397
1.3425,4.83E+03,2.98408
1.342777778,4.83E+03,2.98408
1.343055556,4.84E+03,2.98387
1.343333333,4.84E+03,2.98406
1.343611111,4.84E+03,2.98378
1.343888889,4.84E+03,2.98391
1.344166667,4.84E+03,2.984
1.344444444,4.84E+03,2.98388
1.344722222,4.84E+03,2.98342
1.345,4.84E+03,2.98399
1.345277778,4.84E+03,2.98442
1.345555556,4.84E+03,2.98445
1.345833333,4.84E+03,2.98401
1.346111111,4.85E+03,2.98404
1.346388889,4.85E+03,2.9843
1.346666667,4.85E+03,2.98367
1.346944444,4.85E+03,2.98395
1.347222222,4.85E+03,2.98419
1.3475,4.85E+03,2.98382
1.347777778,4.85E+03,2.98437
1.348055556,4.85E+03,2.98401
1.348333333,4.85E+03,2.98372
1.348611111,4.86E+03,2.98416
1.348888889,4.86E+03,2.98375
1.349166667,4.86E+03,2.98358
1.349444444,4.86E+03,2.98439
1.349722222,4.86E+03,2.98357
1.35,4.86E+03,2.98405
1.350277778,4.86E+03,2.98412
1.350555556,4.86E+03,2.98363
1.350833333,4.86E+03,2.98381
1.351111111,4.86E+03,2.98434
1.351388889,4.87E+03,2.9836
1.351666667,4.87E+03,2.98404
1.351944444,4.87E+03,2.98354
1.352222222,4.87E+03,2.98356
1.3525,4.87E+03,2.98359
1.352777778,4.87E+03,2.9834
1.353055556,4.87E+03,2.98352
1.353333333,4.87E+03,2.98353
1.353611111,4.87E+03,2.98348
1.353888889,4.87E+03,2.98409
1.354166667,4.88E+03,2.98323
1.354444444,4.88E+03,2.98336
1.354722222,4.88E+03,2.9842
1.355,4.88E+03,2.9832
1.355277778,4.88E+03,2.98337
1.355555556,4.88E+03,2.98351
1.355833333,4.88E+03,2.98343
1.356111111,4.88E+03,2.98378
1.356388889,4.88E+03,2.98373
1.356666667,4.88E+03,2.98359
1.356944444,4.88E+03,2.98393
1.357222222,4.89E+03,2.98389
1.3575,4.89E+03,2.98342
1.357777778,4.89E+03,2.98357
1.358055556,4.89E+03,2.98345
1.358333333,4.89E+03,2.98368
1.358611111,4.89E+03,2.98341
1.358888889,4.89E+03,2.98297
1.359166667,4.89E+03,2.98317
1.359444444,4.89E+03,2.98289
1.359722222,4.89E+03,2.98234
1.36,4.90E+03,2.9827
1.360277778,4.90E+03,2.98278
1.360555556,4.90E+03,2.98275
1.360833333,4.90E+03,2.98309
1.361111111,4.90E+03,2.98284
1.361388889,4.90E+03,2.98276
1.361666667,4.90E+03,2.98259
1.361944444,4.90E+03,2.98228
1.362222222,4.90E+03,2.98241
1.3625,4.91E+03,2.98237
1.362777778,4.91E+03,2.98275
1.363055556,4.91E+03,2.983
1.363333333,4.91E+03,2.98242
1.363611111,4.91E+03,2.98289
1.363888889,4.91E+03,2.9833
1.364166667,4.91E+03,2.98271
1.364444444,4.91E+03,2.98303
1.364722222,4.91E+03,2.98304
1.365,4.91E+03,2.98299
1.365277778,4.92E+03,2.98326
1.365555556,4.92E+03,2.98293
1.365833333,4.92E+03,2.98302
1.366111111,4.92E+03,2.98373
1.366388889,4.92E+03,2.98287
1.366666667,4.92E+03,2.98288
1.366944444,4.92E+03,2.9832
1.367222222,4.92E+03,2.9827
1.3675,4.92E+03,2.98291
1.367777778,4.92E+03,2.98286
1.368055556,4.93E+03,2.9829
1.368333333,4.93E+03,2.9832
1.368611111,4.93E+03,2.98275
1.368888889,4.93E+03,2.98237
1.369166667,4.93E+03,2.98339
1.369444444,4.93E+03,2.98258
1.369722222,4.93E+03,2.98278
1.37,4.93E+03,2.98274
1.370277778,4.93E+03,2.9824
1.370555556,4.93E+03,2.98259
1.370833333,4.93E+03,2.98282
1.371111111,4.94E+03,2.98223
1.371388889,4.94E+03,2.98282
1.371666667,4.94E+03,2.98221
1.371944444,4.94E+03,2.98239
1.372222222,4.94E+03,2.98286
1.3725,4.94E+03,2.98221
1.372777778,4.94E+03,2.98263
1.373055556,4.94E+03,2.98246
1.373333333,4.94E+03,2.98229
1.373611111,4.95E+03,2.98234
1.373888889,4.95E+03,2.98239
1.374166667,4.95E+03,2.98212
1.374444444,4.95E+03,2.98222
1.374722222,4.95E+03,2.98259
1.375,4.95E+03,2.98215
1.375277778,4.95E+03,2.98239
1.375555556,4.95E+03,2.98161
1.375833333,4.95E+03,2.98231
1.376111111,4.95E+03,2.98198
1.376388889,4.96E+03,2.98159
1.376666667,4.96E+03,2.98187
1.376944444,4.96E+03,2.98228
1.377222222,4.96E+03,2.98189
1.3775,4.96E+03,2.9821
1.377777778,4.96E+03,2.98194
1.378055556,4.96E+03,2.98203
1.378333333,4.96E+03,2.98198
1.378611111,4.96E+03,2.98229
1.378888889,4.96E+03,2.98202
1.379166667,4.97E+03,2.98196
1.379444444,4.97E+03,2.98176
1.379722222,4.97E+03,2.98203
1.38,4.97E+03,2.98158
1.380277778,4.97E+03,2.9819
1.380555556,4.97E+03,2.98184
1.380833333,4.97E+03,2.98138
1.381111111,4.97E+03,2.98187
1.381388889,4.97E+03,2.98171
1.381666667,4.97E+03,2.98166
1.381944444,4.97E+03,2.98194
1.382222222,4.98E+03,2.98139
1.3825,4.98E+03,2.98115
1.382777778,4.98E+03,2.98158
1.383055556,4.98E+03,2.98126
1.383333333,4.98E+03,2.98111
1.383611111,4.98E+03,2.98135
1.383888889,4.98E+03,2.98077
1.384166667,4.98E+03,2.98113
1.384444444,4.98E+03,2.98115
1.384722222,4.98E+03,2.98096
1.385,4.99E+03,2.98136
1.385277778,4.99E+03,2.98148
1.385555556,4.99E+03,2.98102
1.385833333,4.99E+03,2.98124
1.386111111,4.99E+03,2.98096
1.386388889,4.99E+03,2.9813
1.386666667,4.99E+03,2.98124
1.386944444,4.99E+03,2.98144
1.387222222,4.99E+03,2.98127
1.3875,5.00E+03,2.9809
1.387777778,5.00E+03,2.98109
1.388055556,5.00E+03,2.9814
1.388333333,5.00E+03,2.98065
1.388611111,5.00E+03,2.98127
1.388888889,5.00E+03,2.98102
1.389166667,5.00E+03,2.98047
1.389444444,5.00E+03,2.9811
1.389722222,5.00E+03,2.98092
1.39,5.00E+03,2.98056
1.390277778,5.01E+03,2.98113
1.390555556,5.01E+03,2.98069
1.390833333,5.01E+03,2.98101
1.391111111,5.01E+03,2.9812
1.391388889,5.01E+03,2.98099
1.391666667,5.01E+03,2.9806
1.391944444,5.01E+03,2.98067
1.392222222,5.01E+03,2.9804
1.3925,5.01E+03,2.98087
1.392777778,5.01E+03,2.98043
1.393055556,5.02E+03,2.98043
1.393333333,5.02E+03,2.98079
1.393611111,5.02E+03,2.97996
1.393888889,5.02E+03,2.98009
1.394166667,5.02E+03,2.98067
1.394444444,5.02E+03,2.98005
1.394722222,5.02E+03,2.9804
1.395,5.02E+03,2.9801
1.395277778,5.02E+03,2.97973
1.395555556,5.02E+03,2.98012
1.395833333,5.02E+03,2.98026
1.396111111,5.03E+03,2.98007
1.396388889,5.03E+03,2.98003
1.396666667,5.03E+03,2.98003
1.396944444,5.03E+03,2.98026
1.397222222,5.03E+03,2.97987
1.3975,5.03E+03,2.97965
1.397777778,5.03E+03,2.98048
1.398055556,5.03E+03,2.98045
1.398333333,5.03E+03,2.98047
1.398611111,5.04E+03,2.98169
1.398888889,5.04E+03,2.98058
1.399166667,5.04E+03,2.981
1.399444444,5.04E+03,2.98109
1.399722222,5.04E+03,2.98076
1.4,5.04E+03,2.98073
1.400277778,5.04E+03,2.98066
1.400555556,5.04E+03,2.98043
1.400833333,5.04E+03,2.98098
1.401111111,5.04E+03,2.98
1.401388889,5.05E+03,2.98051
1.401666667,5.05E+03,2.98001
1.401944444,5.05E+03,2.97971
1.402222222,5.05E+03,2.97993
1.4025,5.05E+03,2.97978
1.402777778,5.05E+03,2.97932
1.403055556,5.05E+03,2.97999
1.403333333,5.05E+03,2.97914
1.403611111,5.05E+03,2.9796
1.403888889,5.05E+03,2.97983
1.404166667,5.06E+03,2.97968
1.404444444,5.06E+03,2.97948
1.404722222,5.06E+03,2.97958
1.405,5.06E+03,2.97893
1.405277778,5.06E+03,2.97953
1.405555556,5.06E+03,2.97894
1.405833333,5.06E+03,2.97947
1.406111111,5.06E+03,2.97905
1.406388889,5.06E+03,2.97886
1.406666667,5.06E+03,2.97928
1.406944444,5.06E+03,2.97895
1.407222222,5.07E+03,2.97882
1.4075,5.07E+03,2.9792
1.407777778,5.07E+03,2.97885
1.408055556,5.07E+03,2.97861
1.408333333,5.07E+03,2.97907
1.408611111,5.07E+03,2.97846
1.408888889,5.07E+03,2.97902
1.409166667,5.07E+03,2.97886
1.409444444,5.07E+03,2.97853
1.409722222,5.07E+03,2.97911
1.41,5.08E+03,2.9785
1.410277778,5.08E+03,2.97806
1.410555556,5.08E+03,2.97887
1.410833333,5.08E+03,2.97862
1.411111111,5.08E+03,2.97824
1.411388889,5.08E+03,2.97874
1.411666667,5.08E+03,2.97786
1.411944444,5.08E+03,2.97821
1.412222222,5.08E+03,2.97835
1.4125,5.09E+03,2.97784
1.412777778,5.09E+03,2.97846
1.413055556,5.09E+03,2.97823
1.413333333,5.09E+03,2.97791
1.413611111,5.09E+03,2.9782
1.413888889,5.09E+03,2.9778
1.414166667,5.09E+03,2.9781
1.414444444,5.09E+03,2.97789
1.414722222,5.09E+03,2.97815
1.415,5.09E+03,2.97752
1.415277778,5.10E+03,2.97787
1.415555556,5.10E+03,2.97754
1.415833333,5.10E+03,2.97781
1.416111111,5.10E+03,2.97832
1.416388889,5.10E+03,2.97755
1.416666667,5.10E+03,2.97734
1.416944444,5.10E+03,2.97749
1.417222222,5.10E+03,2.97699
1.4175,5.10E+03,2.97764
1.417777778,5.10E+03,2.97727
1.418055556,5.11E+03,2.97694
1.418333333,5.11E+03,2.97811
1.418611111,5.11E+03,2.97788
1.418888889,5.11E+03,2.97763
1.419166667,5.11E+03,2.97798
1.419444444,5.11E+03,2.97702
1.419722222,5.11E+03,2.97776
1.42,5.11E+03,2.97825
1.420277778,5.11E+03,2.97754
1.420555556,5.11E+03,2.97779
1.420833333,5.11E+03,2.97808
1.421111111,5.12E+03,2.97752
1.421388889,5.12E+03,2.97804
1.421666667,5.12E+03,2.9773
1.421944444,5.12E+03,2.97706
1.422222222,5.12E+03,2.97799
1.4225,5.12E+03,2.97749
1.422777778,5.12E+03,2.97697
1.423055556,5.12E+03,2.97769
1.423333333,5.12E+03,2.97713
1.423611111,5.13E+03,2.97805
1.423888889,5.13E+03,2.97792
1.424166667,5.13E+03,2.9783
1.424444444,5.13E+03,2.9784
1.424722222,5.13E+03,2.97811
1.425,5.13E+03,2.97801
1.425277778,5.13E+03,2.97826
1.425555556,5.13E+03,2.9775
1.425833333,5.13E+03,2.97856
1.426111111,5.13E+03,2.97768
1.426388889,5.14E+03,2.97716
1.426666667,5.14E+03,2.97795
1.426944444,5.14E+03,2.97816
1.427222222,5.14E+03,2.97711
1.4275,5.14E+03,2.97825
1.427777778,5.14E+03,2.97726
1.428055556,5.14E+03,2.97694
1.428333333,5.14E+03,2.97746
1.428611111,5.14E+03,2.97685
1.428888889,5.14E+03,2.97642
1.429166667,5.15E+03,2.977
1.429444444,5.15E+03,2.97639
1.429722222,5.15E+03,2.97651
1.43,5.15E+03,2.97622
1.430277778,5.15E+03,2.97591
1.430555556,5.15E+03,2.9762
1.430833333,5.15E+03,2.97611
1.431111111,5.15E+03,2.97548
1.431388889,5.15E+03,2.97593
1.431666667,5.15E+03,2.97541
1.431944444,5.15E+03,2.97582
1.432222222,5.16E+03,2.97581
1.4325,5.16E+03,2.9755
1.432777778,5.16E+03,2.97563
1.433055556,5.16E+03,2.97503
1.433333333,5.16E+03,2.97471
1.433611111,5.16E+03,2.9754
1.433888889,5.16E+03,2.97463
1.434166667,5.16E+03,2.97443
1.434444444,5.16E+03,2.9747
1.434722222,5.16E+03,2.97424
1.435,5.17E+03,2.97474
1.435277778,5.17E+03,2.97468
1.435555556,5.17E+03,2.9741
1.435833333,5.17E+03,2.97489
1.436111111,5.17E+03,2.974
1.436388889,5.17E+03,2.97396
1.436666667,5.17E+03,2.97453
1.436944444,5.17E+03,2.9737
1.437222222,5.17E+03,2.97335
1.4375,5.18E+03,2.97433
1.437777778,5.18E+03,2.97316
1.438055556,5.18E+03,2.97315
1.438333333,5.18E+03,2.97248
1.438611111,5.18E+03,2.97261
1.438888889,5.18E+03,2.97285
1.439166667,5.18E+03,2.97264
1.439444444,5.18E+03,2.97199
1.439722222,5.18E+03,2.9725
1.44,5.18E+03,2.97182
1.440277778,5.19E+03,2.97229
1.440555556,5.19E+03,2.9725
1.440833333,5.19E+03,2.97204
1.441111111,5.19E+03,2.97218
1.441388889,5.19E+03,2.97202
1.441666667,5.19E+03,2.97149
1.441944444,5.19E+03,2.97204
1.442222222,5.19E+03,2.97179
1.4425,5.19E+03,2.97192
1.442777778,5.19E+03,2.97232
1.443055556,5.20E+03,2.97195
1.443333333,5.20E+03,2.9718
1.443611111,5.20E+03,2.97161
1.443888889,5.20E+03,2.97169
1.444166667,5.20E+03,2.97187
1.444444444,5.20E+03,2.97155
1.444722222,5.20E+03,2.97185
1.445,5.20E+03,2.97182
1.445277778,5.20E+03,2.97181
1.445555556,5.20E+03,2.9716
1.445833333,5.20E+03,2.97188
1.446111111,5.21E+03,2.97099
1.446388889,5.21E+03,2.97197
1.446666667,5.21E+03,2.97128
1.446944444,5.21E+03,2.97144
1.447222222,5.21E+03,2.97256
1.4475,5.21E+03,2.9722
1.447777778,5.21E+03,2.97197
1.448055556,5.21E+03,2.97258
1.448333333,5.21E+03,2.97167
1.448611111,5.22E+03,2.97227
1.448888889,5.22E+03,2.97213
1.449166667,5.22E+03,2.97184
1.449444444,5.22E+03,2.97241
1.449722222,5.22E+03,2.97209
1.45,5.22E+03,2.97169
1.450277778,5.22E+03,2.97254
1.450555556,5.22E+03,2.97211
1.450833333,5.22E+03,2.97212
1.451111111,5.22E+03,2.97256
1.451388889,5.23E+03,2.97222
1.451666667,5.23E+03,2.97176
1.451944444,5.23E+03,2.97217
1.452222222,5.23E+03,2.97167
1.4525,5.23E+03,2.97249
1.452777778,5.23E+03,2.97171
1.453055556,5.23E+03,2.9715
1.453333333,5.23E+03,2.97158
1.453611111,5.23E+03,2.9715
1.453888889,5.23E+03,2.97123
1.454166667,5.24E+03,2.97166
1.454444444,5.24E+03,2.97137
1.454722222,5.24E+03,2.97149
1.455,5.24E+03,2.97125
1.455277778,5.24E+03,2.97128
1.455555556,5.24E+03,2.97127
1.455833333,5.24E+03,2.97094
1.456111111,5.24E+03,2.97119
1.456388889,5.24E+03,2.97226
1.456666667,5.24E+03,2.9718
1.456944444,5.24E+03,2.97195
1.457222222,5.25E+03,2.97203
1.4575,5.25E+03,2.97155
1.457777778,5.25E+03,2.97186
1.458055556,5.25E+03,2.9718
1.458333333,5.25E+03,2.9714
1.458611111,5.25E+03,2.97219
1.458888889,5.25E+03,2.97114
1.459166667,5.25E+03,2.97139
1.459444444,5.25E+03,2.9718
1.459722222,5.25E+03,2.97127
1.46,5.26E+03,2.97138
1.460277778,5.26E+03,2.97151
1.460555556,5.26E+03,2.97109
1.460833333,5.26E+03,2.9717
1.461111111,5.26E+03,2.97078
1.461388889,5.26E+03,2.9706
1.461666667,5.26E+03,2.97149
1.461944444,5.26E+03,2.97122
1.462222222,5.26E+03,2.97034
1.4625,5.27E+03,2.97116
1.462777778,5.27E+03,2.97056
1.463055556,5.27E+03,2.97091
1.463333333,5.27E+03,2.971
1.463611111,5.27E+03,2.97048
1.463888889,5.27E+03,2.9707
1.464166667,5.27E+03,2.97088
1.464444444,5.27E+03,2.97033
1.464722222,5.27E+03,2.97089
1.465,5.27E+03,2.9703
1.465277778,5.28E+03,2.97023
1.465555556,5.28E+03,2.96991
1.465833333,5.28E+03,2.96962
1.466111111,5.28E+03,2.97001
1.466388889,5.28E+03,2.96982
1.466666667,5.28E+03,2.96966
1.466944444,5.28E+03,2.9699
1.467222222,5.28E+03,2.96949
1.4675,5.28E+03,2.96994
1.467777778,5.28E+03,2.9702
1.468055556,5.29E+03,2.96962
1.468333333,5.29E+03,2.9701
1.468611111,5.29E+03,2.96971
1.468888889,5.29E+03,2.96966
1.469166667,5.29E+03,2.97033
1.469444444,5.29E+03,2.96986
1.469722222,5.29E+03,2.96951
1.47,5.29E+03,2.97045
1.470277778,5.29E+03,2.96998
1.470555556,5.29E+03,2.96948
1.470833333,5.29E+03,2.96996
1.471111111,5.30E+03,2.96904
1.471388889,5.30E+03,2.96943
1.471666667,5.30E+03,2.96915
1.471944444,5.30E+03,2.96925
1.472222222,5.30E+03,2.96971
1.4725,5.30E+03,2.96974
1.472777778,5.30E+03,2.96863
1.473055556,5.30E+03,2.96894
1.473333333,5.30E+03,2.96833
1.473611111,5.31E+03,2.96872
1.473888889,5.31E+03,2.96825
1.474166667,5.31E+03,2.96799
1.474444444,5.31E+03,2.96828
1.474722222,5.31E+03,2.96806
1.475,5.31E+03,2.96791
1.475277778,5.31E+03,2.96816
1.475555556,5.31E+03,2.96776
1.475833333,5.31E+03,2.96813
1.476111111,5.31E+03,2.96743
1.476388889,5.32E+03,2.96735
1.476666667,5.32E+03,2.96792
1.476944444,5.32E+03,2.96765
1.477222222,5.32E+03,2.96709
1.4775,5.32E+03,2.96786
1.477777778,5.32E+03,2.96727
1.478055556,5.32E+03,2.96741
1.478333333,5.32E+03,2.9673
1.478611111,5.32E+03,2.96691
1.478888889,5.32E+03,2.9671
1.479166667,5.33E+03,2.96713
1.479444444,5.33E+03,2.96677
1.479722222,5.33E+03,2.96687
1.48,5.33E+03,2.96686
1.480277778,5.33E+03,2.96688
1.480555556,5.33E+03,2.96704
1.480833333,5.33E+03,2.96723
1.481111111,5.33E+03,2.96701
1.481388889,5.33E+03,2.96696
1.481666667,5.33E+03,2.96684
1.481944444,5.33E+03,2.96711
1.482222222,5.34E+03,2.96665
1.4825,5.34E+03,2.96689
1.482777778,5.34E+03,2.96655
1.483055556,5.34E+03,2.96592
1.483333333,5.34E+03,2.96674
1.483611111,5.34E+03,2.96649
1.483888889,5.34E+03,2.96594
1.484166667,5.34E+03,2.96654
1.484444444,5.34E+03,2.96538
1.484722222,5.34E+03,2.96547
1.485,5.35E+03,2.9659
1.485277778,5.35E+03,2.96548
1.485555556,5.35E+03,2.96565
1.485833333,5.35E+03,2.96522
1.486111111,5.35E+03,2.96493
1.486388889,5.35E+03,2.96574
1.486666667,5.35E+03,2.96519
1.486944444,5.35E+03,2.96477
1.487222222,5.35E+03,2.96562
1.4875,5.36E+03,2.96495
1.487777778,5.36E+03,2.96475
1.488055556,5.36E+03,2.9649
1.488333333,5.36E+03,2.96445
1.488611111,5.36E+03,2.965
1.488888889,5.36E+03,2.96449
1.489166667,5.36E+03,2.96461
1.489444444,5.36E+03,2.9655
1.489722222,5.36E+03,2.96502
1.49,5.36E+03,2.96441
1.490277778,5.37E+03,2.96525
1.490555556,5.37E+03,2.96445
1.490833333,5.37E+03,2.96455
1.491111111,5.37E+03,2.96449
1.491388889,5.37E+03,2.96458
1.491666667,5.37E+03,2.96453
1.491944444,5.37E+03,2.96482
1.492222222,5.37E+03,2.96399
1.4925,5.37E+03,2.96455
1.492777778,5.37E+03,2.96372
1.493055556,5.38E+03,2.96379
1.493333333,5.38E+03,2.9642
1.493611111,5.38E+03,2.96361
1.493888889,5.38E+03,2.96418
1.494166667,5.38E+03,2.96391
1.494444444,5.38E+03,2.96349
1.494722222,5.38E+03,2.9638
1.495,5.38E+03,2.96344
1.495277778,5.38E+03,2.96352
1.495555556,5.38E+03,2.96351
1.495833333,5.38E+03,2.96375
1.496111111,5.39E+03,2.96321
1.496388889,5.39E+03,2.96304
1.496666667,5.39E+03,2.96298
1.496944444,5.39E+03,2.96334
1.497222222,5.39E+03,2.96331
1.4975,5.39E+03,2.96354
1.497777778,5.39E+03,2.96339
1.498055556,5.39E+03,2.96321
1.498333333,5.39E+03,2.96349
1.498611111,5.40E+03,2.9636
1.498888889,5.40E+03,2.9633
1.499166667,5.40E+03,2.96344
1.499444444,5.40E+03,2.96248
1.499722222,5.40E+03,2.96262
1.5,5.40E+03,2.96277
1.500277778,5.40E+03,2.96239
1.500555556,5.40E+03,2.96279
1.500833333,5.40E+03,2.96297
1.501111111,5.40E+03,2.96251
1.501388889,5.41E+03,2.96308
1.501666667,5.41E+03,2.96215
1.501944444,5.41E+03,2.96198
1.502222222,5.41E+03,2.96257
1.5025,5.41E+03,2.96211
1.502777778,5.41E+03,2.96237
1.503055556,5.41E+03,2.96248
1.503333333,5.41E+03,2.96206
1.503611111,5.41E+03,2.96252
1.503888889,5.41E+03,2.96193
1.504166667,5.42E+03,2.96172
1.504444444,5.42E+03,2.96295
1.504722222,5.42E+03,2.96291
1.505,5.42E+03,2.96317
1.505277778,5.42E+03,2.96371
1.505555556,5.42E+03,2.96263
1.505833333,5.42E+03,2.96317
1.506111111,5.42E+03,2.96307
1.506388889,5.42E+03,2.96281
1.506666667,5.42E+03,2.96363
1.506944444,5.42E+03,2.96372
1.507222222,5.43E+03,2.96292
1.5075,5.43E+03,2.96347
1.507777778,5.43E+03,2.96276
1.508055556,5.43E+03,2.96261
1.508333333,5.43E+03,2.96279
1.508611111,5.43E+03,2.9623
1.508888889,5.43E+03,2.96244
1.509166667,5.43E+03,2.96221
1.509444444,5.43E+03,2.96175
1.509722222,5.43E+03,2.96264
1.51,5.44E+03,2.96172
1.510277778,5.44E+03,2.96139
1.510555556,5.44E+03,2.96167
1.510833333,5.44E+03,2.9612
1.511111111,5.44E+03,2.96141
1.511388889,5.44E+03,2.96161
1.511666667,5.44E+03,2.96132
1.511944444,5.44E+03,2.96223
1.512222222,5.44E+03,2.96137
1.5125,5.45E+03,2.96114
1.512777778,5.45E+03,2.96172
1.513055556,5.45E+03,2.96143
1.513333333,5.45E+03,2.96147
1.513611111,5.45E+03,2.96175
1.513888889,5.45E+03,2.96117
1.514166667,5.45E+03,2.96163
1.514444444,5.45E+03,2.96116
1.514722222,5.45E+03,2.9608
1.515,5.45E+03,2.96164
1.515277778,5.46E+03,2.96135
1.515555556,5.46E+03,2.96058
1.515833333,5.46E+03,2.96158
1.516111111,5.46E+03,2.96089
1.516388889,5.46E+03,2.96061
1.516666667,5.46E+03,2.96117
1.516944444,5.46E+03,2.96041
1.517222222,5.46E+03,2.9604
1.5175,5.46E+03,2.96018
1.517777778,5.46E+03,2.95993
1.518055556,5.47E+03,2.96075
1.518333333,5.47E+03,2.95984
1.518611111,5.47E+03,2.95963
1.518888889,5.47E+03,2.96029
1.519166667,5.47E+03,2.9599
1.519444444,5.47E+03,2.95952
1.519722222,5.47E+03,2.95953
1.52,5.47E+03,2.95878
1.520277778,5.47E+03,2.95918
1.520555556,5.47E+03,2.959
1.520833333,5.47E+03,2.9589
1.521111111,5.48E+03,2.95918
1.521388889,5.48E+03,2.9588
1.521666667,5.48E+03,2.95818
1.521944444,5.48E+03,2.95857
1.522222222,5.48E+03,2.95785
1.5225,5.48E+03,2.95818
1.522777778,5.48E+03,2.95783
1.523055556,5.48E+03,2.95784
1.523333333,5.48E+03,2.95808
1.523611111,5.49E+03,2.95764
1.523888889,5.49E+03,2.9571
1.524166667,5.49E+03,2.95788
1.524444444,5.49E+03,2.95714
1.524722222,5.49E+03,2.95746
1.525,5.49E+03,2.95755
1.525277778,5.49E+03,2.95735
1.525555556,5.49E+03,2.95752
1.525833333,5.49E+03,2.9571
1.526111111,5.49E+03,2.95703
1.526388889,5.50E+03,2.95786
1.526666667,5.50E+03,2.95716
1.526944444,5.50E+03,2.95713
1.527222222,5.50E+03,2.95756
1.5275,5.50E+03,2.95673
1.527777778,5.50E+03,2.95697
1.528055556,5.50E+03,2.95716
1.528333333,5.50E+03,2.95677
1.528611111,5.50E+03,2.95716
1.528888889,5.50E+03,2.95683
1.529166667,5.51E+03,2.95705
1.529444444,5.51E+03,2.95736
1.529722222,5.51E+03,2.95714
1.53,5.51E+03,2.95699
1.530277778,5.51E+03,2.95698
1.530555556,5.51E+03,2.95643
1.530833333,5.51E+03,2.95696
1.531111111,5.51E+03,2.95688
1.531388889,5.51E+03,2.95658
1.531666667,5.51E+03,2.95682
1.531944444,5.51E+03,2.95632
1.532222222,5.52E+03,2.95621
1.5325,5.52E+03,2.95623
1.532777778,5.52E+03,2.95592
1.533055556,5.52E+03,2.95644
1.533333333,5.52E+03,2.95602
1.533611111,5.52E+03,2.95654
1.533888889,5.52E+03,2.95579
1.534166667,5.52E+03,2.95575
1.534444444,5.52E+03,2.95583
1.534722222,5.52E+03,2.95585
1.535,5.53E+03,2.95596
1.535277778,5.53E+03,2.95623
1.535555556,5.53E+03,2.95613
1.535833333,5.53E+03,2.95599
1.536111111,5.53E+03,2.95598
1.536388889,5.53E+03,2.95637
1.536666667,5.53E+03,2.95569
1.536944444,5.53E+03,2.95572
1.537222222,5.53E+03,2.95563
1.5375,5.54E+03,2.95568
1.537777778,5.54E+03,2.95591
1.538055556,5.54E+03,2.95554
1.538333333,5.54E+03,2.95566
1.538611111,5.54E+03,2.95555
1.538888889,5.54E+03,2.95528
1.539166667,5.54E+03,2.95657
1.539444444,5.54E+03,2.95547
1.539722222,5.54E+03,2.9549
1.54,5.54E+03,2.95496
1.540277778,5.55E+03,2.95497
1.540555556,5.55E+03,2.95514
1.540833333,5.55E+03,2.95576
1.541111111,5.55E+03,2.95582
1.541388889,5.55E+03,2.95675
1.541666667,5.55E+03,2.95796
1.541944444,5.55E+03,2.95916
1.542222222,5.55E+03,2.95881
1.5425,5.55E+03,2.95955
1.542777778,5.55E+03,2.96007
1.543055556,5.56E+03,2.96044
1.543333333,5.56E+03,2.96049
1.543611111,5.56E+03,2.96014
1.543888889,5.56E+03,2.96074
1.544166667,5.56E+03,2.96005
1.544444444,5.56E+03,2.95967
1.544722222,5.56E+03,2.95959
1.545,5.56E+03,2.95954
1.545277778,5.56E+03,2.96084
1.545555556,5.56E+03,2.95957
1.545833333,5.56E+03,2.95935
1.546111111,5.57E+03,2.95982
1.546388889,5.57E+03,2.95943
1.546666667,5.57E+03,2.95994
1.546944444,5.57E+03,2.95981
1.547222222,5.57E+03,2.9595
1.5475,5.57E+03,2.96066
1.547777778,5.57E+03,2.96015
1.548055556,5.57E+03,2.95997
1.548333333,5.57E+03,2.96025
1.548611111,5.58E+03,2.95983
1.548888889,5.58E+03,2.95983
1.549166667,5.58E+03,2.95994
1.549444444,5.58E+03,2.95963
1.549722222,5.58E+03,2.96014
1.55,5.58E+03,2.95952
1.550277778,5.58E+03,2.95997
1.550555556,5.58E+03,2.95934
1.550833333,5.58E+03,2.95951
1.551111111,5.58E+03,2.95898
1.551388889,5.59E+03,2.95923
1.551666667,5.59E+03,2.95968
1.551944444,5.59E+03,2.95888
1.552222222,5.59E+03,2.9591
1.5525,5.59E+03,2.95914
1.552777778,5.59E+03,2.95881
1.553055556,5.59E+03,2.9599
1.553333333,5.59E+03,2.95864
1.553611111,5.59E+03,2.95877
1.553888889,5.59E+03,2.95871
1.554166667,5.60E+03,2.95861
1.554444444,5.60E+03,2.95931
1.554722222,5.60E+03,2.95908
1.555,5.60E+03,2.95893
1.555277778,5.60E+03,2.95903
1.555555556,5.60E+03,2.95893
1.555833333,5.60E+03,2.95983
1.556111111,5.60E+03,2.95899
1.556388889,5.60E+03,2.95875
1.556666667,5.60E+03,2.95857
1.556944444,5.60E+03,2.95888
1.557222222,5.61E+03,2.95886
1.5575,5.61E+03,2.95872
1.557777778,5.61E+03,2.95891
1.558055556,5.61E+03,2.95931
1.558333333,5.61E+03,2.95845
1.558611111,5.61E+03,2.95906
1.558888889,5.61E+03,2.95861
1.559166667,5.61E+03,2.95856
1.559444444,5.61E+03,2.9586
1.559722222,5.61E+03,2.95798
1.56,5.62E+03,2.95796
1.560277778,5.62E+03,2.95812
1.560555556,5.62E+03,2.95748
1.560833333,5.62E+03,2.95846
1.561111111,5.62E+03,2.95726
1.561388889,5.62E+03,2.9573
1.561666667,5.62E+03,2.95743
1.561944444,5.62E+03,2.95676
1.562222222,5.62E+03,2.95773
1.5625,5.63E+03,2.95749
1.562777778,5.63E+03,2.95775
1.563055556,5.63E+03,2.95818
1.563333333,5.63E+03,2.95773
1.563611111,5.63E+03,2.95813
1.563888889,5.63E+03,2.95768
1.564166667,5.63E+03,2.95788
1.564444444,5.63E+03,2.95745
1.564722222,5.63E+03,2.9577
1.565,5.63E+03,2.95733
1.565277778,5.64E+03,2.9574
1.565555556,5.64E+03,2.95767
1.565833333,5.64E+03,2.95745
1.566111111,5.64E+03,2.95759
1.566388889,5.64E+03,2.95741
1.566666667,5.64E+03,2.95715
1.566944444,5.64E+03,2.95789
1.567222222,5.64E+03,2.9566
1.5675,5.64E+03,2.95718
1.567777778,5.64E+03,2.9573
1.568055556,5.65E+03,2.95693
1.568333333,5.65E+03,2.95722
1.568611111,5.65E+03,2.95693
1.568888889,5.65E+03,2.95745
1.569166667,5.65E+03,2.95728
1.569444444,5.65E+03,2.95696
1.569722222,5.65E+03,2.95711
1.57,5.65E+03,2.95703
1.570277778,5.65E+03,2.95734
1.570555556,5.65E+03,2.95664
1.570833333,5.65E+03,2.95715
1.571111111,5.66E+03,2.95658
1.571388889,5.66E+03,2.95668
1.571666667,5.66E+03,2.95691
1.571944444,5.66E+03,2.95657
1.572222222,5.66E+03,2.95671
1.5725,5.66E+03,2.95678
1.572777778,5.66E+03,2.95651
1.573055556,5.66E+03,2.9576
1.573333333,5.66E+03,2.9563
1.573611111,5.67E+03,2.95674
1.573888889,5.67E+03,2.95664
1.574166667,5.67E+03,2.95625
1.574444444,5.67E+03,2.95682
1.574722222,5.67E+03,2.95665
1.575,5.67E+03,2.95643
1.575277778,5.67E+03,2.95727
1.575555556,5.67E+03,2.9563
1.575833333,5.67E+03,2.95635
1.576111111,5.67E+03,2.95718
1.576388889,5.68E+03,2.95623
1.576666667,5.68E+03,2.95629
1.576944444,5.68E+03,2.95628
1.577222222,5.68E+03,2.95617
1.5775,5.68E+03,2.95673
1.577777778,5.68E+03,2.956
1.578055556,5.68E+03,2.95566
1.578333333,5.68E+03,2.95664
1.578611111,5.68E+03,2.9559
1.578888889,5.68E+03,2.95627
1.579166667,5.69E+03,2.95629
1.579444444,5.69E+03,2.95619
1.579722222,5.69E+03,2.95692
1.58,5.69E+03,2.95603
1.580277778,5.69E+03,2.95556
1.580555556,5.69E+03,2.95692
1.580833333,5.69E+03,2.95626
1.581111111,5.69E+03,2.95606
1.581388889,5.69E+03,2.95675
1.581666667,5.69E+03,2.95559
1.581944444,5.69E+03,2.95593
1.582222222,5.70E+03,2.95578
1.5825,5.70E+03,2.95554
1.582777778,5.70E+03,2.95603
1.583055556,5.70E+03,2.95585
1.583333333,5.70E+03,2.95556
1.583611111,5.70E+03,2.9565
1.583888889,5.70E+03,2.95561
1.584166667,5.70E+03,2.95534
1.584444444,5.70E+03,2.95629
1.584722222,5.70E+03,2.95573
1.585,5.71E+03,2.95562
1.585277778,5.71E+03,2.95597
1.585555556,5.71E+03,2.95537
1.585833333,5.71E+03,2.95531
1.586111111,5.71E+03,2.95564
1.586388889,5.71E+03,2.95551
1.586666667,5.71E+03,2.95538
1.586944444,5.71E+03,2.95607
1.587222222,5.71E+03,2.95531
1.5875,5.72E+03,2.9551
1.587777778,5.72E+03,2.95541
1.588055556,5.72E+03,2.95565
1.588333333,5.72E+03,2.95546
1.588611111,5.72E+03,2.95646
1.588888889,5.72E+03,2.95559
1.589166667,5.72E+03,2.9552
1.589444444,5.72E+03,2.95548
1.589722222,5.72E+03,2.95491
1.59,5.72E+03,2.95461
1.590277778,5.73E+03,2.95592
1.590555556,5.73E+03,2.95439
1.590833333,5.73E+03,2.95394
1.591111111,5.73E+03,2.95491
1.591388889,5.73E+03,2.95397
1.591666667,5.73E+03,2.95337
1.591944444,5.73E+03,2.95438
1.592222222,5.73E+03,2.95321
1.5925,5.73E+03,2.95307
1.592777778,5.73E+03,2.95351
1.593055556,5.74E+03,2.95356
1.593333333,5.74E+03,2.95385
1.593611111,5.74E+03,2.95452
1.593888889,5.74E+03,2.95429
1.594166667,5.74E+03,2.95406
1.594444444,5.74E+03,2.95443
1.594722222,5.74E+03,2.95436
1.595,5.74E+03,2.95418
1.595277778,5.74E+03,2.95476
1.595555556,5.74E+03,2.95432
1.595833333,5.74E+03,2.95409
1.596111111,5.75E+03,2.95541
1.596388889,5.75E+03,2.95542
1.596666667,5.75E+03,2.95537
1.596944444,5.75E+03,2.95668
1.597222222,5.75E+03,2.95534
1.5975,5.75E+03,2.95498
1.597777778,5.75E+03,2.95589
1.598055556,5.75E+03,2.95544
1.598333333,5.75E+03,2.95523
1.598611111,5.76E+03,2.95643
1.598888889,5.76E+03,2.95521
1.599166667,5.76E+03,2.95511
1.599444444,5.76E+03,2.95559
1.599722222,5.76E+03,2.95505
1.6,5.76E+03,2.95518
1.600277778,5.76E+03,2.95535
1.600555556,5.76E+03,2.95461
1.600833333,5.76E+03,2.95497
1.601111111,5.76E+03,2.95447
1.601388889,5.77E+03,2.95459
1.601666667,5.77E+03,2.955
1.601944444,5.77E+03,2.95552
1.602222222,5.77E+03,2.95437
1.6025,5.77E+03,2.95441
1.602777778,5.77E+03,2.95423
1.603055556,5.77E+03,2.95436
1.603333333,5.77E+03,2.95407
1.603611111,5.77E+03,2.95458
1.603888889,5.77E+03,2.954
1.604166667,5.78E+03,2.95386
1.604444444,5.78E+03,2.95439
1.604722222,5.78E+03,2.95377
1.605,5.78E+03,2.95366
1.605277778,5.78E+03,2.95483
1.605555556,5.78E+03,2.95359
1.605833333,5.78E+03,2.95335
1.606111111,5.78E+03,2.95414
1.606388889,5.78E+03,2.95351
1.606666667,5.78E+03,2.9535
1.606944444,5.78E+03,2.95409
1.607222222,5.79E+03,2.95317
1.6075,5.79E+03,2.95332
1.607777778,5.79E+03,2.9534
1.608055556,5.79E+03,2.953
1.608333333,5.79E+03,2.95286
1.608611111,5.79E+03,2.9534
1.608888889,5.79E+03,2.95277
1.609166667,5.79E+03,2.95323
1.609444444,5.79E+03,2.95289
1.609722222,5.79E+03,2.95283
1.61,5.80E+03,2.95312
1.610277778,5.80E+03,2.95305
1.610555556,5.80E+03,2.95282
1.610833333,5.80E+03,2.9531
1.611111111,5.80E+03,2.95264
1.611388889,5.80E+03,2.9527
1.611666667,5.80E+03,2.95289
1.611944444,5.80E+03,2.95289
1.612222222,5.80E+03,2.95244
1.6125,5.81E+03,2.95302
1.612777778,5.81E+03,2.95239
1.613055556,5.81E+03,2.95191
1.613333333,5.81E+03,2.95239
1.613611111,5.81E+03,2.95221
1.613888889,5.81E+03,2.95188
1.614166667,5.81E+03,2.95286
1.614444444,5.81E+03,2.9519
1.614722222,5.81E+03,2.95156
1.615,5.81E+03,2.95206
1.615277778,5.82E+03,2.95168
1.615555556,5.82E+03,2.95196
1.615833333,5.82E+03,2.95236
1.616111111,5.82E+03,2.95165
1.616388889,5.82E+03,2.95182
1.616666667,5.82E+03,2.95187
1.616944444,5.82E+03,2.95157
1.617222222,5.82E+03,2.9522
1.6175,5.82E+03,2.95192
1.617777778,5.82E+03,2.95132
1.618055556,5.83E+03,2.9528
1.618333333,5.83E+03,2.95164
1.618611111,5.83E+03,2.95124
1.618888889,5.83E+03,2.95226
1.619166667,5.83E+03,2.95159
1.619444444,5.83E+03,2.95118
1.619722222,5.83E+03,2.95223
1.62,5.83E+03,2.95117
1.620277778,5.83E+03,2.95109
1.620555556,5.83E+03,2.95143
1.620833333,5.83E+03,2.95089
1.621111111,5.84E+03,2.95107
1.621388889,5.84E+03,2.95133
1.621666667,5.84E+03,2.95081
1.621944444,5.84E+03,2.95103
1.622222222,5.84E+03,2.95124
1.6225,5.84E+03,2.95096
1.622777778,5.84E+03,2.95073
1.623055556,5.84E+03,2.95124
1.623333333,5.84E+03,2.95043
1.623611111,5.85E+03,2.95065
1.623888889,5.85E+03,2.95032
1.624166667,5.85E+03,2.95069
1.624444444,5.85E+03,2.95059
1.624722222,5.85E+03,2.95075
1.625,5.85E+03,2.95046
1.625277778,5.85E+03,2.95048
1.625555556,5.85E+03,2.95077
1.625833333,5.85E+03,2.95048
1.626111111,5.85E+03,2.95061
1.626388889,5.86E+03,2.95085
1.626666667,5.86E+03,2.95007
1.626944444,5.86E+03,2.95019
1.627222222,5.86E+03,2.95048
1.6275,5.86E+03,2.94961
1.627777778,5.86E+03,2.94996
1.628055556,5.86E+03,2.95004
1.628333333,5.86E+03,2.94922
1.628611111,5.86E+03,2.94968
1.628888889,5.86E+03,2.94933
1.629166667,5.87E+03,2.94924
1.629444444,5.87E+03,2.94968
1.629722222,5.87E+03,2.94907
1.63,5.87E+03,2.94924
1.630277778,5.87E+03,2.95014
1.630555556,5.87E+03,2.94975
1.630833333,5.87E+03,2.94966
1.631111111,5.87E+03,2.94994
1.631388889,5.87E+03,2.94996
1.631666667,5.87E+03,2.94955
1.631944444,5.87E+03,2.94978
1.632222222,5.88E+03,2.94977
1.6325,5.88E+03,2.94951
1.632777778,5.88E+03,2.94907
1.633055556,5.88E+03,2.95038
1.633333333,5.88E+03,2.94933
1.633611111,5.88E+03,2.94902
1.633888889,5.88E+03,2.94983
1.634166667,5.88E+03,2.94931
1.634444444,5.88E+03,2.94882
1.634722222,5.88E+03,2.9497
1.635,5.89E+03,2.94881
1.635277778,5.89E+03,2.94831
1.635555556,5.89E+03,2.94889
1.635833333,5.89E+03,2.9485
1.636111111,5.89E+03,2.94858
1.636388889,5.89E+03,2.94886
1.636666667,5.89E+03,2.94865
1.636944444,5.89E+03,2.94874
1.637222222,5.89E+03,2.94831
1.6375,5.90E+03,2.94813
1.637777778,5.90E+03,2.94811
1.638055556,5.90E+03,2.94779
1.638333333,5.90E+03,2.94801
1.638611111,5.90E+03,2.94739
1.638888889,5.90E+03,2.94748
1.639166667,5.90E+03,2.94788
1.639444444,5.90E+03,2.94739
1.639722222,5.90E+03,2.9477
1.64,5.90E+03,2.94764
1.640277778,5.91E+03,2.94715
1.640555556,5.91E+03,2.94764
1.640833333,5.91E+03,2.947
1.641111111,5.91E+03,2.94713
1.641388889,5.91E+03,2.9477
1.641666667,5.91E+03,2.94731
1.641944444,5.91E+03,2.94702
1.642222222,5.91E+03,2.9475
1.6425,5.91E+03,2.9471
1.642777778,5.91E+03,2.94691
1.643055556,5.92E+03,2.94733
1.643333333,5.92E+03,2.94706
1.643611111,5.92E+03,2.94704
1.643888889,5.92E+03,2.947
1.644166667,5.92E+03,2.94749
1.644444444,5.92E+03,2.94706
1.644722222,5.92E+03,2.94673
1.645,5.92E+03,2.94677
1.645277778,5.92E+03,2.94676
1.645555556,5.92E+03,2.94628
1.645833333,5.92E+03,2.94708
1.646111111,5.93E+03,2.94636
1.646388889,5.93E+03,2.94598
1.646666667,5.93E+03,2.94631
1.646944444,5.93E+03,2.94558
1.647222222,5.93E+03,2.94562
1.6475,5.93E+03,2.94608
1.647777778,5.93E+03,2.9455
1.648055556,5.93E+03,2.94575
1.648333333,5.93E+03,2.94602
1.648611111,5.94E+03,2.94545
1.648888889,5.94E+03,2.94621
1.649166667,5.94E+03,2.94566
1.649444444,5.94E+03,2.94532
1.649722222,5.94E+03,2.94644
1.65,5.94E+03,2.94572
1.650277778,5.94E+03,2.94554
1.650555556,5.94E+03,2.94623
1.650833333,5.94E+03,2.94552
1.651111111,5.94E+03,2.94539
1.651388889,5.95E+03,2.94521
1.651666667,5.95E+03,2.94505
1.651944444,5.95E+03,2.94539
1.652222222,5.95E+03,2.94558
1.6525,5.95E+03,2.94516
1.652777778,5.95E+03,2.9454
1.653055556,5.95E+03,2.94469
1.653333333,5.95E+03,2.94462
1.653611111,5.95E+03,2.94492
1.653888889,5.95E+03,2.9444
1.654166667,5.96E+03,2.94461
1.654444444,5.96E+03,2.94504
1.654722222,5.96E+03,2.94479
1.655,5.96E+03,2.94518
1.655277778,5.96E+03,2.9449
1.655555556,5.96E+03,2.94419
1.655833333,5.96E+03,2.94503
1.656111111,5.96E+03,2.94393
1.656388889,5.96E+03,2.94427
1.656666667,5.96E+03,2.94432
1.656944444,5.96E+03,2.94419
1.657222222,5.97E+03,2.94501
1.6575,5.97E+03,2.94433
1.657777778,5.97E+03,2.94445
1.658055556,5.97E+03,2.94466
1.658333333,5.97E+03,2.94438
1.658611111,5.97E+03,2.94525
1.658888889,5.97E+03,2.94452
1.659166667,5.97E+03,2.94445
1.659444444,5.97E+03,2.94509
1.659722222,5.97E+03,2.94484
1.66,5.98E+03,2.94491
1.660277778,5.98E+03,2.94528
1.660555556,5.98E+03,2.94464
1.660833333,5.98E+03,2.94488
1.661111111,5.98E+03,2.94488
1.661388889,5.98E+03,2.9444
1.661666667,5.98E+03,2.9451
1.661944444,5.98E+03,2.94441
1.662222222,5.98E+03,2.94416
1.6625,5.99E+03,2.94556
1.662777778,5.99E+03,2.94453
1.663055556,5.99E+03,2.94405
1.663333333,5.99E+03,2.94441
1.663611111,5.99E+03,2.94375
1.663888889,5.99E+03,2.94451
1.664166667,5.99E+03,2.94389
1.664444444,5.99E+03,2.9438
1.664722222,5.99E+03,2.94457
1.665,5.99E+03,2.94406
1.665277778,6.00E+03,2.94327
1.665555556,6.00E+03,2.9441
1.665833333,6.00E+03,2.94348
1.666111111,6.00E+03,2.94348
1.666388889,6.00E+03,2.94383
1.666666667,6.00E+03,2.94359
1.666944444,6.00E+03,2.94341
1.667222222,6.00E+03,2.94381
1.6675,6.00E+03,2.94328
1.667777778,6.00E+03,2.94337
1.668055556,6.01E+03,2.94324
1.668333333,6.01E+03,2.94305
1.668611111,6.01E+03,2.94325
1.668888889,6.01E+03,2.943
1.669166667,6.01E+03,2.9429
1.669444444,6.01E+03,2.9433
1.669722222,6.01E+03,2.9429
1.67,6.01E+03,2.94305
1.670277778,6.01E+03,2.94316
1.670555556,6.01E+03,2.94287
1.670833333,6.01E+03,2.94286
1.671111111,6.02E+03,2.94273
1.671388889,6.02E+03,2.94267
1.671666667,6.02E+03,2.94251
1.671944444,6.02E+03,2.94288
1.672222222,6.02E+03,2.94315
1.6725,6.02E+03,2.94242
1.672777778,6.02E+03,2.94323
1.673055556,6.02E+03,2.9432
1.673333333,6.02E+03,2.94272
1.673611111,6.03E+03,2.94381
1.673888889,6.03E+03,2.94313
1.674166667,6.03E+03,2.94244
1.674444444,6.03E+03,2.94312
1.674722222,6.03E+03,2.94238
1.675,6.03E+03,2.94237
1.675277778,6.03E+03,2.94347
1.675555556,6.03E+03,2.94272
1.675833333,6.03E+03,2.94216
1.676111111,6.03E+03,2.94254
1.676388889,6.04E+03,2.94193
1.676666667,6.04E+03,2.94219
1.676944444,6.04E+03,2.9423
1.677222222,6.04E+03,2.94203
1.6775,6.04E+03,2.94158
1.677777778,6.04E+03,2.94147
1.678055556,6.04E+03,2.94193
1.678333333,6.04E+03,2.94164
1.678611111,6.04E+03,2.94173
1.678888889,6.04E+03,2.94214
1.679166667,6.05E+03,2.94105
1.679444444,6.05E+03,2.94132
1.679722222,6.05E+03,2.94172
1.68,6.05E+03,2.9414
1.680277778,6.05E+03,2.94133
1.680555556,6.05E+03,2.94175
1.680833333,6.05E+03,2.94092
1.681111111,6.05E+03,2.94102
1.681388889,6.05E+03,2.94091
1.681666667,6.05E+03,2.94076
1.681944444,6.05E+03,2.94118
1.682222222,6.06E+03,2.94128
1.6825,6.06E+03,2.94103
1.682777778,6.06E+03,2.94083
1.683055556,6.06E+03,2.94071
1.683333333,6.06E+03,2.94124
1.683611111,6.06E+03,2.94056
1.683888889,6.06E+03,2.94016
1.684166667,6.06E+03,2.94117
1.684444444,6.06E+03,2.93996
1.684722222,6.06E+03,2.94004
1.685,6.07E+03,2.94045
1.685277778,6.07E+03,2.93944
1.685555556,6.07E+03,2.94003
1.685833333,6.07E+03,2.94018
1.686111111,6.07E+03,2.93992
1.686388889,6.07E+03,2.9399
1.686666667,6.07E+03,2.94037
1.686944444,6.07E+03,2.93994
1.687222222,6.07E+03,2.93996
1.6875,6.08E+03,2.93999
1.687777778,6.08E+03,2.94015
1.688055556,6.08E+03,2.93994
1.688333333,6.08E+03,2.94022
1.688611111,6.08E+03,2.93968
1.688888889,6.08E+03,2.93968
1.689166667,6.08E+03,2.94034
1.689444444,6.08E+03,2.94035
1.689722222,6.08E+03,2.94002
1.69,6.08E+03,2.94095
1.690277778,6.09E+03,2.93986
1.690555556,6.09E+03,2.9396
1.690833333,6.09E+03,2.94042
1.691111111,6.09E+03,2.94024
1.691388889,6.09E+03,2.93912
1.691666667,6.09E+03,2.94014
1.691944444,6.09E+03,2.9391
1.692222222,6.09E+03,2.93904
1.6925,6.09E+03,2.93989
1.692777778,6.09E+03,2.93955
1.693055556,6.10E+03,2.93923
1.693333333,6.10E+03,2.93943
1.693611111,6.10E+03,2.93865
1.693888889,6.10E+03,2.93888
1.694166667,6.10E+03,2.93862
1.694444444,6.10E+03,2.93858
1.694722222,6.10E+03,2.93897
1.695,6.10E+03,2.93868
1.695277778,6.10E+03,2.9388
1.695555556,6.10E+03,2.9382
1.695833333,6.10E+03,2.93813
1.696111111,6.11E+03,2.9385
1.696388889,6.11E+03,2.93783
1.696666667,6.11E+03,2.9385
1.696944444,6.11E+03,2.93814
1.697222222,6.11E+03,2.93788
1.6975,6.11E+03,2.93848
1.697777778,6.11E+03,2.93836
1.698055556,6.11E+03,2.93788
1.698333333,6.11E+03,2.93849
1.698611111,6.12E+03,2.9375
1.698888889,6.12E+03,2.93754
1.699166667,6.12E+03,2.93844
1.699444444,6.12E+03,2.93802
1.699722222,6.12E+03,2.93711
1.7,6.12E+03,2.93811
1.700277778,6.12E+03,2.937
1.700555556,6.12E+03,2.9378
1.700833333,6.12E+03,2.93774
1.701111111,6.12E+03,2.9377
1.701388889,6.13E+03,2.93778
1.701666667,6.13E+03,2.93769
1.701944444,6.13E+03,2.9368
1.702222222,6.13E+03,2.93746
1.7025,6.13E+03,2.9373
1.702777778,6.13E+03,2.93818
1.703055556,6.13E+03,2.93724
1.703333333,6.13E+03,2.93643
1.703611111,6.13E+03,2.93768
1.703888889,6.13E+03,2.93706
1.704166667,6.14E+03,2.93655
1.704444444,6.14E+03,2.93731
1.704722222,6.14E+03,2.93607
1.705,6.14E+03,2.93656
1.705277778,6.14E+03,2.9364
1.705555556,6.14E+03,2.93623
1.705833333,6.14E+03,2.93653
1.706111111,6.14E+03,2.93717
1.706388889,6.14E+03,2.93657
1.706666667,6.14E+03,2.93626
1.706944444,6.14E+03,2.93676
1.707222222,6.15E+03,2.93647
1.7075,6.15E+03,2.93602
1.707777778,6.15E+03,2.93617
1.708055556,6.15E+03,2.93614
1.708333333,6.15E+03,2.93584
1.708611111,6.15E+03,2.93787
1.708888889,6.15E+03,2.93778
1.709166667,6.15E+03,2.93776
1.709444444,6.15E+03,2.93825
1.709722222,6.15E+03,2.93758
1.71,6.16E+03,2.93736
1.710277778,6.16E+03,2.93882
1.710555556,6.16E+03,2.93836
1.710833333,6.16E+03,2.93789
1.711111111,6.16E+03,2.93903
1.711388889,6.16E+03,2.93804
1.711666667,6.16E+03,2.93826
1.711944444,6.16E+03,2.93873
1.712222222,6.16E+03,2.93858
1.7125,6.17E+03,2.93846
1.712777778,6.17E+03,2.93838
1.713055556,6.17E+03,2.93822
1.713333333,6.17E+03,2.93871
1.713611111,6.17E+03,2.93814
1.713888889,6.17E+03,2.93928
1.714166667,6.17E+03,2.93844
1.714444444,6.17E+03,2.93808
1.714722222,6.17E+03,2.93883
1.715,6.17E+03,2.93829
1.715277778,6.18E+03,2.93796
1.715555556,6.18E+03,2.93897
1.715833333,6.18E+03,2.93792
1.716111111,6.18E+03,2.93817
1.716388889,6.18E+03,2.93864
1.716666667,6.18E+03,2.93834
1.716944444,6.18E+03,2.93844
1.717222222,6.18E+03,2.93892
1.7175,6.18E+03,2.93823
1.717777778,6.18E+03,2.93844
1.718055556,6.19E+03,2.9377
1.718333333,6.19E+03,2.93793
1.718611111,6.19E+03,2.93813
1.718888889,6.19E+03,2.93782
1.719166667,6.19E+03,2.93782
1.719444444,6.19E+03,2.93794
1.719722222,6.19E+03,2.93755
1.72,6.19E+03,2.93827
1.720277778,6.19E+03,2.93826
1.720555556,6.19E+03,2.93809
1.720833333,6.19E+03,2.93798
1.721111111,6.20E+03,2.93798
1.721388889,6.20E+03,2.93793
1.721666667,6.20E+03,2.93735
1.721944444,6.20E+03,2.93763
1.722222222,6.20E+03,2.93799
1.7225,6.20E+03,2.93719
1.722777778,6.20E+03,2.93746
1.723055556,6.20E+03,2.93789
1.723333333,6.20E+03,2.93731
1.723611111,6.21E+03,2.93803
1.723888889,6.21E+03,2.93742
1.724166667,6.21E+03,2.93718
1.724444444,6.21E+03,2.93849
1.724722222,6.21E+03,2.93744
1.725,6.21E+03,2.93696
1.725277778,6.21E+03,2.93724
1.725555556,6.21E+03,2.93672
1.725833333,6.21E+03,2.93684
1.726111111,6.21E+03,2.93715
1.726388889,6.22E+03,2.93703
1.726666667,6.22E+03,2.93681
1.726944444,6.22E+03,2.93717
1.727222222,6.22E+03,2.93721
1.7275,6.22E+03,2.93758
1.727777778,6.22E+03,2.93757
1.728055556,6.22E+03,2.93776
1.728333333,6.22E+03,2.93735
1.728611111,6.22E+03,2.93764
1.728888889,6.22E+03,2.93816
1.729166667,6.23E+03,2.93728
1.729444444,6.23E+03,2.93758
1.729722222,6.23E+03,2.93805
1.73,6.23E+03,2.93737
1.730277778,6.23E+03,2.93755
1.730555556,6.23E+03,2.93735
1.730833333,6.23E+03,2.93698
1.731111111,6.23E+03,2.93748
1.731388889,6.23E+03,2.93766
1.731666667,6.23E+03,2.93698
1.731944444,6.23E+03,2.93714
1.732222222,6.24E+03,2.9375
1.7325,6.24E+03,2.93706
1.732777778,6.24E+03,2.93666
1.733055556,6.24E+03,2.93713
1.733333333,6.24E+03,2.93721
1.733611111,6.24E+03,2.93669
1.733888889,6.24E+03,2.93733
1.734166667,6.24E+03,2.93736
1.734444444,6.24E+03,2.93645
1.734722222,6.24E+03,2.93741
1.735,6.25E+03,2.93643
1.735277778,6.25E+03,2.93646
1.735555556,6.25E+03,2.93737
1.735833333,6.25E+03,2.93755
1.736111111,6.25E+03,2.93761
1.736388889,6.25E+03,2.93835
1.736666667,6.25E+03,2.93793
1.736944444,6.25E+03,2.93795
1.737222222,6.25E+03,2.93795
1.7375,6.26E+03,2.93785
1.737777778,6.26E+03,2.93793
1.738055556,6.26E+03,2.9379
1.738333333,6.26E+03,2.93805
1.738611111,6.26E+03,2.9382
1.738888889,6.26E+03,2.93752
1.739166667,6.26E+03,2.9383
1.739444444,6.26E+03,2.93745
1.739722222,6.26E+03,2.93706
1.74,6.26E+03,2.93852
1.740277778,6.27E+03,2.93806
1.740555556,6.27E+03,2.93705
1.740833333,6.27E+03,2.93808
1.741111111,6.27E+03,2.93771
1.741388889,6.27E+03,2.93813
1.741666667,6.27E+03,2.9377
1.741944444,6.27E+03,2.93794
1.742222222,6.27E+03,2.93815
1.7425,6.27E+03,2.93765
1.742777778,6.27E+03,2.93756
1.743055556,6.28E+03,2.93851
1.743333333,6.28E+03,2.93794
1.743611111,6.28E+03,2.93762
1.743888889,6.28E+03,2.93796
1.744166667,6.28E+03,2.93746
1.744444444,6.28E+03,2.93776
1.744722222,6.28E+03,2.93794
1.745,6.28E+03,2.93772
1.745277778,6.28E+03,2.93829
1.745555556,6.28E+03,2.93717
1.745833333,6.28E+03,2.93777
1.746111111,6.29E+03,2.93671
1.746388889,6.29E+03,2.93676
1.746666667,6.29E+03,2.93721
1.746944444,6.29E+03,2.93685
1.747222222,6.29E+03,2.93683
1.7475,6.29E+03,2.93655
1.747777778,6.29E+03,2.93655
1.748055556,6.29E+03,2.93715
1.748333333,6.29E+03,2.93631
1.748611111,6.30E+03,2.93631
1.748888889,6.30E+03,2.93749
1.749166667,6.30E+03,2.93688
1.749444444,6.30E+03,2.93625
1.749722222,6.30E+03,2.93718
1.75,6.30E+03,2.93683
1.750277778,6.30E+03,2.93683
1.750555556,6.30E+03,2.9359
1.750833333,6.30E+03,2.93633
1.751111111,6.30E+03,2.93675
1.751388889,6.31E+03,2.93625
1.751666667,6.31E+03,2.93593
1.751944444,6.31E+03,2.93671
1.752222222,6.31E+03,2.93579
1.7525,6.31E+03,2.93678
1.752777778,6.31E+03,2.93618
1.753055556,6.31E+03,2.93644
1.753333333,6.31E+03,2.93662
1.753611111,6.31E+03,2.93591
1.753888889,6.31E+03,2.93611
1.754166667,6.32E+03,2.93683
1.754444444,6.32E+03,2.93617
1.754722222,6.32E+03,2.93617
1.755,6.32E+03,2.93595
1.755277778,6.32E+03,2.93655
1.755555556,6.32E+03,2.93579
1.755833333,6.32E+03,2.93518
1.756111111,6.32E+03,2.93568
1.756388889,6.32E+03,2.93565
1.756666667,6.32E+03,2.93518
1.756944444,6.32E+03,2.93549
1.757222222,6.33E+03,2.93523
1.7575,6.33E+03,2.93563
1.757777778,6.33E+03,2.93478
1.758055556,6.33E+03,2.93426
1.758333333,6.33E+03,2.93499
1.758611111,6.33E+03,2.93451
1.758888889,6.33E+03,2.93429
1.759166667,6.33E+03,2.9348
1.759444444,6.33E+03,2.93505
1.759722222,6.33E+03,2.93523
1.76,6.34E+03,2.93471
1.760277778,6.34E+03,2.93421
1.760555556,6.34E+03,2.9351
1.760833333,6.34E+03,2.93443
1.761111111,6.34E+03,2.9339
1.761388889,6.34E+03,2.93485
1.761666667,6.34E+03,2.93459
1.761944444,6.34E+03,2.93467
1.762222222,6.34E+03,2.93464
1.7625,6.35E+03,2.9348
1.762777778,6.35E+03,2.9355
1.763055556,6.35E+03,2.93504
1.763333333,6.35E+03,2.93473
1.763611111,6.35E+03,2.9358
1.763888889,6.35E+03,2.9351
1.764166667,6.35E+03,2.93503
1.764444444,6.35E+03,2.93526
1.764722222,6.35E+03,2.93459
1.765,6.35E+03,2.93438
1.765277778,6.36E+03,2.9344
1.765555556,6.36E+03,2.93388
1.765833333,6.36E+03,2.93463
1.766111111,6.36E+03,2.93417
1.766388889,6.36E+03,2.93503
1.766666667,6.36E+03,2.93405
1.766944444,6.36E+03,2.93368
1.767222222,6.36E+03,2.9345
1.7675,6.36E+03,2.93409
1.767777778,6.36E+03,2.93342
1.768055556,6.37E+03,2.9348
1.768333333,6.37E+03,2.93378
1.768611111,6.37E+03,2.93336
1.768888889,6.37E+03,2.93389
1.769166667,6.37E+03,2.93315
1.769444444,6.37E+03,2.93336
1.769722222,6.37E+03,2.9338
1.77,6.37E+03,2.93331
1.770277778,6.37E+03,2.93382
1.770555556,6.37E+03,2.93373
1.770833333,6.37E+03,2.93311
1.771111111,6.38E+03,2.93351
1.771388889,6.38E+03,2.93333
1.771666667,6.38E+03,2.93296
1.771944444,6.38E+03,2.93265
1.772222222,6.38E+03,2.93281
1.7725,6.38E+03,2.93315
1.772777778,6.38E+03,2.93257
1.773055556,6.38E+03,2.93341
1.773333333,6.38E+03,2.93274
1.773611111,6.39E+03,2.932
1.773888889,6.39E+03,2.9326
1.774166667,6.39E+03,2.93199
1.774444444,6.39E+03,2.93173
1.774722222,6.39E+03,2.9331
1.775,6.39E+03,2.93227
1.775277778,6.39E+03,2.9317
1.775555556,6.39E+03,2.93248
1.775833333,6.39E+03,2.93201
1.776111111,6.39E+03,2.93199
1.776388889,6.40E+03,2.93252
1.776666667,6.40E+03,2.93142
1.776944444,6.40E+03,2.93197
1.777222222,6.40E+03,2.9315
1.7775,6.40E+03,2.93124
1.777777778,6.40E+03,2.93211
1.778055556,6.40E+03,2.93159
1.778333333,6.40E+03,2.93133
1.778611111,6.40E+03,2.93219
1.778888889,6.40E+03,2.93131
1.779166667,6.41E+03,2.93131
1.779444444,6.41E+03,2.9315
1.779722222,6.41E+03,2.93114
1.78,6.41E+03,2.93119
1.780277778,6.41E+03,2.93108
1.780555556,6.41E+03,2.93117
1.780833333,6.41E+03,2.93119
1.781111111,6.41E+03,2.93077
1.781388889,6.41E+03,2.93169
1.781666667,6.41E+03,2.93094
1.781944444,6.41E+03,2.93047
1.782222222,6.42E+03,2.93125
1.7825,6.42E+03,2.93053
1.782777778,6.42E+03,2.93032
1.783055556,6.42E+03,2.93109
1.783333333,6.42E+03,2.93008
1.783611111,6.42E+03,2.93021
1.783888889,6.42E+03,2.92997
1.784166667,6.42E+03,2.92986
1.784444444,6.42E+03,2.93009
1.784722222,6.42E+03,2.92968
1.785,6.43E+03,2.92958
1.785277778,6.43E+03,2.93041
1.785555556,6.43E+03,2.92998
1.785833333,6.43E+03,2.92972
1.786111111,6.43E+03,2.92991
1.786388889,6.43E+03,2.92949
1.786666667,6.43E+03,2.92983
1.786944444,6.43E+03,2.93007
1.787222222,6.43E+03,2.9295
1.7875,6.44E+03,2.92976
1.787777778,6.44E+03,2.92998
1.788055556,6.44E+03,2.9295
1.788333333,6.44E+03,2.92949
1.788611111,6.44E+03,2.93011
1.788888889,6.44E+03,2.92961
1.789166667,6.44E+03,2.92907
1.789444444,6.44E+03,2.92976
1.789722222,6.44E+03,2.9293
1.79,6.44E+03,2.92939
1.790277778,6.45E+03,2.93012
1.790555556,6.45E+03,2.92953
1.790833333,6.45E+03,2.92919
1.791111111,6.45E+03,2.93002
1.791388889,6.45E+03,2.92896
1.791666667,6.45E+03,2.92876
1.791944444,6.45E+03,2.93008
1.792222222,6.45E+03,2.92834
1.7925,6.45E+03,2.92674
1.792777778,6.45E+03,2.9281
1.793055556,6.46E+03,2.92789
1.793333333,6.46E+03,2.92849
1.793611111,6.46E+03,2.92885
1.793888889,6.46E+03,2.92837
1.794166667,6.46E+03,2.92838
1.794444444,6.46E+03,2.92903
1.794722222,6.46E+03,2.92823
1.795,6.46E+03,2.92848
1.795277778,6.46E+03,2.92886
1.795555556,6.46E+03,2.92911
1.795833333,6.46E+03,2.92849
1.796111111,6.47E+03,2.92851
1.796388889,6.47E+03,2.92939
1.796666667,6.47E+03,2.92891
1.796944444,6.47E+03,2.92865
1.797222222,6.47E+03,2.92952
1.7975,6.47E+03,2.92846
1.797777778,6.47E+03,2.92847
1.798055556,6.47E+03,2.92876
1.798333333,6.47E+03,2.92817
1.798611111,6.48E+03,2.92834
1.798888889,6.48E+03,2.92861
1.799166667,6.48E+03,2.92801
1.799444444,6.48E+03,2.92859
1.799722222,6.48E+03,2.92791
1.8,6.48E+03,2.92794
1.800277778,6.48E+03,2.92866
1.800555556,6.48E+03,2.92856
1.800833333,6.48E+03,2.92833
1.801111111,6.48E+03,2.92847
1.801388889,6.49E+03,2.92826
1.801666667,6.49E+03,2.9287
1.801944444,6.49E+03,2.92845
1.802222222,6.49E+03,2.92819
1.8025,6.49E+03,2.92808
1.802777778,6.49E+03,2.92776
1.803055556,6.49E+03,2.92787
1.803333333,6.49E+03,2.92752
1.803611111,6.49E+03,2.9276
1.803888889,6.49E+03,2.92789
1.804166667,6.50E+03,2.92698
1.804444444,6.50E+03,2.92737
1.804722222,6.50E+03,2.92718
1.805,6.50E+03,2.92654
1.805277778,6.50E+03,2.92679
1.805555556,6.50E+03,2.92646
1.805833333,6.50E+03,2.9261
1.806111111,6.50E+03,2.92635
1.806388889,6.50E+03,2.92571
1.806666667,6.50E+03,2.92593
1.806944444,6.50E+03,2.92592
1.807222222,6.51E+03,2.92581
1.8075,6.51E+03,2.92535
1.807777778,6.51E+03,2.92575
1.808055556,6.51E+03,2.92556
1.808333333,6.51E+03,2.92577
1.808611111,6.51E+03,2.92547
1.808888889,6.51E+03,2.92605
1.809166667,6.51E+03,2.92552
1.809444444,6.51E+03,2.92558
1.809722222,6.51E+03,2.92548
1.81,6.52E+03,2.92562
1.810277778,6.52E+03,2.92548
1.810555556,6.52E+03,2.92504
1.810833333,6.52E+03,2.92545
1.811111111,6.52E+03,2.92567
1.811388889,6.52E+03,2.92513
1.811666667,6.52E+03,2.92564
1.811944444,6.52E+03,2.92481
1.812222222,6.52E+03,2.92529
1.8125,6.53E+03,2.9252
1.812777778,6.53E+03,2.92476
1.813055556,6.53E+03,2.92482
1.813333333,6.53E+03,2.92486
1.813611111,6.53E+03,2.92466
1.813888889,6.53E+03,2.92446
1.814166667,6.53E+03,2.92484
1.814444444,6.53E+03,2.92495
1.814722222,6.53E+03,2.92454
1.815,6.53E+03,2.92427
1.815277778,6.54E+03,2.92399
1.815555556,6.54E+03,2.92456
1.815833333,6.54E+03,2.92406
1.816111111,6.54E+03,2.92426
1.816388889,6.54E+03,2.92426
1.816666667,6.54E+03,2.92424
1.816944444,6.54E+03,2.9247
1.817222222,6.54E+03,2.92403
1.8175,6.54E+03,2.92405
1.817777778,6.54E+03,2.92454
1.818055556,6.55E+03,2.92371
1.818333333,6.55E+03,2.9243
1.818611111,6.55E+03,2.92398
1.818888889,6.55E+03,2.92399
1.819166667,6.55E+03,2.92465
1.819444444,6.55E+03,2.92417
1.819722222,6.55E+03,2.92367
1.82,6.55E+03,2.92453
1.820277778,6.55E+03,2.92361
1.820555556,6.55E+03,2.92395
1.820833333,6.55E+03,2.92373
1.821111111,6.56E+03,2.92369
1.821388889,6.56E+03,2.92418
1.821666667,6.56E+03,2.92405
1.821944444,6.56E+03,2.92328
1.822222222,6.56E+03,2.92457
1.8225,6.56E+03,2.92352
1.822777778,6.56E+03,2.9236
1.823055556,6.56E+03,2.92337
1.823333333,6.56E+03,2.92325
1.823611111,6.57E+03,2.92393
1.823888889,6.57E+03,2.92352
1.824166667,6.57E+03,2.92268
1.824444444,6.57E+03,2.92424
1.824722222,6.57E+03,2.92324
1.825,6.57E+03,2.92311
1.825277778,6.57E+03,2.92329
1.825555556,6.57E+03,2.92283
1.825833333,6.57E+03,2.92387
1.826111111,6.57E+03,2.92317
1.826388889,6.58E+03,2.92295
1.826666667,6.58E+03,2.92373
1.826944444,6.58E+03,2.92257
1.827222222,6.58E+03,2.92284
1.8275,6.58E+03,2.92309
1.827777778,6.58E+03,2.92296
1.828055556,6.58E+03,2.92317
1.828333333,6.58E+03,2.92287
1.828611111,6.58E+03,2.92289
1.828888889,6.58E+03,2.92339
1.829166667,6.59E+03,2.92266
1.829444444,6.59E+03,2.92276
1.829722222,6.59E+03,2.92311
1.83,6.59E+03,2.92241
1.830277778,6.59E+03,2.92245
1.830555556,6.59E+03,2.92277
1.830833333,6.59E+03,2.92249
1.831111111,6.59E+03,2.92244
1.831388889,6.59E+03,2.9221
1.831666667,6.59E+03,2.92244
1.831944444,6.59E+03,2.92224
1.832222222,6.60E+03,2.92199
1.8325,6.60E+03,2.92224
1.832777778,6.60E+03,2.92244
1.833055556,6.60E+03,2.92218
1.833333333,6.60E+03,2.92211
1.833611111,6.60E+03,2.92196
1.833888889,6.60E+03,2.92247
1.834166667,6.60E+03,2.92221
1.834444444,6.60E+03,2.92197
1.834722222,6.60E+03,2.92227
1.835,6.61E+03,2.92247
1.835277778,6.61E+03,2.92203
1.835555556,6.61E+03,2.92182
1.835833333,6.61E+03,2.92224
1.836111111,6.61E+03,2.92212
1.836388889,6.61E+03,2.92186
1.836666667,6.61E+03,2.92158
1.836944444,6.61E+03,2.92217
1.837222222,6.61E+03,2.92242
1.8375,6.62E+03,2.92161
1.837777778,6.62E+03,2.92215
1.838055556,6.62E+03,2.92198
1.838333333,6.62E+03,2.92135
1.838611111,6.62E+03,2.92224
1.838888889,6.62E+03,2.92232
1.839166667,6.62E+03,2.92201
1.839444444,6.62E+03,2.92348
1.839722222,6.62E+03,2.92258
1.84,6.62E+03,2.92179
1.840277778,6.63E+03,2.92295
1.840555556,6.63E+03,2.92216
1.840833333,6.63E+03,2.9223
1.841111111,6.63E+03,2.92299
1.841388889,6.63E+03,2.92132
1.841666667,6.63E+03,2.92237
1.841944444,6.63E+03,2.92202
1.842222222,6.63E+03,2.92192
1.8425,6.63E+03,2.92253
1.842777778,6.63E+03,2.92191
1.843055556,6.64E+03,2.9215
1.843333333,6.64E+03,2.9226
1.843611111,6.64E+03,2.92145
1.843888889,6.64E+03,2.92186
1.844166667,6.64E+03,2.92219
1.844444444,6.64E+03,2.9217
1.844722222,6.64E+03,2.92152
1.845,6.64E+03,2.9222
1.845277778,6.64E+03,2.92133
1.845555556,6.64E+03,2.92153
1.845833333,6.64E+03,2.92139
1.846111111,6.65E+03,2.92154
1.846388889,6.65E+03,2.92196
1.846666667,6.65E+03,2.92188
1.846944444,6.65E+03,2.92134
1.847222222,6.65E+03,2.92149
1.8475,6.65E+03,2.92061
1.847777778,6.65E+03,2.92132
1.848055556,6.65E+03,2.92093
1.848333333,6.65E+03,2.92059
1.848611111,6.66E+03,2.92055
1.848888889,6.66E+03,2.92022
1.849166667,6.66E+03,2.92008
1.849444444,6.66E+03,2.91993
1.849722222,6.66E+03,2.91996
1.85,6.66E+03,2.92022
1.850277778,6.66E+03,2.91965
1.850555556,6.66E+03,2.92057
1.850833333,6.66E+03,2.91996
1.851111111,6.66E+03,2.91993
1.851388889,6.67E+03,2.92067
1.851666667,6.67E+03,2.92005
1.851944444,6.67E+03,2.9197
1.852222222,6.67E+03,2.92113
1.8525,6.67E+03,2.91969
1.852777778,6.67E+03,2.9192
1.853055556,6.67E+03,2.92017
1.853333333,6.67E+03,2.91979
1.853611111,6.67E+03,2.91929
1.853888889,6.67E+03,2.91947
1.854166667,6.68E+03,2.91895
1.854444444,6.68E+03,2.91985
1.854722222,6.68E+03,2.919
1.855,6.68E+03,2.91876
1.855277778,6.68E+03,2.91976
1.855555556,6.68E+03,2.91921
1.855833333,6.68E+03,2.91921
1.856111111,6.68E+03,2.9195
1.856388889,6.68E+03,2.91879
1.856666667,6.68E+03,2.91973
1.856944444,6.68E+03,2.91906
1.857222222,6.69E+03,2.91909
1.8575,6.69E+03,2.91982
1.857777778,6.69E+03,2.91915
1.858055556,6.69E+03,2.91908
1.858333333,6.69E+03,2.9191
1.858611111,6.69E+03,2.91877
1.858888889,6.69E+03,2.91969
1.859166667,6.69E+03,2.91882
1.859444444,6.69E+03,2.91874
1.859722222,6.69E+03,2.91891
1.86,6.70E+03,2.91843
1.860277778,6.70E+03,2.91885
1.860555556,6.70E+03,2.91911
1.860833333,6.70E+03,2.91877
1.861111111,6.70E+03,2.9195
1.861388889,6.70E+03,2.91901
1.861666667,6.70E+03,2.9187
1.861944444,6.70E+03,2.91872
1.862222222,6.70E+03,2.9187
1.8625,6.71E+03,2.91897
1.862777778,6.71E+03,2.919
1.863055556,6.71E+03,2.91878
1.863333333,6.71E+03,2.92003
1.863611111,6.71E+03,2.9198
1.863888889,6.71E+03,2.91922
1.864166667,6.71E+03,2.91953
1.864444444,6.71E+03,2.91923
1.864722222,6.71E+03,2.91929
1.865,6.71E+03,2.91946
1.865277778,6.72E+03,2.91899
1.865555556,6.72E+03,2.91985
1.865833333,6.72E+03,2.91927
1.866111111,6.72E+03,2.91868
1.866388889,6.72E+03,2.91945
1.866666667,6.72E+03,2.91891
1.866944444,6.72E+03,2.91846
1.867222222,6.72E+03,2.92004
1.8675,6.72E+03,2.91886
1.867777778,6.72E+03,2.9182
1.868055556,6.73E+03,2.9187
1.868333333,6.73E+03,2.91807
1.868611111,6.73E+03,2.91836
1.868888889,6.73E+03,2.91821
1.869166667,6.73E+03,2.91801
1.869444444,6.73E+03,2.91873
1.869722222,6.73E+03,2.91855
1.87,6.73E+03,2.91785
1.870277778,6.73E+03,2.9188
1.870555556,6.73E+03,2.91849
1.870833333,6.73E+03,2.91839
1.871111111,6.74E+03,2.91904
1.871388889,6.74E+03,2.91884
1.871666667,6.74E+03,2.91889
1.871944444,6.74E+03,2.91857
1.872222222,6.74E+03,2.9192
1.8725,6.74E+03,2.91889
1.872777778,6.74E+03,2.91815
1.873055556,6.74E+03,2.91866
1.873333333,6.74E+03,2.91806
1.873611111,6.75E+03,2.91798
1.873888889,6.75E+03,2.91857
1.874166667,6.75E+03,2.91821
1.874444444,6.75E+03,2.91781
1.874722222,6.75E+03,2.9183
1.875,6.75E+03,2.91816
1.875277778,6.75E+03,2.91807
1.875555556,6.75E+03,2.9177
1.875833333,6.75E+03,2.91825
1.876111111,6.75E+03,2.91803
1.876388889,6.76E+03,2.9177
1.876666667,6.76E+03,2.91831
1.876944444,6.76E+03,2.91858
1.877222222,6.76E+03,2.91756
1.8775,6.76E+03,2.91841
1.877777778,6.76E+03,2.91785
1.878055556,6.76E+03,2.91771
1.878333333,6.76E+03,2.91805
1.878611111,6.76E+03,2.91826
1.878888889,6.76E+03,2.91762
1.879166667,6.77E+03,2.91815
1.879444444,6.77E+03,2.91743
1.879722222,6.77E+03,2.91733
1.88,6.77E+03,2.9174
1.880277778,6.77E+03,2.91696
1.880555556,6.77E+03,2.91695
1.880833333,6.77E+03,2.91744
1.881111111,6.77E+03,2.91702
1.881388889,6.77E+03,2.91731
1.881666667,6.77E+03,2.91742
1.881944444,6.77E+03,2.91768
1.882222222,6.78E+03,2.9176
1.8825,6.78E+03,2.91817
1.882777778,6.78E+03,2.91745
1.883055556,6.78E+03,2.91715
1.883333333,6.78E+03,2.9173
1.883611111,6.78E+03,2.91701
1.883888889,6.78E+03,2.91649
1.884166667,6.78E+03,2.91753
1.884444444,6.78E+03,2.91601
1.884722222,6.78E+03,2.91609
1.885,6.79E+03,2.91683
1.885277778,6.79E+03,2.91642
1.885555556,6.79E+03,2.91632
1.885833333,6.79E+03,2.91686
1.886111111,6.79E+03,2.91554
1.886388889,6.79E+03,2.91586
1.886666667,6.79E+03,2.91628
1.886944444,6.79E+03,2.91579
1.887222222,6.79E+03,2.91744
1.8875,6.80E+03,2.91724
1.887777778,6.80E+03,2.91673
1.888055556,6.80E+03,2.91829
1.888333333,6.80E+03,2.9172
1.888611111,6.80E+03,2.91728
1.888888889,6.80E+03,2.9183
1.889166667,6.80E+03,2.91761
1.889444444,6.80E+03,2.91771
1.889722222,6.80E+03,2.91834
1.89,6.80E+03,2.91763
1.890277778,6.81E+03,2.9178
1.890555556,6.81E+03,2.91799
1.890833333,6.81E+03,2.91775
1.891111111,6.81E+03,2.91809
1.891388889,6.81E+03,2.91861
1.891666667,6.81E+03,2.91791
1.891944444,6.81E+03,2.91819
1.892222222,6.81E+03,2.91754
1.8925,6.81E+03,2.91834
1.892777778,6.81E+03,2.91821
1.893055556,6.82E+03,2.91788
1.893333333,6.82E+03,2.9178
1.893611111,6.82E+03,2.91807
1.893888889,6.82E+03,2.91803
1.894166667,6.82E+03,2.91751
1.894444444,6.82E+03,2.91808
1.894722222,6.82E+03,2.91811
1.895,6.82E+03,2.91789
1.895277778,6.82E+03,2.91877
1.895555556,6.82E+03,2.91824
1.895833333,6.82E+03,2.91813
1.896111111,6.83E+03,2.918
1.896388889,6.83E+03,2.91817
1.896666667,6.83E+03,2.91815
1.896944444,6.83E+03,2.91839
1.897222222,6.83E+03,2.91771
1.8975,6.83E+03,2.91749
1.897777778,6.83E+03,2.91766
1.898055556,6.83E+03,2.91718
1.898333333,6.83E+03,2.91745
1.898611111,6.84E+03,2.91769
1.898888889,6.84E+03,2.91734
1.899166667,6.84E+03,2.91829
1.899444444,6.84E+03,2.9172
1.899722222,6.84E+03,2.91693
1.9,6.84E+03,2.91728
1.900277778,6.84E+03,2.9167
1.900555556,6.84E+03,2.91732
1.900833333,6.84E+03,2.9175
1.901111111,6.84E+03,2.91701
1.901388889,6.85E+03,2.91774
1.901666667,6.85E+03,2.91748
1.901944444,6.85E+03,2.91692
1.902222222,6.85E+03,2.91761
1.9025,6.85E+03,2.91667
1.902777778,6.85E+03,2.91654
1.903055556,6.85E+03,2.91725
1.903333333,6.85E+03,2.91604
1.903611111,6.85E+03,2.91635
1.903888889,6.85E+03,2.91615
1.904166667,6.86E+03,2.91556
1.904444444,6.86E+03,2.91629
1.904722222,6.86E+03,2.91565
1.905,6.86E+03,2.91547
1.905277778,6.86E+03,2.91682
1.905555556,6.86E+03,2.91548
1.905833333,6.86E+03,2.91529
1.906111111,6.86E+03,2.91592
1.906388889,6.86E+03,2.91514
1.906666667,6.86E+03,2.9153
1.906944444,6.86E+03,2.91536
1.907222222,6.87E+03,2.91505
1.9075,6.87E+03,2.91619
1.907777778,6.87E+03,2.91526
1.908055556,6.87E+03,2.91498
1.908333333,6.87E+03,2.91597
1.908611111,6.87E+03,2.91544
1.908888889,6.87E+03,2.91531
1.909166667,6.87E+03,2.9157
1.909444444,6.87E+03,2.91476
1.909722222,6.87E+03,2.91527
1.91,6.88E+03,2.91487
1.910277778,6.88E+03,2.91466
1.910555556,6.88E+03,2.91532
1.910833333,6.88E+03,2.91522
1.911111111,6.88E+03,2.91478
1.911388889,6.88E+03,2.91603
1.911666667,6.88E+03,2.91505
1.911944444,6.88E+03,2.91489
1.912222222,6.88E+03,2.91546
1.9125,6.89E+03,2.91485
1.912777778,6.89E+03,2.9147
1.913055556,6.89E+03,2.91493
1.913333333,6.89E+03,2.91436
1.913611111,6.89E+03,2.91527
1.913888889,6.89E+03,2.91477
1.914166667,6.89E+03,2.91456
1.914444444,6.89E+03,2.9156
1.914722222,6.89E+03,2.91462
1.915,6.89E+03,2.91464
1.915277778,6.90E+03,2.91524
1.915555556,6.90E+03,2.91489
1.915833333,6.90E+03,2.91553
1.916111111,6.90E+03,2.91581
1.916388889,6.90E+03,2.91552
1.916666667,6.90E+03,2.91562
1.916944444,6.90E+03,2.9158
1.917222222,6.90E+03,2.91493
1.9175,6.90E+03,2.91509
1.917777778,6.90E+03,2.91498
1.918055556,6.91E+03,2.9153
1.918333333,6.91E+03,2.91529
1.918611111,6.91E+03,2.91533
1.918888889,6.91E+03,2.91512
1.919166667,6.91E+03,2.91513
1.919444444,6.91E+03,2.91528
1.919722222,6.91E+03,2.9146
1.92,6.91E+03,2.91452
1.920277778,6.91E+03,2.91544
1.920555556,6.91E+03,2.91461
1.920833333,6.91E+03,2.91475
1.921111111,6.92E+03,2.91493
1.921388889,6.92E+03,2.91437
1.921666667,6.92E+03,2.91508
1.921944444,6.92E+03,2.91414
1.922222222,6.92E+03,2.91369
1.9225,6.92E+03,2.91502
1.922777778,6.92E+03,2.91452
1.923055556,6.92E+03,2.9143
1.923333333,6.92E+03,2.91513
1.923611111,6.93E+03,2.9143
1.923888889,6.93E+03,2.91428
1.924166667,6.93E+03,2.91441
1.924444444,6.93E+03,2.9139
1.924722222,6.93E+03,2.91393
1.925,6.93E+03,2.91444
1.925277778,6.93E+03,2.91388
1.925555556,6.93E+03,2.91369
1.925833333,6.93E+03,2.91454
1.926111111,6.93E+03,2.91431
1.926388889,6.94E+03,2.91363
1.926666667,6.94E+03,2.91424
1.926944444,6.94E+03,2.91382
1.927222222,6.94E+03,2.91345
1.9275,6.94E+03,2.91441
1.927777778,6.94E+03,2.91361
1.928055556,6.94E+03,2.91337
1.928333333,6.94E+03,2.91428
1.928611111,6.94E+03,2.91345
1.928888889,6.94E+03,2.91352
1.929166667,6.95E+03,2.91403
1.929444444,6.95E+03,2.91424
1.929722222,6.95E+03,2.91359
1.93,6.95E+03,2.91312
1.930277778,6.95E+03,2.91386
1.930555556,6.95E+03,2.91368
1.930833333,6.95E+03,2.91314
1.931111111,6.95E+03,2.91378
1.931388889,6.95E+03,2.91322
1.931666667,6.95E+03,2.91314
1.931944444,6.95E+03,2.91394
1.932222222,6.96E+03,2.91349
1.9325,6.96E+03,2.913
1.932777778,6.96E+03,2.91351
1.933055556,6.96E+03,2.91284
1.933333333,6.96E+03,2.91327
1.933611111,6.96E+03,2.91312
1.933888889,6.96E+03,2.91374
1.934166667,6.96E+03,2.91288
1.934444444,6.96E+03,2.91238
1.934722222,6.96E+03,2.91297
1.935,6.97E+03,2.91296
1.935277778,6.97E+03,2.91204
1.935555556,6.97E+03,2.91292
1.935833333,6.97E+03,2.91243
1.936111111,6.97E+03,2.91232
1.936388889,6.97E+03,2.91293
1.936666667,6.97E+03,2.91294
1.936944444,6.97E+03,2.91221
1.937222222,6.97E+03,2.91271
1.9375,6.98E+03,2.91214
1.937777778,6.98E+03,2.91275
1.938055556,6.98E+03,2.91253
1.938333333,6.98E+03,2.91302
1.938611111,6.98E+03,2.91256
1.938888889,6.98E+03,2.91224
1.939166667,6.98E+03,2.91257
1.939444444,6.98E+03,2.91206
1.939722222,6.98E+03,2.91206
1.94,6.98E+03,2.91351
1.940277778,6.99E+03,2.91206
1.940555556,6.99E+03,2.91167
1.940833333,6.99E+03,2.91268
1.941111111,6.99E+03,2.91211
1.941388889,6.99E+03,2.91178
1.941666667,6.99E+03,2.91225
1.941944444,6.99E+03,2.9117
1.942222222,6.99E+03,2.91183
1.9425,6.99E+03,2.91183
1.942777778,6.99E+03,2.91181
1.943055556,7.00E+03,2.91172
1.943333333,7.00E+03,2.91237
1.943611111,7.00E+03,2.91152
1.943888889,7.00E+03,2.91101
1.944166667,7.00E+03,2.91145
1.944444444,7.00E+03,2.91115
1.944722222,7.00E+03,2.91087
1.945,7.00E+03,2.9118
1.945277778,7.00E+03,2.9108
1.945555556,7.00E+03,2.91059
1.945833333,7.00E+03,2.91129
1.946111111,7.01E+03,2.91107
1.946388889,7.01E+03,2.91083
1.946666667,7.01E+03,2.91094
1.946944444,7.01E+03,2.91125
1.947222222,7.01E+03,2.91058
1.9475,7.01E+03,2.91055
1.947777778,7.01E+03,2.91049
1.948055556,7.01E+03,2.91077
1.948333333,7.01E+03,2.90997
1.948611111,7.02E+03,2.9102
1.948888889,7.02E+03,2.91065
1.949166667,7.02E+03,2.91017
1.949444444,7.02E+03,2.91034
1.949722222,7.02E+03,2.91059
1.95,7.02E+03,2.91011
1.950277778,7.02E+03,2.91067
1.950555556,7.02E+03,2.90987
1.950833333,7.02E+03,2.91072
1.951111111,7.02E+03,2.90961
1.951388889,7.03E+03,2.90952
1.951666667,7.03E+03,2.91018
1.951944444,7.03E+03,2.91056
1.952222222,7.03E+03,2.9101
1.9525,7.03E+03,2.90971
1.952777778,7.03E+03,2.90979
1.953055556,7.03E+03,2.91039
1.953333333,7.03E+03,2.9094
1.953611111,7.03E+03,2.90907
1.953888889,7.03E+03,2.90999
1.954166667,7.04E+03,2.90943
1.954444444,7.04E+03,2.90912
1.954722222,7.04E+03,2.90917
1.955,7.04E+03,2.90894
1.955277778,7.04E+03,2.90934
1.955555556,7.04E+03,2.90874
1.955833333,7.04E+03,2.90942
1.956111111,7.04E+03,2.90879
1.956388889,7.04E+03,2.90877
1.956666667,7.04E+03,2.90887
1.956944444,7.04E+03,2.90924
1.957222222,7.05E+03,2.90831
1.9575,7.05E+03,2.90878
1.957777778,7.05E+03,2.90818
1.958055556,7.05E+03,2.90967
1.958333333,7.05E+03,2.90848
1.958611111,7.05E+03,2.90792
1.958888889,7.05E+03,2.90857
1.959166667,7.05E+03,2.90905
1.959444444,7.05E+03,2.90781
1.959722222,7.05E+03,2.90779
1.96,7.06E+03,2.90773
1.960277778,7.06E+03,2.90953
1.960555556,7.06E+03,2.90769
1.960833333,7.06E+03,2.90735
1.961111111,7.06E+03,2.90819
1.961388889,7.06E+03,2.90757
1.961666667,7.06E+03,2.90696
1.961944444,7.06E+03,2.90724
1.962222222,7.06E+03,2.90758
1.9625,7.07E+03,2.90765
1.962777778,7.07E+03,2.90712
1.963055556,7.07E+03,2.90735
1.963333333,7.07E+03,2.90712
1.963611111,7.07E+03,2.90691
1.963888889,7.07E+03,2.90681
1.964166667,7.07E+03,2.90764
1.964444444,7.07E+03,2.90679
1.964722222,7.07E+03,2.90713
1.965,7.07E+03,2.90654
1.965277778,7.08E+03,2.90792
1.965555556,7.08E+03,2.90684
1.965833333,7.08E+03,2.90651
1.966111111,7.08E+03,2.9068
1.966388889,7.08E+03,2.90731
1.966666667,7.08E+03,2.90659
1.966944444,7.08E+03,2.90663
1.967222222,7.08E+03,2.90674
1.9675,7.08E+03,2.90799
1.967777778,7.08E+03,2.90697
1.968055556,7.09E+03,2.90669
1.968333333,7.09E+03,2.90739
1.968611111,7.09E+03,2.90679
1.968888889,7.09E+03,2.907
1.969166667,7.09E+03,2.90702
1.969444444,7.09E+03,2.90654
1.969722222,7.09E+03,2.90746
1.97,7.09E+03,2.90712
1.970277778,7.09E+03,2.90675
1.970555556,7.09E+03,2.90679
1.970833333,7.09E+03,2.90611
1.971111111,7.10E+03,2.90691
1.971388889,7.10E+03,2.90623
1.971666667,7.10E+03,2.90599
1.971944444,7.10E+03,2.90676
1.972222222,7.10E+03,2.90657
1.9725,7.10E+03,2.90591
1.972777778,7.10E+03,2.90566
1.973055556,7.10E+03,2.90572
1.973333333,7.10E+03,2.90634
1.973611111,7.11E+03,2.90564
1.973888889,7.11E+03,2.90552
1.974166667,7.11E+03,2.90658
1.974444444,7.11E+03,2.9056
1.974722222,7.11E+03,2.90587
1.975,7.11E+03,2.90523
1.975277778,7.11E+03,2.90528
1.975555556,7.11E+03,2.90515
1.975833333,7.11E+03,2.9047
1.976111111,7.11E+03,2.90522
1.976388889,7.12E+03,2.90421
1.976666667,7.12E+03,2.90409
1.976944444,7.12E+03,2.90517
1.977222222,7.12E+03,2.90443
1.9775,7.12E+03,2.90409
1.977777778,7.12E+03,2.9047
1.978055556,7.12E+03,2.90443
1.978333333,7.12E+03,2.90432
1.978611111,7.12E+03,2.90403
1.978888889,7.12E+03,2.90439
1.979166667,7.13E+03,2.9038
1.979444444,7.13E+03,2.90356
1.979722222,7.13E+03,2.90435
1.98,7.13E+03,2.90418
1.980277778,7.13E+03,2.9035
1.980555556,7.13E+03,2.90422
1.980833333,7.13E+03,2.90348
1.981111111,7.13E+03,2.90346
1.981388889,7.13E+03,2.90399
1.981666667,7.13E+03,2.90378
1.981944444,7.13E+03,2.90321
1.982222222,7.14E+03,2.90359
1.9825,7.14E+03,2.90387
1.982777778,7.14E+03,2.90401
1.983055556,7.14E+03,2.90334
1.983333333,7.14E+03,2.90435
1.983611111,7.14E+03,2.90377
1.983888889,7.14E+03,2.9022
1.984166667,7.14E+03,2.90179
1.984444444,7.14E+03,2.90093
1.984722222,7.14E+03,2.89954
1.985,7.15E+03,2.90212
1.985277778,7.15E+03,2.9038
1.985555556,7.15E+03,2.9039
1.985833333,7.15E+03,2.9047
1.986111111,7.15E+03,2.90583
1.986388889,7.15E+03,2.90533
1.986666667,7.15E+03,2.9053
1.986944444,7.15E+03,2.90625
1.987222222,7.15E+03,2.90629
1.9875,7.16E+03,2.90506
1.987777778,7.16E+03,2.90581
1.988055556,7.16E+03,2.9056
1.988333333,7.16E+03,2.90487
1.988611111,7.16E+03,2.9059
1.988888889,7.16E+03,2.90521
1.989166667,7.16E+03,2.90468
1.989444444,7.16E+03,2.90592
1.989722222,7.16E+03,2.90478
1.99,7.16E+03,2.90438
1.990277778,7.17E+03,2.90676
1.990555556,7.17E+03,2.90529
1.990833333,7.17E+03,2.90394
1.991111111,7.17E+03,2.90509
1.991388889,7.17E+03,2.90383
1.991666667,7.17E+03,2.9041
1.991944444,7.17E+03,2.90469
1.992222222,7.17E+03,2.90433
1.9925,7.17E+03,2.90432
1.992777778,7.17E+03,2.90514
1.993055556,7.18E+03,2.90445
1.993333333,7.18E+03,2.90403
1.993611111,7.18E+03,2.90462
1.993888889,7.18E+03,2.90272
1.994166667,7.18E+03,2.90114
1.994444444,7.18E+03,2.90353
1.994722222,7.18E+03,2.90289
1.995,7.18E+03,2.90342
1.995277778,7.18E+03,2.90478
1.995555556,7.18E+03,2.90444
1.995833333,7.18E+03,2.9014
1.996111111,7.19E+03,2.90427
1.996388889,7.19E+03,2.90283
1.996666667,7.19E+03,2.90387
1.996944444,7.19E+03,2.90656
1.997222222,7.19E+03,2.90635
1.9975,7.19E+03,2.90532
1.997777778,7.19E+03,2.90719
1.998055556,7.19E+03,2.90625
1.998333333,7.19E+03,2.90603
1.998611111,7.20E+03,2.90648
1.998888889,7.20E+03,2.90643
1.999166667,7.20E+03,2.90572
1.999444444,7.20E+03,2.90609
1.999722222,7.20E+03,2.90559
2,7.20E+03,2.90593
2.000277778,7.20E+03,2.90544
2.000555556,7.20E+03,2.90688
2.000833333,7.20E+03,2.9054
2.001111111,7.20E+03,2.90435
2.001388889,7.21E+03,2.90611
2.001666667,7.21E+03,2.9055
2.001944444,7.21E+03,2.90434
2.002222222,7.21E+03,2.90606
2.0025,7.21E+03,2.90457
2.002777778,7.21E+03,2.90401
2.003055556,7.21E+03,2.90465
2.003333333,7.21E+03,2.90372
2.003611111,7.21E+03,2.90449
2.003888889,7.21E+03,2.90545
2.004166667,7.22E+03,2.90426
2.004444444,7.22E+03,2.90409
2.004722222,7.22E+03,2.90528
2.005,7.22E+03,2.90517
2.005277778,7.22E+03,2.90503
2.005555556,7.22E+03,2.90592
2.005833333,7.22E+03,2.90516
2.006111111,7.22E+03,2.90483
2.006388889,7.22E+03,2.90507
2.006666667,7.22E+03,2.90539
2.006944444,7.23E+03,2.90511
2.007222222,7.23E+03,2.90588
2.0075,7.23E+03,2.90447
2.007777778,7.23E+03,2.90423
2.008055556,7.23E+03,2.90477
2.008333333,7.23E+03,2.90437
2.008611111,7.23E+03,2.90447
2.008888889,7.23E+03,2.9049
2.009166667,7.23E+03,2.90369
2.009444444,7.23E+03,2.90495
2.009722222,7.23E+03,2.90394
2.01,7.24E+03,2.90377
2.010277778,7.24E+03,2.90426
2.010555556,7.24E+03,2.90392
2.010833333,7.24E+03,2.90413
2.011111111,7.24E+03,2.90446
2.011388889,7.24E+03,2.90378
2.011666667,7.24E+03,2.90536
2.011944444,7.24E+03,2.90423
2.012222222,7.24E+03,2.90399
2.0125,7.25E+03,2.90445
2.012777778,7.25E+03,2.90448
2.013055556,7.25E+03,2.90519
2.013333333,7.25E+03,2.90486
2.013611111,7.25E+03,2.90496
2.013888889,7.25E+03,2.90527
2.014166667,7.25E+03,2.90409
2.014444444,7.25E+03,2.90499
2.014722222,7.25E+03,2.90388
2.015,7.25E+03,2.90461
2.015277778,7.26E+03,2.90394
2.015555556,7.26E+03,2.90371
2.015833333,7.26E+03,2.90533
2.016111111,7.26E+03,2.90409
2.016388889,7.26E+03,2.90423
2.016666667,7.26E+03,2.9045
2.016944444,7.26E+03,2.90395
2.017222222,7.26E+03,2.90584
2.0175,7.26E+03,2.90421
2.017777778,7.26E+03,2.90406
2.018055556,7.27E+03,2.90424
2.018333333,7.27E+03,2.90367
2.018611111,7.27E+03,2.90456
2.018888889,7.27E+03,2.9047
2.019166667,7.27E+03,2.9042
2.019444444,7.27E+03,2.90485
2.019722222,7.27E+03,2.90407
2.02,7.27E+03,2.90379
2.020277778,7.27E+03,2.90396
2.020555556,7.27E+03,2.90348
2.020833333,7.27E+03,2.90372
2.021111111,7.28E+03,2.90451
2.021388889,7.28E+03,2.90363
2.021666667,7.28E+03,2.90368
2.021944444,7.28E+03,2.90408
2.022222222,7.28E+03,2.90329
2.0225,7.28E+03,2.90385
2.022777778,7.28E+03,2.90449
2.023055556,7.28E+03,2.90359
2.023333333,7.28E+03,2.90443
2.023611111,7.29E+03,2.90367
2.023888889,7.29E+03,2.90356
2.024166667,7.29E+03,2.9039
2.024444444,7.29E+03,2.90396
2.024722222,7.29E+03,2.90334
2.025,7.29E+03,2.90411
2.025277778,7.29E+03,2.9033
2.025555556,7.29E+03,2.90362
2.025833333,7.29E+03,2.90365
2.026111111,7.29E+03,2.90465
2.026388889,7.30E+03,2.90347
2.026666667,7.30E+03,2.90288
2.026944444,7.30E+03,2.90359
2.027222222,7.30E+03,2.90341
2.0275,7.30E+03,2.90232
2.027777778,7.30E+03,2.90339
2.028055556,7.30E+03,2.90305
2.028333333,7.30E+03,2.90234
2.028611111,7.30E+03,2.90299
2.028888889,7.30E+03,2.90295
2.029166667,7.31E+03,2.90238
2.029444444,7.31E+03,2.90345
2.029722222,7.31E+03,2.90233
2.03,7.31E+03,2.90204
2.030277778,7.31E+03,2.90313
2.030555556,7.31E+03,2.90285
2.030833333,7.31E+03,2.90216
2.031111111,7.31E+03,2.90285
2.031388889,7.31E+03,2.90163
2.031666667,7.31E+03,2.9019
2.031944444,7.31E+03,2.90227
2.032222222,7.32E+03,2.90198
2.0325,7.32E+03,2.90204
2.032777778,7.32E+03,2.90231
2.033055556,7.32E+03,2.90194
2.033333333,7.32E+03,2.90178
2.033611111,7.32E+03,2.90252
2.033888889,7.32E+03,2.90258
2.034166667,7.32E+03,2.90185
2.034444444,7.32E+03,2.90287
2.034722222,7.32E+03,2.90177
2.035,7.33E+03,2.90123
2.035277778,7.33E+03,2.90179
2.035555556,7.33E+03,2.90191
2.035833333,7.33E+03,2.90104
2.036111111,7.33E+03,2.902
2.036388889,7.33E+03,2.90062
2.036666667,7.33E+03,2.90021
2.036944444,7.33E+03,2.9017
2.037222222,7.33E+03,2.90153
2.0375,7.34E+03,2.90039
2.037777778,7.34E+03,2.90253
2.038055556,7.34E+03,2.90122
2.038333333,7.34E+03,2.9009
2.038611111,7.34E+03,2.90212
2.038888889,7.34E+03,2.90235
2.039166667,7.34E+03,2.90182
2.039444444,7.34E+03,2.90305
2.039722222,7.34E+03,2.90162
2.04,7.34E+03,2.90181
2.040277778,7.35E+03,2.90179
2.040555556,7.35E+03,2.90251
2.040833333,7.35E+03,2.9022
2.041111111,7.35E+03,2.90153
2.041388889,7.35E+03,2.90308
2.041666667,7.35E+03,2.90254
2.041944444,7.35E+03,2.90141
2.042222222,7.35E+03,2.90317
2.0425,7.35E+03,2.90176
2.042777778,7.35E+03,2.90143
2.043055556,7.36E+03,2.90285
2.043333333,7.36E+03,2.90177
2.043611111,7.36E+03,2.90157
2.043888889,7.36E+03,2.90237
2.044166667,7.36E+03,2.90161
2.044444444,7.36E+03,2.90177
2.044722222,7.36E+03,2.90138
2.045,7.36E+03,2.90266
2.045277778,7.36E+03,2.90156
2.045555556,7.36E+03,2.90054
2.045833333,7.36E+03,2.90184
2.046111111,7.37E+03,2.90136
2.046388889,7.37E+03,2.90031
2.046666667,7.37E+03,2.90149
2.046944444,7.37E+03,2.90086
2.047222222,7.37E+03,2.90084
2.0475,7.37E+03,2.90109
2.047777778,7.37E+03,2.90201
2.048055556,7.37E+03,2.90097
2.048333333,7.37E+03,2.90027
2.048611111,7.38E+03,2.90073
2.048888889,7.38E+03,2.90236
2.049166667,7.38E+03,2.90068
2.049444444,7.38E+03,2.90005
2.049722222,7.38E+03,2.90115
2.05,7.38E+03,2.90056
2.050277778,7.38E+03,2.90004
2.050555556,7.38E+03,2.90012
2.050833333,7.38E+03,2.90024
2.051111111,7.38E+03,2.90036
2.051388889,7.39E+03,2.89955
2.051666667,7.39E+03,2.90001
2.051944444,7.39E+03,2.9002
2.052222222,7.39E+03,2.8995
2.0525,7.39E+03,2.89914
2.052777778,7.39E+03,2.90013
2.053055556,7.39E+03,2.89931
2.053333333,7.39E+03,2.8996
2.053611111,7.39E+03,2.899
2.053888889,7.39E+03,2.90037
2.054166667,7.40E+03,2.89923
2.054444444,7.40E+03,2.89846
2.054722222,7.40E+03,2.89981
2.055,7.40E+03,2.89927
2.055277778,7.40E+03,2.89828
2.055555556,7.40E+03,2.89977
2.055833333,7.40E+03,2.89946
2.056111111,7.40E+03,2.899
2.056388889,7.40E+03,2.89852
2.056666667,7.40E+03,2.89895
2.056944444,7.40E+03,2.89802
2.057222222,7.41E+03,2.89734
2.0575,7.41E+03,2.89779
2.057777778,7.41E+03,2.89804
2.058055556,7.41E+03,2.89734
2.058333333,7.41E+03,2.89778
2.058611111,7.41E+03,2.89829
2.058888889,7.41E+03,2.89723
2.059166667,7.41E+03,2.89703
2.059444444,7.41E+03,2.89755
2.059722222,7.41E+03,2.89672
2.06,7.42E+03,2.89671
2.060277778,7.42E+03,2.89708
2.060555556,7.42E+03,2.89671
2.060833333,7.42E+03,2.89694
2.061111111,7.42E+03,2.89704
2.061388889,7.42E+03,2.8961
2.061666667,7.42E+03,2.89523
2.061944444,7.42E+03,2.89571
2.062222222,7.42E+03,2.89579
2.0625,7.43E+03,2.89561
2.062777778,7.43E+03,2.89759
2.063055556,7.43E+03,2.89619
2.063333333,7.43E+03,2.89567
2.063611111,7.43E+03,2.89682
2.063888889,7.43E+03,2.89606
2.064166667,7.43E+03,2.89542
2.064444444,7.43E+03,2.89748
2.064722222,7.43E+03,2.89625
2.065,7.43E+03,2.89558
2.065277778,7.44E+03,2.89691
2.065555556,7.44E+03,2.89591
2.065833333,7.44E+03,2.8957
2.066111111,7.44E+03,2.89579
2.066388889,7.44E+03,2.89542
2.066666667,7.44E+03,2.89576
2.066944444,7.44E+03,2.89612
2.067222222,7.44E+03,2.89582
2.0675,7.44E+03,2.89594
2.067777778,7.44E+03,2.89617
2.068055556,7.45E+03,2.8965
2.068333333,7.45E+03,2.89588
2.068611111,7.45E+03,2.8958
2.068888889,7.45E+03,2.89692
2.069166667,7.45E+03,2.89538
2.069444444,7.45E+03,2.89558
2.069722222,7.45E+03,2.89647
2.07,7.45E+03,2.89544
2.070277778,7.45E+03,2.89554
2.070555556,7.45E+03,2.89579
2.070833333,7.45E+03,2.89526
2.071111111,7.46E+03,2.89558
2.071388889,7.46E+03,2.89613
2.071666667,7.46E+03,2.89512
2.071944444,7.46E+03,2.89513
2.072222222,7.46E+03,2.89591
2.0725,7.46E+03,2.89447
2.072777778,7.46E+03,2.89457
2.073055556,7.46E+03,2.89541
2.073333333,7.46E+03,2.89467
2.073611111,7.47E+03,2.89436
2.073888889,7.47E+03,2.89529
2.074166667,7.47E+03,2.89517
2.074444444,7.47E+03,2.89403
2.074722222,7.47E+03,2.89517
2.075,7.47E+03,2.89503
2.075277778,7.47E+03,2.89464
2.075555556,7.47E+03,2.8959
2.075833333,7.47E+03,2.89529
2.076111111,7.47E+03,2.89454
2.076388889,7.48E+03,2.89565
2.076666667,7.48E+03,2.89498
2.076944444,7.48E+03,2.89458
2.077222222,7.48E+03,2.8955
2.0775,7.48E+03,2.89494
2.077777778,7.48E+03,2.8949
2.078055556,7.48E+03,2.89504
2.078333333,7.48E+03,2.89476
2.078611111,7.48E+03,2.89468
2.078888889,7.48E+03,2.89486
2.079166667,7.49E+03,2.89485
2.079444444,7.49E+03,2.89436
2.079722222,7.49E+03,2.89398
2.08,7.49E+03,2.89507
2.080277778,7.49E+03,2.89429
2.080555556,7.49E+03,2.89416
2.080833333,7.49E+03,2.89471
2.081111111,7.49E+03,2.89376
2.081388889,7.49E+03,2.89404
2.081666667,7.49E+03,2.89435
2.081944444,7.49E+03,2.8937
2.082222222,7.50E+03,2.89417
2.0825,7.50E+03,2.89427
2.082777778,7.50E+03,2.89342
2.083055556,7.50E+03,2.89443
2.083333333,7.50E+03,2.89348
2.083611111,7.50E+03,2.89341
2.083888889,7.50E+03,2.89476
2.084166667,7.50E+03,2.89392
2.084444444,7.50E+03,2.89339
2.084722222,7.50E+03,2.89465
2.085,7.51E+03,2.89466
2.085277778,7.51E+03,2.89358
2.085555556,7.51E+03,2.89434
2.085833333,7.51E+03,2.89346
2.086111111,7.51E+03,2.894
2.086388889,7.51E+03,2.89484
2.086666667,7.51E+03,2.89419
2.086944444,7.51E+03,2.89476
2.087222222,7.51E+03,2.89496
2.0875,7.52E+03,2.89475
2.087777778,7.52E+03,2.89446
2.088055556,7.52E+03,2.8947
2.088333333,7.52E+03,2.89546
2.088611111,7.52E+03,2.8947
2.088888889,7.52E+03,2.89455
2.089166667,7.52E+03,2.8953
2.089444444,7.52E+03,2.89394
2.089722222,7.52E+03,2.89455
2.09,7.52E+03,2.89524
2.090277778,7.53E+03,2.89375
2.090555556,7.53E+03,2.8945
2.090833333,7.53E+03,2.89481
2.091111111,7.53E+03,2.89404
2.091388889,7.53E+03,2.89467
2.091666667,7.53E+03,2.89424
2.091944444,7.53E+03,2.89363
2.092222222,7.53E+03,2.89508
2.0925,7.53E+03,2.89451
2.092777778,7.53E+03,2.89365
2.093055556,7.54E+03,2.89489
2.093333333,7.54E+03,2.89414
2.093611111,7.54E+03,2.89348
2.093888889,7.54E+03,2.89462
2.094166667,7.54E+03,2.89347
2.094444444,7.54E+03,2.89365
2.094722222,7.54E+03,2.89431
2.095,7.54E+03,2.89336
2.095277778,7.54E+03,2.89392
2.095555556,7.54E+03,2.89396
2.095833333,7.54E+03,2.8929
2.096111111,7.55E+03,2.8939
2.096388889,7.55E+03,2.89332
2.096666667,7.55E+03,2.89304
2.096944444,7.55E+03,2.89409
2.097222222,7.55E+03,2.89299
2.0975,7.55E+03,2.89316
2.097777778,7.55E+03,2.89415
2.098055556,7.55E+03,2.89301
2.098333333,7.55E+03,2.89311
2.098611111,7.56E+03,2.89377
2.098888889,7.56E+03,2.89359
2.099166667,7.56E+03,2.89378
2.099444444,7.56E+03,2.89411
2.099722222,7.56E+03,2.89299
2.1,7.56E+03,2.89246
2.100277778,7.56E+03,2.89339
2.100555556,7.56E+03,2.89324
2.100833333,7.56E+03,2.89253
2.101111111,7.56E+03,2.89364
2.101388889,7.57E+03,2.8931
2.101666667,7.57E+03,2.89183
2.101944444,7.57E+03,2.89317
2.102222222,7.57E+03,2.89276
2.1025,7.57E+03,2.89234
2.102777778,7.57E+03,2.89361
2.103055556,7.57E+03,2.89289
2.103333333,7.57E+03,2.89148
2.103611111,7.57E+03,2.89299
2.103888889,7.57E+03,2.89229
2.104166667,7.58E+03,2.89158
2.104444444,7.58E+03,2.89337
2.104722222,7.58E+03,2.89183
2.105,7.58E+03,2.89144
2.105277778,7.58E+03,2.89265
2.105555556,7.58E+03,2.8913
2.105833333,7.58E+03,2.89123
2.106111111,7.58E+03,2.89206
2.106388889,7.58E+03,2.89119
2.106666667,7.58E+03,2.89129
2.106944444,7.58E+03,2.89202
2.107222222,7.59E+03,2.8917
2.1075,7.59E+03,2.89161
2.107777778,7.59E+03,2.89266
2.108055556,7.59E+03,2.89158
2.108333333,7.59E+03,2.89112
2.108611111,7.59E+03,2.89076
2.108888889,7.59E+03,2.89115
2.109166667,7.59E+03,2.89103
2.109444444,7.59E+03,2.89163
2.109722222,7.59E+03,2.89039
2.11,7.60E+03,2.8902
2.110277778,7.60E+03,2.89024
2.110555556,7.60E+03,2.88938
2.110833333,7.60E+03,2.88936
2.111111111,7.60E+03,2.89107
2.111388889,7.60E+03,2.88962
2.111666667,7.60E+03,2.88889
2.111944444,7.60E+03,2.89047
2.112222222,7.60E+03,2.88963
2.1125,7.61E+03,2.88867
2.112777778,7.61E+03,2.89067
2.113055556,7.61E+03,2.88889
2.113333333,7.61E+03,2.88882
2.113611111,7.61E+03,2.8894
2.113888889,7.61E+03,2.88912
2.114166667,7.61E+03,2.88871
2.114444444,7.61E+03,2.88907
2.114722222,7.61E+03,2.88912
2.115,7.61E+03,2.88895
2.115277778,7.62E+03,2.88848
2.115555556,7.62E+03,2.89074
2.115833333,7.62E+03,2.88852
2.116111111,7.62E+03,2.88786
2.116388889,7.62E+03,2.88924
2.116666667,7.62E+03,2.88837
2.116944444,7.62E+03,2.8878
2.117222222,7.62E+03,2.88963
2.1175,7.62E+03,2.88838
2.117777778,7.62E+03,2.88798
2.118055556,7.63E+03,2.88899
2.118333333,7.63E+03,2.8887
2.118611111,7.63E+03,2.88795
2.118888889,7.63E+03,2.88842
2.119166667,7.63E+03,2.88818
2.119444444,7.63E+03,2.88809
2.119722222,7.63E+03,2.88812
2.12,7.63E+03,2.88835
2.120277778,7.63E+03,2.8875
2.120555556,7.63E+03,2.8879
2.120833333,7.63E+03,2.88783
2.121111111,7.64E+03,2.88715
2.121388889,7.64E+03,2.88737
2.121666667,7.64E+03,2.88777
2.121944444,7.64E+03,2.8873
2.122222222,7.64E+03,2.88795
2.1225,7.64E+03,2.88768
2.122777778,7.64E+03,2.8869
2.123055556,7.64E+03,2.88789
2.123333333,7.64E+03,2.88695
2.123611111,7.65E+03,2.88663
2.123888889,7.65E+03,2.88887
2.124166667,7.65E+03,2.8872
2.124444444,7.65E+03,2.88633
2.124722222,7.65E+03,2.8881
2.125,7.65E+03,2.88693
2.125277778,7.65E+03,2.8865
2.125555556,7.65E+03,2.8874
2.125833333,7.65E+03,2.88611
2.126111111,7.65E+03,2.88689
2.126388889,7.66E+03,2.88694
2.126666667,7.66E+03,2.88613
2.126944444,7.66E+03,2.88689
2.127222222,7.66E+03,2.88675
2.1275,7.66E+03,2.88585
2.127777778,7.66E+03,2.88752
2.128055556,7.66E+03,2.88646
2.128333333,7.66E+03,2.88569
2.128611111,7.66E+03,2.88685
2.128888889,7.66E+03,2.88616
2.129166667,7.67E+03,2.88588
2.129444444,7.67E+03,2.88658
2.129722222,7.67E+03,2.88599
2.13,7.67E+03,2.88597
2.130277778,7.67E+03,2.88682
2.130555556,7.67E+03,2.88587
2.130833333,7.67E+03,2.88592
2.131111111,7.67E+03,2.88655
2.131388889,7.67E+03,2.88574
2.131666667,7.67E+03,2.88519
2.131944444,7.68E+03,2.88519
2.132222222,7.68E+03,2.88621
2.1325,7.68E+03,2.88521
2.132777778,7.68E+03,2.88547
2.133055556,7.68E+03,2.88631
2.133333333,7.68E+03,2.88473
2.133611111,7.68E+03,2.88527
2.133888889,7.68E+03,2.885
2.134166667,7.68E+03,2.88449
2.134444444,7.68E+03,2.88537
2.134722222,7.68E+03,2.88497
2.135,7.69E+03,2.88423
2.135277778,7.69E+03,2.88537
2.135555556,7.69E+03,2.88485
2.135833333,7.69E+03,2.88424
2.136111111,7.69E+03,2.88518
2.136388889,7.69E+03,2.88441
2.136666667,7.69E+03,2.88431
2.136944444,7.69E+03,2.88456
2.137222222,7.69E+03,2.88379
2.1375,7.70E+03,2.88387
2.137777778,7.70E+03,2.88463
2.138055556,7.70E+03,2.88468
2.138333333,7.70E+03,2.88378
2.138611111,7.70E+03,2.8836
2.138888889,7.70E+03,2.88427
2.139166667,7.70E+03,2.88352
2.139444444,7.70E+03,2.88359
2.139722222,7.70E+03,2.88354
2.14,7.70E+03,2.88275
2.140277778,7.71E+03,2.88377
2.140555556,7.71E+03,2.88318
2.140833333,7.71E+03,2.88307
2.141111111,7.71E+03,2.88476
2.141388889,7.71E+03,2.88316
2.141666667,7.71E+03,2.88271
2.141944444,7.71E+03,2.88423
2.142222222,7.71E+03,2.88301
2.1425,7.71E+03,2.88301
2.142777778,7.71E+03,2.88381
2.143055556,7.72E+03,2.88257
2.143333333,7.72E+03,2.88323
2.143611111,7.72E+03,2.88286
2.143888889,7.72E+03,2.88241
2.144166667,7.72E+03,2.88366
2.144444444,7.72E+03,2.88269
2.144722222,7.72E+03,2.88207
2.145,7.72E+03,2.88349
2.145277778,7.72E+03,2.8822
2.145555556,7.72E+03,2.88244
2.145833333,7.72E+03,2.88303
2.146111111,7.73E+03,2.88215
2.146388889,7.73E+03,2.88301
2.146666667,7.73E+03,2.88212
2.146944444,7.73E+03,2.88155
2.147222222,7.73E+03,2.88337
2.1475,7.73E+03,2.88202
2.147777778,7.73E+03,2.88119
2.148055556,7.73E+03,2.88229
2.148333333,7.73E+03,2.88208
2.148611111,7.74E+03,2.88186
2.148888889,7.74E+03,2.88274
2.149166667,7.74E+03,2.88226
2.149444444,7.74E+03,2.88208
2.149722222,7.74E+03,2.88253
2.15,7.74E+03,2.88177
2.150277778,7.74E+03,2.8819
2.150555556,7.74E+03,2.88192
2.150833333,7.74E+03,2.88151
2.151111111,7.74E+03,2.88225
2.151388889,7.75E+03,2.88179
2.151666667,7.75E+03,2.88145
2.151944444,7.75E+03,2.88214
2.152222222,7.75E+03,2.8811
2.1525,7.75E+03,2.88134
2.152777778,7.75E+03,2.88115
2.153055556,7.75E+03,2.88085
2.153333333,7.75E+03,2.88179
2.153611111,7.75E+03,2.88116
2.153888889,7.75E+03,2.88181
2.154166667,7.76E+03,2.88192
2.154444444,7.76E+03,2.8814
2.154722222,7.76E+03,2.8828
2.155,7.76E+03,2.88176
2.155277778,7.76E+03,2.88222
2.155555556,7.76E+03,2.88202
2.155833333,7.76E+03,2.88145
2.156111111,7.76E+03,2.88286
2.156388889,7.76E+03,2.88138
2.156666667,7.76E+03,2.8816
2.156944444,7.76E+03,2.88203
2.157222222,7.77E+03,2.88119
2.1575,7.77E+03,2.88253
2.157777778,7.77E+03,2.88201
2.158055556,7.77E+03,2.88146
2.158333333,7.77E+03,2.88294
2.158611111,7.77E+03,2.88196
2.158888889,7.77E+03,2.88217
2.159166667,7.77E+03,2.88214
2.159444444,7.77E+03,2.88127
2.159722222,7.77E+03,2.88293
2.16,7.78E+03,2.88196
2.160277778,7.78E+03,2.88143
2.160555556,7.78E+03,2.88269
2.160833333,7.78E+03,2.88152
2.161111111,7.78E+03,2.88157
2.161388889,7.78E+03,2.88205
2.161666667,7.78E+03,2.88062
2.161944444,7.78E+03,2.88242
2.162222222,7.78E+03,2.88178
2.1625,7.79E+03,2.88158
2.162777778,7.79E+03,2.88314
2.163055556,7.79E+03,2.88142
2.163333333,7.79E+03,2.88155
2.163611111,7.79E+03,2.88234
2.163888889,7.79E+03,2.88116
2.164166667,7.79E+03,2.88176
2.164444444,7.79E+03,2.8814
2.164722222,7.79E+03,2.88125
2.165,7.79E+03,2.88293
2.165277778,7.80E+03,2.88153
2.165555556,7.80E+03,2.88121
2.165833333,7.80E+03,2.88266
2.166111111,7.80E+03,2.88147
2.166388889,7.80E+03,2.88138
2.166666667,7.80E+03,2.88236
2.166944444,7.80E+03,2.88114
2.167222222,7.80E+03,2.8814
2.1675,7.80E+03,2.8813
2.167777778,7.80E+03,2.88077
2.168055556,7.81E+03,2.88219
2.168333333,7.81E+03,2.88092
2.168611111,7.81E+03,2.8806
2.168888889,7.81E+03,2.88169
2.169166667,7.81E+03,2.88061
2.169444444,7.81E+03,2.88126
2.169722222,7.81E+03,2.8811
2.17,7.81E+03,2.88029
2.170277778,7.81E+03,2.8818
2.170555556,7.81E+03,2.88061
2.170833333,7.81E+03,2.8805
2.171111111,7.82E+03,2.8814
2.171388889,7.82E+03,2.88018
2.171666667,7.82E+03,2.88159
2.171944444,7.82E+03,2.88058
2.172222222,7.82E+03,2.88001
2.1725,7.82E+03,2.88118
2.172777778,7.82E+03,2.88008
2.173055556,7.82E+03,2.88051
2.173333333,7.82E+03,2.88003
2.173611111,7.83E+03,2.87996
2.173888889,7.83E+03,2.88069
2.174166667,7.83E+03,2.87978
2.174444444,7.83E+03,2.88025
2.174722222,7.83E+03,2.87991
2.175,7.83E+03,2.8798
2.175277778,7.83E+03,2.88046
2.175555556,7.83E+03,2.87932
2.175833333,7.83E+03,2.88018
2.176111111,7.83E+03,2.87931
2.176388889,7.84E+03,2.87895
2.176666667,7.84E+03,2.8798
2.176944444,7.84E+03,2.87905
2.177222222,7.84E+03,2.88003
2.1775,7.84E+03,2.87968
2.177777778,7.84E+03,2.87885
2.178055556,7.84E+03,2.87998
2.178333333,7.84E+03,2.87875
2.178611111,7.84E+03,2.87927
2.178888889,7.84E+03,2.87901
2.179166667,7.85E+03,2.8784
2.179444444,7.85E+03,2.88019
2.179722222,7.85E+03,2.8784
2.18,7.85E+03,2.87898
2.180277778,7.85E+03,2.87901
2.180555556,7.85E+03,2.87834
2.180833333,7.85E+03,2.87906
2.181111111,7.85E+03,2.87806
2.181388889,7.85E+03,2.87889
2.181666667,7.85E+03,2.87859
2.181944444,7.85E+03,2.87857
2.182222222,7.86E+03,2.8782
2.1825,7.86E+03,2.87794
2.182777778,7.86E+03,2.87881
2.183055556,7.86E+03,2.87761
2.183333333,7.86E+03,2.87902
2.183611111,7.86E+03,2.87815
2.183888889,7.86E+03,2.8775
2.184166667,7.86E+03,2.87846
2.184444444,7.86E+03,2.87745
2.184722222,7.86E+03,2.87865
2.185,7.87E+03,2.8775
2.185277778,7.87E+03,2.87747
2.185555556,7.87E+03,2.87781
2.185833333,7.87E+03,2.87742
2.186111111,7.87E+03,2.8783
2.186388889,7.87E+03,2.87725
2.186666667,7.87E+03,2.87815
2.186944444,7.87E+03,2.87725
2.187222222,7.87E+03,2.87776
2.1875,7.88E+03,2.87715
2.187777778,7.88E+03,2.87665
2.188055556,7.88E+03,2.87686
2.188333333,7.88E+03,2.87649
2.188611111,7.88E+03,2.87773
2.188888889,7.88E+03,2.87656
2.189166667,7.88E+03,2.87699
2.189444444,7.88E+03,2.87697
2.189722222,7.88E+03,2.87674
2.19,7.88E+03,2.87746
2.190277778,7.89E+03,2.87688
2.190555556,7.89E+03,2.87752
2.190833333,7.89E+03,2.877
2.191111111,7.89E+03,2.87757
2.191388889,7.89E+03,2.8771
2.191666667,7.89E+03,2.87709
2.191944444,7.89E+03,2.87804
2.192222222,7.89E+03,2.87708
2.1925,7.89E+03,2.87744
2.192777778,7.89E+03,2.87719
2.193055556,7.90E+03,2.87672
2.193333333,7.90E+03,2.87852
2.193611111,7.90E+03,2.87664
2.193888889,7.90E+03,2.87677
2.194166667,7.90E+03,2.87721
2.194444444,7.90E+03,2.87636
2.194722222,7.90E+03,2.87765
2.195,7.90E+03,2.87664
2.195277778,7.90E+03,2.87624
2.195555556,7.90E+03,2.87736
2.195833333,7.90E+03,2.87627
2.196111111,7.91E+03,2.87669
2.196388889,7.91E+03,2.87692
2.196666667,7.91E+03,2.87557
2.196944444,7.91E+03,2.87679
2.197222222,7.91E+03,2.87606
2.1975,7.91E+03,2.87597
2.197777778,7.91E+03,2.87646
2.198055556,7.91E+03,2.87605
2.198333333,7.91E+03,2.87713
2.198611111,7.92E+03,2.876
2.198888889,7.92E+03,2.87611
2.199166667,7.92E+03,2.87606
2.199444444,7.92E+03,2.87614
2.199722222,7.92E+03,2.87619
2.2,7.92E+03,2.87587
2.200277778,7.92E+03,2.87614
2.200555556,7.92E+03,2.87624
2.200833333,7.92E+03,2.8753
2.201111111,7.92E+03,2.87647
2.201388889,7.93E+03,2.87569
2.201666667,7.93E+03,2.87565
2.201944444,7.93E+03,2.87616
2.202222222,7.93E+03,2.87494
2.2025,7.93E+03,2.87594
2.202777778,7.93E+03,2.87549
2.203055556,7.93E+03,2.87476
2.203333333,7.93E+03,2.87628
2.203611111,7.93E+03,2.87505
2.203888889,7.93E+03,2.87476
2.204166667,7.94E+03,2.87554
2.204444444,7.94E+03,2.87477
2.204722222,7.94E+03,2.87473
2.205,7.94E+03,2.875
2.205277778,7.94E+03,2.87446
2.205555556,7.94E+03,2.87601
2.205833333,7.94E+03,2.8754
2.206111111,7.94E+03,2.87481
2.206388889,7.94E+03,2.8763
2.206666667,7.94E+03,2.8749
2.206944444,7.94E+03,2.87509
2.207222222,7.95E+03,2.87511
2.2075,7.95E+03,2.87461
2.207777778,7.95E+03,2.87552
2.208055556,7.95E+03,2.87537
2.208333333,7.95E+03,2.87443
2.208611111,7.95E+03,2.87585
2.208888889,7.95E+03,2.875
2.209166667,7.95E+03,2.87457
2.209444444,7.95E+03,2.87527
2.209722222,7.95E+03,2.87392
2.21,7.96E+03,2.87521
2.210277778,7.96E+03,2.87475
2.210555556,7.96E+03,2.87411
2.210833333,7.96E+03,2.87551
2.211111111,7.96E+03,2.87488
2.211388889,7.96E+03,2.87452
2.211666667,7.96E+03,2.87509
2.211944444,7.96E+03,2.87431
2.212222222,7.96E+03,2.87585
2.2125,7.97E+03,2.87477
2.212777778,7.97E+03,2.87406
2.213055556,7.97E+03,2.87475
2.213333333,7.97E+03,2.87426
2.213611111,7.97E+03,2.87419
2.213888889,7.97E+03,2.87449
2.214166667,7.97E+03,2.87385
2.214444444,7.97E+03,2.87447
2.214722222,7.97E+03,2.87398
2.215,7.97E+03,2.87309
2.215277778,7.98E+03,2.87334
2.215555556,7.98E+03,2.87335
2.215833333,7.98E+03,2.87303
2.216111111,7.98E+03,2.87277
2.216388889,7.98E+03,2.8726
2.216666667,7.98E+03,2.87403
2.216944444,7.98E+03,2.87242
2.217222222,7.98E+03,2.87252
2.2175,7.98E+03,2.87202
2.217777778,7.98E+03,2.87182
2.218055556,7.99E+03,2.87251
2.218333333,7.99E+03,2.87182
2.218611111,7.99E+03,2.87229
2.218888889,7.99E+03,2.87224
2.219166667,7.99E+03,2.87177
2.219444444,7.99E+03,2.87347
2.219722222,7.99E+03,2.87157
2.22,7.99E+03,2.87163
2.220277778,7.99E+03,2.87216
2.220555556,7.99E+03,2.8712
2.220833333,7.99E+03,2.87222
2.221111111,8.00E+03,2.87135
2.221388889,8.00E+03,2.87099
2.221666667,8.00E+03,2.87335
2.221944444,8.00E+03,2.87129
2.222222222,8.00E+03,2.87085
2.2225,8.00E+03,2.87198
2.222777778,8.00E+03,2.87113
2.223055556,8.00E+03,2.87108
2.223333333,8.00E+03,2.87158
2.223611111,8.01E+03,2.87056
2.223888889,8.01E+03,2.87147
2.224166667,8.01E+03,2.87086
2.224444444,8.01E+03,2.8708
2.224722222,8.01E+03,2.87167
2.225,8.01E+03,2.87109
2.225277778,8.01E+03,2.87037
2.225555556,8.01E+03,2.87215
2.225833333,8.01E+03,2.87049
2.226111111,8.01E+03,2.87024
2.226388889,8.02E+03,2.87146
2.226666667,8.02E+03,2.87033
2.226944444,8.02E+03,2.87031
2.227222222,8.02E+03,2.87158
2.2275,8.02E+03,2.8702
2.227777778,8.02E+03,2.87067
2.228055556,8.02E+03,2.87068
2.228333333,8.02E+03,2.87009
2.228611111,8.02E+03,2.87084
2.228888889,8.02E+03,2.87093
2.229166667,8.03E+03,2.86971
2.229444444,8.03E+03,2.87129
2.229722222,8.03E+03,2.86969
2.23,8.03E+03,2.86972
2.230277778,8.03E+03,2.87048
2.230555556,8.03E+03,2.86971
2.230833333,8.03E+03,2.86938
2.231111111,8.03E+03,2.87087
2.231388889,8.03E+03,2.86964
2.231666667,8.03E+03,2.87001
2.231944444,8.03E+03,2.87058
2.232222222,8.04E+03,2.87029
2.2325,8.04E+03,2.87028
2.232777778,8.04E+03,2.87161
2.233055556,8.04E+03,2.87041
2.233333333,8.04E+03,2.86994
2.233611111,8.04E+03,2.87052
2.233888889,8.04E+03,2.87005
2.234166667,8.04E+03,2.86958
2.234444444,8.04E+03,2.87088
2.234722222,8.04E+03,2.87007
2.235,8.05E+03,2.86997
2.235277778,8.05E+03,2.87136
2.235555556,8.05E+03,2.87035
2.235833333,8.05E+03,2.8707
2.236111111,8.05E+03,2.87125
2.236388889,8.05E+03,2.87027
2.236666667,8.05E+03,2.87116
2.236944444,8.05E+03,2.8703
2.237222222,8.05E+03,2.87017
2.2375,8.06E+03,2.87004
2.237777778,8.06E+03,2.8704
2.238055556,8.06E+03,2.87067
2.238333333,8.06E+03,2.87024
2.238611111,8.06E+03,2.87055
2.238888889,8.06E+03,2.87053
2.239166667,8.06E+03,2.86956
2.239444444,8.06E+03,2.8713
2.239722222,8.06E+03,2.86948
2.24,8.06E+03,2.86992
2.240277778,8.07E+03,2.86963
2.240555556,8.07E+03,2.86963
2.240833333,8.07E+03,2.87109
2.241111111,8.07E+03,2.86992
2.241388889,8.07E+03,2.86993
2.241666667,8.07E+03,2.87028
2.241944444,8.07E+03,2.86959
2.242222222,8.07E+03,2.86962
2.2425,8.07E+03,2.86957
2.242777778,8.07E+03,2.87028
2.243055556,8.08E+03,2.8694
2.243333333,8.08E+03,2.86999
2.243611111,8.08E+03,2.86903
2.243888889,8.08E+03,2.86899
2.244166667,8.08E+03,2.8701
2.244444444,8.08E+03,2.86906
2.244722222,8.08E+03,2.86901
2.245,8.08E+03,2.86953
2.245277778,8.08E+03,2.86878
2.245555556,8.08E+03,2.86936
2.245833333,8.08E+03,2.86887
2.246111111,8.09E+03,2.86844
2.246388889,8.09E+03,2.87011
2.246666667,8.09E+03,2.86896
2.246944444,8.09E+03,2.86831
2.247222222,8.09E+03,2.86982
2.2475,8.09E+03,2.86864
2.247777778,8.09E+03,2.86852
2.248055556,8.09E+03,2.86856
2.248333333,8.09E+03,2.86827
2.248611111,8.10E+03,2.86964
2.248888889,8.10E+03,2.86921
2.249166667,8.10E+03,2.86785
2.249444444,8.10E+03,2.86967
2.249722222,8.10E+03,2.86822
2.25,8.10E+03,2.86799
2.250277778,8.10E+03,2.86875
2.250555556,8.10E+03,2.86754
2.250833333,8.10E+03,2.8689
2.251111111,8.10E+03,2.86861
2.251388889,8.11E+03,2.86768
2.251666667,8.11E+03,2.86882
2.251944444,8.11E+03,2.86751
2.252222222,8.11E+03,2.86722
2.2525,8.11E+03,2.86911
2.252777778,8.11E+03,2.86805
2.253055556,8.11E+03,2.86777
2.253333333,8.11E+03,2.86844
2.253611111,8.11E+03,2.86692
2.253888889,8.11E+03,2.86772
2.254166667,8.12E+03,2.86805
2.254444444,8.12E+03,2.86721
2.254722222,8.12E+03,2.86857
2.255,8.12E+03,2.86797
2.255277778,8.12E+03,2.86699
2.255555556,8.12E+03,2.86826
2.255833333,8.12E+03,2.86692
2.256111111,8.12E+03,2.86646
2.256388889,8.12E+03,2.86846
2.256666667,8.12E+03,2.86715
2.256944444,8.13E+03,2.86658
2.257222222,8.13E+03,2.86773
2.2575,8.13E+03,2.86658
2.257777778,8.13E+03,2.86669
2.258055556,8.13E+03,2.86706
2.258333333,8.13E+03,2.86659
2.258611111,8.13E+03,2.86642
2.258888889,8.13E+03,2.86725
2.259166667,8.13E+03,2.86612
2.259444444,8.13E+03,2.86688
2.259722222,8.13E+03,2.86629
2.26,8.14E+03,2.86616
2.260277778,8.14E+03,2.86648
2.260555556,8.14E+03,2.86703
2.260833333,8.14E+03,2.86656
2.261111111,8.14E+03,2.86656
2.261388889,8.14E+03,2.86714
2.261666667,8.14E+03,2.86685
2.261944444,8.14E+03,2.86615
2.262222222,8.14E+03,2.86728
2.2625,8.15E+03,2.86657
2.262777778,8.15E+03,2.86587
2.263055556,8.15E+03,2.86735
2.263333333,8.15E+03,2.8662
2.263611111,8.15E+03,2.86515
2.263888889,8.15E+03,2.86688
2.264166667,8.15E+03,2.86507
2.264444444,8.15E+03,2.86488
2.264722222,8.15E+03,2.86656
2.265,8.15E+03,2.8655
2.265277778,8.16E+03,2.86551
2.265555556,8.16E+03,2.8661
2.265833333,8.16E+03,2.86485
2.266111111,8.16E+03,2.86535
2.266388889,8.16E+03,2.86539
2.266666667,8.16E+03,2.86451
2.266944444,8.16E+03,2.8656
2.267222222,8.16E+03,2.86521
2.2675,8.16E+03,2.86453
2.267777778,8.16E+03,2.86501
2.268055556,8.17E+03,2.86441
2.268333333,8.17E+03,2.86366
2.268611111,8.17E+03,2.8651
2.268888889,8.17E+03,2.86454
2.269166667,8.17E+03,2.86363
2.269444444,8.17E+03,2.86509
2.269722222,8.17E+03,2.86458
2.27,8.17E+03,2.86417
2.270277778,8.17E+03,2.86517
2.270555556,8.17E+03,2.86455
2.270833333,8.17E+03,2.86446
2.271111111,8.18E+03,2.86498
2.271388889,8.18E+03,2.86469
2.271666667,8.18E+03,2.86493
2.271944444,8.18E+03,2.86433
2.272222222,8.18E+03,2.86513
2.2725,8.18E+03,2.8643
2.272777778,8.18E+03,2.86358
2.273055556,8.18E+03,2.86556
2.273333333,8.18E+03,2.86418
2.273611111,8.19E+03,2.8638
2.273888889,8.19E+03,2.86468
2.274166667,8.19E+03,2.86378
2.274444444,8.19E+03,2.86352
2.274722222,8.19E+03,2.86459
2.275,8.19E+03,2.8643
2.275277778,8.19E+03,2.86354
2.275555556,8.19E+03,2.86422
2.275833333,8.19E+03,2.86453
2.276111111,8.19E+03,2.86406
2.276388889,8.20E+03,2.86335
2.276666667,8.20E+03,2.86431
2.276944444,8.20E+03,2.86411
2.277222222,8.20E+03,2.8633
2.2775,8.20E+03,2.8643
2.277777778,8.20E+03,2.86424
2.278055556,8.20E+03,2.863
2.278333333,8.20E+03,2.864
2.278611111,8.20E+03,2.86316
2.278888889,8.20E+03,2.86263
2.279166667,8.21E+03,2.864
2.279444444,8.21E+03,2.86275
2.279722222,8.21E+03,2.86216
2.28,8.21E+03,2.86418
2.280277778,8.21E+03,2.86312
2.280555556,8.21E+03,2.86268
2.280833333,8.21E+03,2.86489
2.281111111,8.21E+03,2.86317
2.281388889,8.21E+03,2.8631
2.281666667,8.21E+03,2.86416
2.281944444,8.21E+03,2.8627
2.282222222,8.22E+03,2.86283
2.2825,8.22E+03,2.86316
2.282777778,8.22E+03,2.86279
2.283055556,8.22E+03,2.8631
2.283333333,8.22E+03,2.86358
2.283611111,8.22E+03,2.86262
2.283888889,8.22E+03,2.86337
2.284166667,8.22E+03,2.86291
2.284444444,8.22E+03,2.86261
2.284722222,8.22E+03,2.86295
2.285,8.23E+03,2.86278
2.285277778,8.23E+03,2.86228
2.285555556,8.23E+03,2.86277
2.285833333,8.23E+03,2.86212
2.286111111,8.23E+03,2.86243
2.286388889,8.23E+03,2.86207
2.286666667,8.23E+03,2.86215
2.286944444,8.23E+03,2.86171
2.287222222,8.23E+03,2.86157
2.2875,8.24E+03,2.86236
2.287777778,8.24E+03,2.8619
2.288055556,8.24E+03,2.86108
2.288333333,8.24E+03,2.86238
2.288611111,8.24E+03,2.86095
2.288888889,8.24E+03,2.86028
2.289166667,8.24E+03,2.8627
2.289444444,8.24E+03,2.86138
2.289722222,8.24E+03,2.86005
2.29,8.24E+03,2.86141
2.290277778,8.25E+03,2.86084
2.290555556,8.25E+03,2.86081
2.290833333,8.25E+03,2.86111
2.291111111,8.25E+03,2.86089
2.291388889,8.25E+03,2.86062
2.291666667,8.25E+03,2.86081
2.291944444,8.25E+03,2.86077
2.292222222,8.25E+03,2.86073
2.2925,8.25E+03,2.86027
2.292777778,8.25E+03,2.86083
2.293055556,8.26E+03,2.86047
2.293333333,8.26E+03,2.85951
2.293611111,8.26E+03,2.86099
2.293888889,8.26E+03,2.85977
2.294166667,8.26E+03,2.85922
2.294444444,8.26E+03,2.86042
2.294722222,8.26E+03,2.85904
2.295,8.26E+03,2.85857
2.295277778,8.26E+03,2.86042
2.295555556,8.26E+03,2.85915
2.295833333,8.26E+03,2.85858
2.296111111,8.27E+03,2.85999
2.296388889,8.27E+03,2.859
2.296666667,8.27E+03,2.85838
2.296944444,8.27E+03,2.85926
2.297222222,8.27E+03,2.85838
2.2975,8.27E+03,2.8586
2.297777778,8.27E+03,2.85949
2.298055556,8.27E+03,2.85809
2.298333333,8.27E+03,2.85853
2.298611111,8.27E+03,2.85904
2.298888889,8.28E+03,2.85864
2.299166667,8.28E+03,2.85809
2.299444444,8.28E+03,2.85885
2.299722222,8.28E+03,2.85813
2.3,8.28E+03,2.85809
2.300277778,8.28E+03,2.85889
2.300555556,8.28E+03,2.85832
2.300833333,8.28E+03,2.85736
2.301111111,8.28E+03,2.85842
2.301388889,8.29E+03,2.85798
2.301666667,8.29E+03,2.8575
2.301944444,8.29E+03,2.85861
2.302222222,8.29E+03,2.85791
2.3025,8.29E+03,2.85717
2.302777778,8.29E+03,2.85796
2.303055556,8.29E+03,2.85693
2.303333333,8.29E+03,2.85704
2.303611111,8.29E+03,2.85788
2.303888889,8.29E+03,2.85724
2.304166667,8.30E+03,2.85633
2.304444444,8.30E+03,2.85727
2.304722222,8.30E+03,2.8566
2.305,8.30E+03,2.85616
2.305277778,8.30E+03,2.85758
2.305555556,8.30E+03,2.85636
2.305833333,8.30E+03,2.85632
2.306111111,8.30E+03,2.85716
2.306388889,8.30E+03,2.85622
2.306666667,8.30E+03,2.85668
2.306944444,8.30E+03,2.85675
2.307222222,8.31E+03,2.85617
2.3075,8.31E+03,2.85714
2.307777778,8.31E+03,2.85671
2.308055556,8.31E+03,2.85596
2.308333333,8.31E+03,2.8578
2.308611111,8.31E+03,2.85652
2.308888889,8.31E+03,2.85672
2.309166667,8.31E+03,2.85732
2.309444444,8.31E+03,2.85667
2.309722222,8.31E+03,2.85736
2.31,8.32E+03,2.85711
2.310277778,8.32E+03,2.85643
2.310555556,8.32E+03,2.85785
2.310833333,8.32E+03,2.85634
2.311111111,8.32E+03,2.85603
2.311388889,8.32E+03,2.85623
2.311666667,8.32E+03,2.85598
2.311944444,8.32E+03,2.85731
2.312222222,8.32E+03,2.85631
2.3125,8.33E+03,2.85744
2.312777778,8.33E+03,2.85637
2.313055556,8.33E+03,2.85616
2.313333333,8.33E+03,2.85628
2.313611111,8.33E+03,2.85608
2.313888889,8.33E+03,2.85677
2.314166667,8.33E+03,2.85559
2.314444444,8.33E+03,2.85668
2.314722222,8.33E+03,2.85602
2.315,8.33E+03,2.85548
2.315277778,8.34E+03,2.8555
2.315555556,8.34E+03,2.85529
2.315833333,8.34E+03,2.85694
2.316111111,8.34E+03,2.85541
2.316388889,8.34E+03,2.85593
2.316666667,8.34E+03,2.85547
2.316944444,8.34E+03,2.85482
2.317222222,8.34E+03,2.85557
2.3175,8.34E+03,2.8555
2.317777778,8.34E+03,2.85584
2.318055556,8.35E+03,2.85541
2.318333333,8.35E+03,2.85548
2.318611111,8.35E+03,2.8574
2.318888889,8.35E+03,2.85532
2.319166667,8.35E+03,2.85605
2.319444444,8.35E+03,2.85512
2.319722222,8.35E+03,2.85528
2.32,8.35E+03,2.85584
2.320277778,8.35E+03,2.85514
2.320555556,8.35E+03,2.8562
2.320833333,8.35E+03,2.85586
2.321111111,8.36E+03,2.8551
2.321388889,8.36E+03,2.85752
2.321666667,8.36E+03,2.85543
2.321944444,8.36E+03,2.85562
2.322222222,8.36E+03,2.85622
2.3225,8.36E+03,2.85546
2.322777778,8.36E+03,2.85575
2.323055556,8.36E+03,2.85585
2.323333333,8.36E+03,2.85511
2.323611111,8.37E+03,2.85694
2.323888889,8.37E+03,2.85565
2.324166667,8.37E+03,2.85548
2.324444444,8.37E+03,2.85656
2.324722222,8.37E+03,2.85562
2.325,8.37E+03,2.85525
2.325277778,8.37E+03,2.85616
2.325555556,8.37E+03,2.85485
2.325833333,8.37E+03,2.85555
2.326111111,8.37E+03,2.85541
2.326388889,8.38E+03,2.8548
2.326666667,8.38E+03,2.85593
2.326944444,8.38E+03,2.85537
2.327222222,8.38E+03,2.85465
2.3275,8.38E+03,2.85608
2.327777778,8.38E+03,2.85447
2.328055556,8.38E+03,2.85481
2.328333333,8.38E+03,2.85473
2.328611111,8.38E+03,2.85457
2.328888889,8.38E+03,2.85559
2.329166667,8.39E+03,2.85493
2.329444444,8.39E+03,2.85377
2.329722222,8.39E+03,2.85599
2.33,8.39E+03,2.85416
2.330277778,8.39E+03,2.85382
2.330555556,8.39E+03,2.85425
2.330833333,8.39E+03,2.85307
2.331111111,8.39E+03,2.85463
2.331388889,8.39E+03,2.8539
2.331666667,8.39E+03,2.85334
2.331944444,8.39E+03,2.85421
2.332222222,8.40E+03,2.85289
2.3325,8.40E+03,2.85427
2.332777778,8.40E+03,2.85327
2.333055556,8.40E+03,2.85306
2.333333333,8.40E+03,2.85321
2.333611111,8.40E+03,2.85278
2.333888889,8.40E+03,2.85332
2.334166667,8.40E+03,2.85236
2.334444444,8.40E+03,2.85307
2.334722222,8.40E+03,2.85221
2.335,8.41E+03,2.85214
2.335277778,8.41E+03,2.85256
2.335555556,8.41E+03,2.85199
2.335833333,8.41E+03,2.85353
2.336111111,8.41E+03,2.85246
2.336388889,8.41E+03,2.85253
2.336666667,8.41E+03,2.85281
2.336944444,8.41E+03,2.85207
2.337222222,8.41E+03,2.85406
2.3375,8.42E+03,2.85259
2.337777778,8.42E+03,2.85257
2.338055556,8.42E+03,2.85375
2.338333333,8.42E+03,2.8527
2.338611111,8.42E+03,2.85409
2.338888889,8.42E+03,2.85354
2.339166667,8.42E+03,2.85336
2.339444444,8.42E+03,2.85352
2.339722222,8.42E+03,2.85312
2.34,8.42E+03,2.85388
2.340277778,8.43E+03,2.85326
2.340555556,8.43E+03,2.85318
2.340833333,8.43E+03,2.85395
2.341111111,8.43E+03,2.85277
2.341388889,8.43E+03,2.85326
2.341666667,8.43E+03,2.8522
2.341944444,8.43E+03,2.85238
2.342222222,8.43E+03,2.85282
2.3425,8.43E+03,2.85201
2.342777778,8.43E+03,2.85403
2.343055556,8.44E+03,2.85298
2.343333333,8.44E+03,2.85223
2.343611111,8.44E+03,2.85304
2.343888889,8.44E+03,2.85175
2.344166667,8.44E+03,2.85313
2.344444444,8.44E+03,2.85227
2.344722222,8.44E+03,2.85216
2.345,8.44E+03,2.8534
2.345277778,8.44E+03,2.85215
2.345555556,8.44E+03,2.85382
2.345833333,8.44E+03,2.85266
2.346111111,8.45E+03,2.85259
2.346388889,8.45E+03,2.85291
2.346666667,8.45E+03,2.85206
2.346944444,8.45E+03,2.85315
2.347222222,8.45E+03,2.85238
2.3475,8.45E+03,2.85241
2.347777778,8.45E+03,2.85198
2.348055556,8.45E+03,2.85173
2.348333333,8.45E+03,2.85247
2.348611111,8.46E+03,2.85162
2.348888889,8.46E+03,2.85359
2.349166667,8.46E+03,2.85178
2.349444444,8.46E+03,2.85197
2.349722222,8.46E+03,2.85181
2.35,8.46E+03,2.85149
2.350277778,8.46E+03,2.85192
2.350555556,8.46E+03,2.85126
2.350833333,8.46E+03,2.85192
2.351111111,8.46E+03,2.85173
2.351388889,8.47E+03,2.85188
2.351666667,8.47E+03,2.85124
2.351944444,8.47E+03,2.8516
2.352222222,8.47E+03,2.85193
2.3525,8.47E+03,2.85077
2.352777778,8.47E+03,2.85242
2.353055556,8.47E+03,2.85063
2.353333333,8.47E+03,2.85123
2.353611111,8.47E+03,2.85056
2.353888889,8.47E+03,2.85067
2.354166667,8.48E+03,2.85144
2.354444444,8.48E+03,2.85071
2.354722222,8.48E+03,2.85131
2.355,8.48E+03,2.85097
2.355277778,8.48E+03,2.85078
2.355555556,8.48E+03,2.85077
2.355833333,8.48E+03,2.85046
2.356111111,8.48E+03,2.85211
2.356388889,8.48E+03,2.85001
2.356666667,8.48E+03,2.85139
2.356944444,8.48E+03,2.8502
2.357222222,8.49E+03,2.85027
2.3575,8.49E+03,2.85006
2.357777778,8.49E+03,2.8496
2.358055556,8.49E+03,2.85085
2.358333333,8.49E+03,2.84956
2.358611111,8.49E+03,2.85057
2.358888889,8.49E+03,2.85
2.359166667,8.49E+03,2.85004
2.359444444,8.49E+03,2.84981
2.359722222,8.49E+03,2.84987
2.36,8.50E+03,2.84989
2.360277778,8.50E+03,2.84923
2.360555556,8.50E+03,2.84975
2.360833333,8.50E+03,2.84915
2.361111111,8.50E+03,2.85099
2.361388889,8.50E+03,2.8491
2.361666667,8.50E+03,2.84967
2.361944444,8.50E+03,2.84922
2.362222222,8.50E+03,2.84904
2.3625,8.51E+03,2.84919
2.362777778,8.51E+03,2.84868
2.363055556,8.51E+03,2.84984
2.363333333,8.51E+03,2.849
2.363611111,8.51E+03,2.84908
2.363888889,8.51E+03,2.84874
2.364166667,8.51E+03,2.84845
2.364444444,8.51E+03,2.84914
2.364722222,8.51E+03,2.8482
2.365,8.51E+03,2.84975
2.365277778,8.52E+03,2.84815
2.365555556,8.52E+03,2.8485
2.365833333,8.52E+03,2.84833
2.366111111,8.52E+03,2.8481
2.366388889,8.52E+03,2.84844
2.366666667,8.52E+03,2.84807
2.366944444,8.52E+03,2.84872
2.367222222,8.52E+03,2.84812
2.3675,8.52E+03,2.84899
2.367777778,8.52E+03,2.84902
2.368055556,8.53E+03,2.85013
2.368333333,8.53E+03,2.84981
2.368611111,8.53E+03,2.84917
2.368888889,8.53E+03,2.84944
2.369166667,8.53E+03,2.84876
2.369444444,8.53E+03,2.84956
2.369722222,8.53E+03,2.84886
2.37,8.53E+03,2.85001
2.370277778,8.53E+03,2.84893
2.370555556,8.53E+03,2.84971
2.370833333,8.53E+03,2.84881
2.371111111,8.54E+03,2.84871
2.371388889,8.54E+03,2.84859
2.371666667,8.54E+03,2.84847
2.371944444,8.54E+03,2.85074
2.372222222,8.54E+03,2.84878
2.3725,8.54E+03,2.84906
2.372777778,8.54E+03,2.84893
2.373055556,8.54E+03,2.8485
2.373333333,8.54E+03,2.8486
2.373611111,8.55E+03,2.8485
2.373888889,8.55E+03,2.84869
2.374166667,8.55E+03,2.84792
2.374444444,8.55E+03,2.84899
2.374722222,8.55E+03,2.84797
2.375,8.55E+03,2.84905
2.375277778,8.55E+03,2.84841
2.375555556,8.55E+03,2.84859
2.375833333,8.55E+03,2.84867
2.376111111,8.55E+03,2.8482
2.376388889,8.56E+03,2.84799
2.376666667,8.56E+03,2.84848
2.376944444,8.56E+03,2.84815
2.377222222,8.56E+03,2.84759
2.3775,8.56E+03,2.8481
2.377777778,8.56E+03,2.84774
2.378055556,8.56E+03,2.84803
2.378333333,8.56E+03,2.84714
2.378611111,8.56E+03,2.84813
2.378888889,8.56E+03,2.8465
2.379166667,8.57E+03,2.84788
2.379444444,8.57E+03,2.84659
2.379722222,8.57E+03,2.84874
2.38,8.57E+03,2.84683
2.380277778,8.57E+03,2.84698
2.380555556,8.57E+03,2.84685
2.380833333,8.57E+03,2.84682
2.381111111,8.57E+03,2.84702
2.381388889,8.57E+03,2.84681
2.381666667,8.57E+03,2.84752
2.381944444,8.58E+03,2.84663
2.382222222,8.58E+03,2.8476
2.3825,8.58E+03,2.84698
2.382777778,8.58E+03,2.8465
2.383055556,8.58E+03,2.84684
2.383333333,8.58E+03,2.8463
2.383611111,8.58E+03,2.84754
2.383888889,8.58E+03,2.84629
2.384166667,8.58E+03,2.8476
2.384444444,8.58E+03,2.84628
2.384722222,8.58E+03,2.84699
2.385,8.59E+03,2.84603
2.385277778,8.59E+03,2.8473
2.385555556,8.59E+03,2.8462
2.385833333,8.59E+03,2.84633
2.386111111,8.59E+03,2.84614
2.386388889,8.59E+03,2.84591
2.386666667,8.59E+03,2.84702
2.386944444,8.59E+03,2.84586
2.387222222,8.59E+03,2.84701
2.3875,8.60E+03,2.84648
2.387777778,8.60E+03,2.84606
2.388055556,8.60E+03,2.84647
2.388333333,8.60E+03,2.84561
2.388611111,8.60E+03,2.84672
2.388888889,8.60E+03,2.84568
2.389166667,8.60E+03,2.8458
2.389444444,8.60E+03,2.84576
2.389722222,8.60E+03,2.84502
2.39,8.60E+03,2.84683
2.390277778,8.61E+03,2.84557
2.390555556,8.61E+03,2.84573
2.390833333,8.61E+03,2.84552
2.391111111,8.61E+03,2.84456
2.391388889,8.61E+03,2.8457
2.391666667,8.61E+03,2.84444
2.391944444,8.61E+03,2.84545
2.392222222,8.61E+03,2.8448
2.3925,8.61E+03,2.8453
2.392777778,8.61E+03,2.84455
2.393055556,8.62E+03,2.84503
2.393333333,8.62E+03,2.84444
2.393611111,8.62E+03,2.84411
2.393888889,8.62E+03,2.84434
2.394166667,8.62E+03,2.84378
2.394444444,8.62E+03,2.84452
2.394722222,8.62E+03,2.84424
2.395,8.62E+03,2.84404
2.395277778,8.62E+03,2.84364
2.395555556,8.62E+03,2.8439
2.395833333,8.62E+03,2.84331
2.396111111,8.63E+03,2.84549
2.396388889,8.63E+03,2.84326
2.396666667,8.63E+03,2.84451
2.396944444,8.63E+03,2.84346
2.397222222,8.63E+03,2.84404
2.3975,8.63E+03,2.84323
2.397777778,8.63E+03,2.84378
2.398055556,8.63E+03,2.84316
2.398333333,8.63E+03,2.84288
2.398611111,8.64E+03,2.84335
2.398888889,8.64E+03,2.84247
2.399166667,8.64E+03,2.84377
2.399444444,8.64E+03,2.84323
2.399722222,8.64E+03,2.84295
2.4,8.64E+03,2.84336
2.400277778,8.64E+03,2.84294
2.400555556,8.64E+03,2.84271
2.400833333,8.64E+03,2.84269
2.401111111,8.64E+03,2.84373
2.401388889,8.65E+03,2.84201
2.401666667,8.65E+03,2.84323
2.401944444,8.65E+03,2.84213
2.402222222,8.65E+03,2.84237
2.4025,8.65E+03,2.84281
2.402777778,8.65E+03,2.84209
2.403055556,8.65E+03,2.84251
2.403333333,8.65E+03,2.84255
2.403611111,8.65E+03,2.84146
2.403888889,8.65E+03,2.84351
2.404166667,8.66E+03,2.84164
2.404444444,8.66E+03,2.84161
2.404722222,8.66E+03,2.84187
2.405,8.66E+03,2.84151
2.405277778,8.66E+03,2.84281
2.405555556,8.66E+03,2.84186
2.405833333,8.66E+03,2.84133
2.406111111,8.66E+03,2.84201
2.406388889,8.66E+03,2.84045
2.406666667,8.66E+03,2.84217
2.406944444,8.66E+03,2.84119
2.407222222,8.67E+03,2.84107
2.4075,8.67E+03,2.84109
2.407777778,8.67E+03,2.84078
2.408055556,8.67E+03,2.84119
2.408333333,8.67E+03,2.84093
2.408611111,8.67E+03,2.84121
2.408888889,8.67E+03,2.84048
2.409166667,8.67E+03,2.84078
2.409444444,8.67E+03,2.84097
2.409722222,8.67E+03,2.83987
2.41,8.68E+03,2.84165
2.410277778,8.68E+03,2.83974
2.410555556,8.68E+03,2.84074
2.410833333,8.68E+03,2.83993
2.411111111,8.68E+03,2.83978
2.411388889,8.68E+03,2.83985
2.411666667,8.68E+03,2.83964
2.411944444,8.68E+03,2.84034
2.412222222,8.68E+03,2.83986
2.4125,8.69E+03,2.84061
2.412777778,8.69E+03,2.83978
2.413055556,8.69E+03,2.84071
2.413333333,8.69E+03,2.84048
2.413611111,8.69E+03,2.83933
2.413888889,8.69E+03,2.84059
2.414166667,8.69E+03,2.8389
2.414444444,8.69E+03,2.84017
2.414722222,8.69E+03,2.83922
2.415,8.69E+03,2.83909
2.415277778,8.70E+03,2.84062
2.415555556,8.70E+03,2.83916
2.415833333,8.70E+03,2.83994
2.416111111,8.70E+03,2.83932
2.416388889,8.70E+03,2.83902
2.416666667,8.70E+03,2.83906
2.416944444,8.70E+03,2.83861
2.417222222,8.70E+03,2.83959
2.4175,8.70E+03,2.83892
2.417777778,8.70E+03,2.83918
2.418055556,8.71E+03,2.83939
2.418333333,8.71E+03,2.83901
2.418611111,8.71E+03,2.83906
2.418888889,8.71E+03,2.83843
2.419166667,8.71E+03,2.83836
2.419444444,8.71E+03,2.83928
2.419722222,8.71E+03,2.8382
2.42,8.71E+03,2.83883
2.420277778,8.71E+03,2.83848
2.420555556,8.71E+03,2.83809
2.420833333,8.71E+03,2.83872
2.421111111,8.72E+03,2.83769
2.421388889,8.72E+03,2.83766
2.421666667,8.72E+03,2.83795
2.421944444,8.72E+03,2.83695
2.422222222,8.72E+03,2.83824
2.4225,8.72E+03,2.83749
2.422777778,8.72E+03,2.83697
2.423055556,8.72E+03,2.83784
2.423333333,8.72E+03,2.83691
2.423611111,8.72E+03,2.83731
2.423888889,8.73E+03,2.83736
2.424166667,8.73E+03,2.83654
2.424444444,8.73E+03,2.83812
2.424722222,8.73E+03,2.83716
2.425,8.73E+03,2.8366
2.425277778,8.73E+03,2.83757
2.425555556,8.73E+03,2.83619
2.425833333,8.73E+03,2.83743
2.426111111,8.73E+03,2.83672
2.426388889,8.74E+03,2.83607
2.426666667,8.74E+03,2.83771
2.426944444,8.74E+03,2.83645
2.427222222,8.74E+03,2.83646
2.4275,8.74E+03,2.83669
2.427777778,8.74E+03,2.83613
2.428055556,8.74E+03,2.83807
2.428333333,8.74E+03,2.83636
2.428611111,8.74E+03,2.83688
2.428888889,8.74E+03,2.83675
2.429166667,8.75E+03,2.83627
2.429444444,8.75E+03,2.83604
2.429722222,8.75E+03,2.83586
2.43,8.75E+03,2.83657
2.430277778,8.75E+03,2.83554
2.430555556,8.75E+03,2.83682
2.430833333,8.75E+03,2.83638
2.431111111,8.75E+03,2.83571
2.431388889,8.75E+03,2.83593
2.431666667,8.75E+03,2.83525
2.431944444,8.75E+03,2.83714
2.432222222,8.76E+03,2.83541
2.4325,8.76E+03,2.83659
2.432777778,8.76E+03,2.83538
2.433055556,8.76E+03,2.83573
2.433333333,8.76E+03,2.83457
2.433611111,8.76E+03,2.83592
2.433888889,8.76E+03,2.83498
2.434166667,8.76E+03,2.83538
2.434444444,8.76E+03,2.83442
2.434722222,8.76E+03,2.83587
2.435,8.77E+03,2.83398
2.435277778,8.77E+03,2.83515
2.435555556,8.77E+03,2.83439
2.435833333,8.77E+03,2.83412
2.436111111,8.77E+03,2.83479
2.436388889,8.77E+03,2.83373
2.436666667,8.77E+03,2.83479
2.436944444,8.77E+03,2.83398
2.437222222,8.77E+03,2.83412
2.4375,8.78E+03,2.83361
2.437777778,8.78E+03,2.835
2.438055556,8.78E+03,2.83453
2.438333333,8.78E+03,2.83457
2.438611111,8.78E+03,2.83496
2.438888889,8.78E+03,2.83436
2.439166667,8.78E+03,2.83394
2.439444444,8.78E+03,2.83419
2.439722222,8.78E+03,2.83382
2.44,8.78E+03,2.83397
2.440277778,8.79E+03,2.83416
2.440555556,8.79E+03,2.83354
2.440833333,8.79E+03,2.83383
2.441111111,8.79E+03,2.83367
2.441388889,8.79E+03,2.83357
2.441666667,8.79E+03,2.83549
2.441944444,8.79E+03,2.83377
2.442222222,8.79E+03,2.83461
2.4425,8.79E+03,2.83392
2.442777778,8.79E+03,2.83368
2.443055556,8.80E+03,2.8338
2.443333333,8.80E+03,2.83351
2.443611111,8.80E+03,2.83437
2.443888889,8.80E+03,2.83361
2.444166667,8.80E+03,2.83443
2.444444444,8.80E+03,2.83322
2.444722222,8.80E+03,2.83402
2.445,8.80E+03,2.83376
2.445277778,8.80E+03,2.83322
2.445555556,8.80E+03,2.83485
2.445833333,8.80E+03,2.83352
2.446111111,8.81E+03,2.83337
2.446388889,8.81E+03,2.83363
2.446666667,8.81E+03,2.83265
2.446944444,8.81E+03,2.8337
2.447222222,8.81E+03,2.83308
2.4475,8.81E+03,2.83234
2.447777778,8.81E+03,2.83399
2.448055556,8.81E+03,2.83252
2.448333333,8.81E+03,2.83255
2.448611111,8.82E+03,2.83262
2.448888889,8.82E+03,2.83198
2.449166667,8.82E+03,2.83369
2.449444444,8.82E+03,2.83233
2.449722222,8.82E+03,2.8319
2.45,8.82E+03,2.83293
2.450277778,8.82E+03,2.83198
2.450555556,8.82E+03,2.83306
2.450833333,8.82E+03,2.83295
2.451111111,8.82E+03,2.83218
2.451388889,8.83E+03,2.8336
2.451666667,8.83E+03,2.83203
2.451944444,8.83E+03,2.83213
2.452222222,8.83E+03,2.83327
2.4525,8.83E+03,2.83215
2.452777778,8.83E+03,2.83297
2.453055556,8.83E+03,2.83253
2.453333333,8.83E+03,2.83169
2.453611111,8.83E+03,2.83318
2.453888889,8.83E+03,2.83148
2.454166667,8.84E+03,2.83162
2.454444444,8.84E+03,2.83235
2.454722222,8.84E+03,2.83131
2.455,8.84E+03,2.8326
2.455277778,8.84E+03,2.8318
2.455555556,8.84E+03,2.83112
2.455833333,8.84E+03,2.83224
2.456111111,8.84E+03,2.83103
2.456388889,8.84E+03,2.83111
2.456666667,8.84E+03,2.83225
2.456944444,8.84E+03,2.83128
2.457222222,8.85E+03,2.83097
2.4575,8.85E+03,2.83176
2.457777778,8.85E+03,2.83009
2.458055556,8.85E+03,2.83025
2.458333333,8.85E+03,2.83059
2.458611111,8.85E+03,2.83037
2.458888889,8.85E+03,2.83065
2.459166667,8.85E+03,2.831
2.459444444,8.85E+03,2.83033
2.459722222,8.85E+03,2.83101
2.46,8.86E+03,2.83126
2.460277778,8.86E+03,2.8306
2.460555556,8.86E+03,2.83072
2.460833333,8.86E+03,2.83107
2.461111111,8.86E+03,2.83079
2.461388889,8.86E+03,2.83027
2.461666667,8.86E+03,2.83119
2.461944444,8.86E+03,2.83041
2.462222222,8.86E+03,2.82953
2.4625,8.87E+03,2.83081
2.462777778,8.87E+03,2.82943
2.463055556,8.87E+03,2.82882
2.463333333,8.87E+03,2.83125
2.463611111,8.87E+03,2.82983
2.463888889,8.87E+03,2.82889
2.464166667,8.87E+03,2.8303
2.464444444,8.87E+03,2.82916
2.464722222,8.87E+03,2.82878
2.465,8.87E+03,2.82899
2.465277778,8.88E+03,2.82841
2.465555556,8.88E+03,2.82884
2.465833333,8.88E+03,2.82932
2.466111111,8.88E+03,2.82841
2.466388889,8.88E+03,2.82927
2.466666667,8.88E+03,2.82908
2.466944444,8.88E+03,2.82804
2.467222222,8.88E+03,2.82971
2.4675,8.88E+03,2.82932
2.467777778,8.88E+03,2.82928
2.468055556,8.89E+03,2.82991
2.468333333,8.89E+03,2.82917
2.468611111,8.89E+03,2.82927
2.468888889,8.89E+03,2.8293
2.469166667,8.89E+03,2.82892
2.469444444,8.89E+03,2.82833
2.469722222,8.89E+03,2.82917
2.47,8.89E+03,2.82894
2.470277778,8.89E+03,2.828
2.470555556,8.89E+03,2.82979
2.470833333,8.89E+03,2.82874
2.471111111,8.90E+03,2.82789
2.471388889,8.90E+03,2.82905
2.471666667,8.90E+03,2.82772
2.471944444,8.90E+03,2.82729
2.472222222,8.90E+03,2.82889
2.4725,8.90E+03,2.82749
2.472777778,8.90E+03,2.82762
2.473055556,8.90E+03,2.82765
2.473333333,8.90E+03,2.82671
2.473611111,8.91E+03,2.82813
2.473888889,8.91E+03,2.82739
2.474166667,8.91E+03,2.8268
2.474444444,8.91E+03,2.82919
2.474722222,8.91E+03,2.8276
2.475,8.91E+03,2.82729
2.475277778,8.91E+03,2.82772
2.475555556,8.91E+03,2.82648
2.475833333,8.91E+03,2.82753
2.476111111,8.91E+03,2.82734
2.476388889,8.92E+03,2.82632
2.476666667,8.92E+03,2.82848
2.476944444,8.92E+03,2.82647
2.477222222,8.92E+03,2.82619
2.4775,8.92E+03,2.82666
2.477777778,8.92E+03,2.82558
2.478055556,8.92E+03,2.8263
2.478333333,8.92E+03,2.82576
2.478611111,8.92E+03,2.82561
2.478888889,8.92E+03,2.82801
2.479166667,8.93E+03,2.82595
2.479444444,8.93E+03,2.825
2.479722222,8.93E+03,2.82661
2.48,8.93E+03,2.82553
2.480277778,8.93E+03,2.82543
2.480555556,8.93E+03,2.8257
2.480833333,8.93E+03,2.82497
2.481111111,8.93E+03,2.82664
2.481388889,8.93E+03,2.8256
2.481666667,8.93E+03,2.82517
2.481944444,8.93E+03,2.82628
2.482222222,8.94E+03,2.82513
2.4825,8.94E+03,2.82483
2.482777778,8.94E+03,2.82572
2.483055556,8.94E+03,2.8248
2.483333333,8.94E+03,2.8256
2.483611111,8.94E+03,2.82539
2.483888889,8.94E+03,2.8247
2.484166667,8.94E+03,2.82636
2.484444444,8.94E+03,2.82549
2.484722222,8.94E+03,2.82463
2.485,8.95E+03,2.82708
2.485277778,8.95E+03,2.82553
2.485555556,8.95E+03,2.82481
2.485833333,8.95E+03,2.82576
2.486111111,8.95E+03,2.8241
2.486388889,8.95E+03,2.82487
2.486666667,8.95E+03,2.82483
2.486944444,8.95E+03,2.82408
2.487222222,8.95E+03,2.82602
2.4875,8.96E+03,2.82452
2.487777778,8.96E+03,2.82395
2.488055556,8.96E+03,2.82564
2.488333333,8.96E+03,2.82462
2.488611111,8.96E+03,2.82381
2.488888889,8.96E+03,2.82488
2.489166667,8.96E+03,2.82342
2.489444444,8.96E+03,2.82442
2.489722222,8.96E+03,2.82402
2.49,8.96E+03,2.82321
2.490277778,8.97E+03,2.82424
2.490555556,8.97E+03,2.82343
2.490833333,8.97E+03,2.8232
2.491111111,8.97E+03,2.82398
2.491388889,8.97E+03,2.82311
2.491666667,8.97E+03,2.8244
2.491944444,8.97E+03,2.82387
2.492222222,8.97E+03,2.82276
2.4925,8.97E+03,2.82398
2.492777778,8.97E+03,2.82288
2.493055556,8.98E+03,2.82246
2.493333333,8.98E+03,2.82441
2.493611111,8.98E+03,2.82297
2.493888889,8.98E+03,2.82275
2.494166667,8.98E+03,2.8232
2.494444444,8.98E+03,2.82245
2.494722222,8.98E+03,2.82351
2.495,8.98E+03,2.82277
2.495277778,8.98E+03,2.82203
2.495555556,8.98E+03,2.82424
2.495833333,8.98E+03,2.82222
2.496111111,8.99E+03,2.82178
2.496388889,8.99E+03,2.82331
2.496666667,8.99E+03,2.82242
2.496944444,8.99E+03,2.82234
2.497222222,8.99E+03,2.82312
2.4975,8.99E+03,2.82173
2.497777778,8.99E+03,2.82263
2.498055556,8.99E+03,2.8223
2.498333333,8.99E+03,2.82167
2.498611111,9.00E+03,2.82293
2.498888889,9.00E+03,2.82227
2.499166667,9.00E+03,2.8214
2.499444444,9.00E+03,2.82372
2.499722222,9.00E+03,2.82192
2.5,9.00E+03,2.82124
2.500277778,9.00E+03,2.82247
2.500555556,9.00E+03,2.82121
2.500833333,9.00E+03,2.82098
2.501111111,9.00E+03,2.82149
2.501388889,9.01E+03,2.82056
2.501666667,9.01E+03,2.82232
2.501944444,9.01E+03,2.82097
2.502222222,9.01E+03,2.82039
2.5025,9.01E+03,2.82208
2.502777778,9.01E+03,2.82067
2.503055556,9.01E+03,2.82027
2.503333333,9.01E+03,2.82103
2.503611111,9.01E+03,2.81995
2.503888889,9.01E+03,2.82076
2.504166667,9.02E+03,2.8203
2.504444444,9.02E+03,2.81954
2.504722222,9.02E+03,2.82128
2.505,9.02E+03,2.82047
2.505277778,9.02E+03,2.81999
2.505555556,9.02E+03,2.82165
2.505833333,9.02E+03,2.82029
2.506111111,9.02E+03,2.82029
2.506388889,9.02E+03,2.82092
2.506666667,9.02E+03,2.81972
2.506944444,9.03E+03,2.82022
2.507222222,9.03E+03,2.82079
2.5075,9.03E+03,2.81971
2.507777778,9.03E+03,2.82037
2.508055556,9.03E+03,2.81976
2.508333333,9.03E+03,2.81969
2.508611111,9.03E+03,2.82009
2.508888889,9.03E+03,2.81934
2.509166667,9.03E+03,2.81894
2.509444444,9.03E+03,2.82021
2.509722222,9.03E+03,2.81885
2.51,9.04E+03,2.81879
2.510277778,9.04E+03,2.81899
2.510555556,9.04E+03,2.81901
2.510833333,9.04E+03,2.81907
2.511111111,9.04E+03,2.81857
2.511388889,9.04E+03,2.81824
2.511666667,9.04E+03,2.81937
2.511944444,9.04E+03,2.81819
2.512222222,9.04E+03,2.81849
2.5125,9.05E+03,2.81884
2.512777778,9.05E+03,2.81857
2.513055556,9.05E+03,2.81875
2.513333333,9.05E+03,2.82005
2.513611111,9.05E+03,2.81813
2.513888889,9.05E+03,2.81825
2.514166667,9.05E+03,2.81806
2.514444444,9.05E+03,2.81804
2.514722222,9.05E+03,2.81877
2.515,9.05E+03,2.8184
2.515277778,9.06E+03,2.81806
2.515555556,9.06E+03,2.81923
2.515833333,9.06E+03,2.81774
2.516111111,9.06E+03,2.81735
2.516388889,9.06E+03,2.8176
2.516666667,9.06E+03,2.81786
2.516944444,9.06E+03,2.81744
2.517222222,9.06E+03,2.81819
2.5175,9.06E+03,2.81735
2.517777778,9.06E+03,2.81695
2.518055556,9.07E+03,2.81777
2.518333333,9.07E+03,2.81738
2.518611111,9.07E+03,2.81689
2.518888889,9.07E+03,2.81823
2.519166667,9.07E+03,2.81666
2.519444444,9.07E+03,2.81622
2.519722222,9.07E+03,2.8175
2.52,9.07E+03,2.81634
2.520277778,9.07E+03,2.81603
2.520555556,9.07E+03,2.81737
2.520833333,9.07E+03,2.81543
2.521111111,9.08E+03,2.81596
2.521388889,9.08E+03,2.81601
2.521666667,9.08E+03,2.81565
2.521944444,9.08E+03,2.81596
2.522222222,9.08E+03,2.81637
2.5225,9.08E+03,2.81526
2.522777778,9.08E+03,2.81686
2.523055556,9.08E+03,2.81567
2.523333333,9.08E+03,2.81551
2.523611111,9.09E+03,2.81661
2.523888889,9.09E+03,2.81529
2.524166667,9.09E+03,2.8148
2.524444444,9.09E+03,2.81642
2.524722222,9.09E+03,2.81436
2.525,9.09E+03,2.81519
2.525277778,9.09E+03,2.81517
2.525555556,9.09E+03,2.81483
2.525833333,9.09E+03,2.81598
2.526111111,9.09E+03,2.81556
2.526388889,9.10E+03,2.8147
2.526666667,9.10E+03,2.81578
2.526944444,9.10E+03,2.81467
2.527222222,9.10E+03,2.81474
2.5275,9.10E+03,2.81565
2.527777778,9.10E+03,2.81458
2.528055556,9.10E+03,2.8151
2.528333333,9.10E+03,2.81598
2.528611111,9.10E+03,2.81468
2.528888889,9.10E+03,2.81512
2.529166667,9.11E+03,2.8147
2.529444444,9.11E+03,2.81484
2.529722222,9.11E+03,2.81461
2.53,9.11E+03,2.81404
2.530277778,9.11E+03,2.81391
2.530555556,9.11E+03,2.81506
2.530833333,9.11E+03,2.81412
2.531111111,9.11E+03,2.81385
2.531388889,9.11E+03,2.81406
2.531666667,9.11E+03,2.81337
2.531944444,9.11E+03,2.81464
2.532222222,9.12E+03,2.81365
2.5325,9.12E+03,2.81323
2.532777778,9.12E+03,2.81471
2.533055556,9.12E+03,2.81304
2.533333333,9.12E+03,2.81353
2.533611111,9.12E+03,2.81342
2.533888889,9.12E+03,2.81301
2.534166667,9.12E+03,2.81475
2.534444444,9.12E+03,2.8137
2.534722222,9.12E+03,2.81305
2.535,9.13E+03,2.81442
2.535277778,9.13E+03,2.81255
2.535555556,9.13E+03,2.81348
2.535833333,9.13E+03,2.81322
2.536111111,9.13E+03,2.81279
2.536388889,9.13E+03,2.81449
2.536666667,9.13E+03,2.81345
2.536944444,9.13E+03,2.81244
2.537222222,9.13E+03,2.81369
2.5375,9.14E+03,2.81166
2.537777778,9.14E+03,2.81291
2.538055556,9.14E+03,2.81222
2.538333333,9.14E+03,2.81193
2.538611111,9.14E+03,2.81377
2.538888889,9.14E+03,2.81271
2.539166667,9.14E+03,2.8121
2.539444444,9.14E+03,2.8131
2.539722222,9.14E+03,2.81147
2.54,9.14E+03,2.81217
2.540277778,9.15E+03,2.81198
2.540555556,9.15E+03,2.81145
2.540833333,9.15E+03,2.8135
2.541111111,9.15E+03,2.81196
2.541388889,9.15E+03,2.81117
2.541666667,9.15E+03,2.81353
2.541944444,9.15E+03,2.81178
2.542222222,9.15E+03,2.81205
2.5425,9.15E+03,2.81404
2.542777778,9.15E+03,2.813
2.543055556,9.16E+03,2.81299
2.543333333,9.16E+03,2.81369
2.543611111,9.16E+03,2.81222
2.543888889,9.16E+03,2.81305
2.544166667,9.16E+03,2.81297
2.544444444,9.16E+03,2.81241
2.544722222,9.16E+03,2.81339
2.545,9.16E+03,2.81386
2.545277778,9.16E+03,2.81222
2.545555556,9.16E+03,2.81319
2.545833333,9.16E+03,2.81289
2.546111111,9.17E+03,2.81279
2.546388889,9.17E+03,2.81244
2.546666667,9.17E+03,2.81241
2.546944444,9.17E+03,2.81216
2.547222222,9.17E+03,2.81247
2.5475,9.17E+03,2.81188
2.547777778,9.17E+03,2.81207
2.548055556,9.17E+03,2.81249
2.548333333,9.17E+03,2.81266
2.548611111,9.17E+03,2.81155
2.548888889,9.18E+03,2.81256
2.549166667,9.18E+03,2.8128
2.549444444,9.18E+03,2.81166
2.549722222,9.18E+03,2.81298
2.55,9.18E+03,2.81272
2.550277778,9.18E+03,2.81164
2.550555556,9.18E+03,2.81337
2.550833333,9.18E+03,2.81171
2.551111111,9.18E+03,2.81135
2.551388889,9.19E+03,2.81347
2.551666667,9.19E+03,2.81235
2.551944444,9.19E+03,2.81146
2.552222222,9.19E+03,2.81415
2.5525,9.19E+03,2.81236
2.552777778,9.19E+03,2.81154
2.553055556,9.19E+03,2.81309
2.553333333,9.19E+03,2.81169
2.553611111,9.19E+03,2.81091
2.553888889,9.19E+03,2.81188
2.554166667,9.20E+03,2.81073
2.554444444,9.20E+03,2.81044
2.554722222,9.20E+03,2.81114
2.555,9.20E+03,2.81004
2.555277778,9.20E+03,2.81035
2.555555556,9.20E+03,2.81067
2.555833333,9.20E+03,2.80958
2.556111111,9.20E+03,2.81072
2.556388889,9.20E+03,2.81011
2.556666667,9.20E+03,2.81062
2.556944444,9.20E+03,2.81139
2.557222222,9.21E+03,2.8105
2.5575,9.21E+03,2.81039
2.557777778,9.21E+03,2.81208
2.558055556,9.21E+03,2.81083
2.558333333,9.21E+03,2.81082
2.558611111,9.21E+03,2.81206
2.558888889,9.21E+03,2.81125
2.559166667,9.21E+03,2.81043
2.559444444,9.21E+03,2.81169
2.559722222,9.21E+03,2.81065
2.56,9.22E+03,2.81056
2.560277778,9.22E+03,2.81023
2.560555556,9.22E+03,2.81031
2.560833333,9.22E+03,2.81052
2.561111111,9.22E+03,2.81036
2.561388889,9.22E+03,2.81015
2.561666667,9.22E+03,2.80983
2.561944444,9.22E+03,2.81033
2.562222222,9.22E+03,2.81006
2.5625,9.23E+03,2.8104
2.562777778,9.23E+03,2.81041
2.563055556,9.23E+03,2.80925
2.563333333,9.23E+03,2.81037
2.563611111,9.23E+03,2.81004
2.563888889,9.23E+03,2.80941
2.564166667,9.23E+03,2.81072
2.564444444,9.23E+03,2.8097
2.564722222,9.23E+03,2.80899
2.565,9.23E+03,2.80973
2.565277778,9.24E+03,2.80841
2.565555556,9.24E+03,2.80898
2.565833333,9.24E+03,2.80925
2.566111111,9.24E+03,2.80868
2.566388889,9.24E+03,2.80991
2.566666667,9.24E+03,2.80871
2.566944444,9.24E+03,2.80817
2.567222222,9.24E+03,2.8084
2.5675,9.24E+03,2.80803
2.567777778,9.24E+03,2.80813
2.568055556,9.25E+03,2.808
2.568333333,9.25E+03,2.80752
2.568611111,9.25E+03,2.80759
2.568888889,9.25E+03,2.80696
2.569166667,9.25E+03,2.80675
2.569444444,9.25E+03,2.80772
2.569722222,9.25E+03,2.80743
2.57,9.25E+03,2.80737
2.570277778,9.25E+03,2.80698
2.570555556,9.25E+03,2.80714
2.570833333,9.25E+03,2.80769
2.571111111,9.26E+03,2.80747
2.571388889,9.26E+03,2.80715
2.571666667,9.26E+03,2.8087
2.571944444,9.26E+03,2.80762
2.572222222,9.26E+03,2.80792
2.5725,9.26E+03,2.80828
2.572777778,9.26E+03,2.80732
2.573055556,9.26E+03,2.80693
2.573333333,9.26E+03,2.80622
2.573611111,9.27E+03,2.80606
2.573888889,9.27E+03,2.80688
2.574166667,9.27E+03,2.80594
2.574444444,9.27E+03,2.80614
2.574722222,9.27E+03,2.80729
2.575,9.27E+03,2.80547
2.575277778,9.27E+03,2.80626
2.575555556,9.27E+03,2.80572
2.575833333,9.27E+03,2.80566
2.576111111,9.27E+03,2.8066
2.576388889,9.28E+03,2.80557
2.576666667,9.28E+03,2.80572
2.576944444,9.28E+03,2.80654
2.577222222,9.28E+03,2.80556
2.5775,9.28E+03,2.80527
2.577777778,9.28E+03,2.80645
2.578055556,9.28E+03,2.80546
2.578333333,9.28E+03,2.80536
2.578611111,9.28E+03,2.80702
2.578888889,9.28E+03,2.80575
2.579166667,9.29E+03,2.80488
2.579444444,9.29E+03,2.80605
2.579722222,9.29E+03,2.8059
2.58,9.29E+03,2.80569
2.580277778,9.29E+03,2.80702
2.580555556,9.29E+03,2.80584
2.580833333,9.29E+03,2.8067
2.581111111,9.29E+03,2.80718
2.581388889,9.29E+03,2.80623
2.581666667,9.29E+03,2.80636
2.581944444,9.29E+03,2.80731
2.582222222,9.30E+03,2.8064
2.5825,9.30E+03,2.80707
2.582777778,9.30E+03,2.80663
2.583055556,9.30E+03,2.80572
2.583333333,9.30E+03,2.80651
2.583611111,9.30E+03,2.80598
2.583888889,9.30E+03,2.80566
2.584166667,9.30E+03,2.80796
2.584444444,9.30E+03,2.80624
2.584722222,9.30E+03,2.80598
2.585,9.31E+03,2.80655
2.585277778,9.31E+03,2.8055
2.585555556,9.31E+03,2.8057
2.585833333,9.31E+03,2.8063
2.586111111,9.31E+03,2.80533
2.586388889,9.31E+03,2.8066
2.586666667,9.31E+03,2.80596
2.586944444,9.31E+03,2.80508
2.587222222,9.31E+03,2.80687
2.5875,9.32E+03,2.80603
2.587777778,9.32E+03,2.80574
2.588055556,9.32E+03,2.80781
2.588333333,9.32E+03,2.80652
2.588611111,9.32E+03,2.80536
2.588888889,9.32E+03,2.80713
2.589166667,9.32E+03,2.80668
2.589444444,9.32E+03,2.80565
2.589722222,9.32E+03,2.80744
2.59,9.32E+03,2.80643
2.590277778,9.33E+03,2.80647
2.590555556,9.33E+03,2.80668
2.590833333,9.33E+03,2.80691
2.591111111,9.33E+03,2.80631
2.591388889,9.33E+03,2.80636
2.591666667,9.33E+03,2.80602
2.591944444,9.33E+03,2.80632
2.592222222,9.33E+03,2.80525
2.5925,9.33E+03,2.80636
2.592777778,9.33E+03,2.80503
2.593055556,9.34E+03,2.80498
2.593333333,9.34E+03,2.80518
2.593611111,9.34E+03,2.80455
2.593888889,9.34E+03,2.80514
2.594166667,9.34E+03,2.80505
2.594444444,9.34E+03,2.80372
2.594722222,9.34E+03,2.80484
2.595,9.34E+03,2.80481
2.595277778,9.34E+03,2.80374
2.595555556,9.34E+03,2.80487
2.595833333,9.34E+03,2.80422
2.596111111,9.35E+03,2.80382
2.596388889,9.35E+03,2.80541
2.596666667,9.35E+03,2.80419
2.596944444,9.35E+03,2.80336
2.597222222,9.35E+03,2.80518
2.5975,9.35E+03,2.8042
2.597777778,9.35E+03,2.80322
2.598055556,9.35E+03,2.80489
2.598333333,9.35E+03,2.80319
2.598611111,9.36E+03,2.80361
2.598888889,9.36E+03,2.80462
2.599166667,9.36E+03,2.80354
2.599444444,9.36E+03,2.80315
2.599722222,9.36E+03,2.80481
2.6,9.36E+03,2.80303
2.600277778,9.36E+03,2.80347
2.600555556,9.36E+03,2.80331
2.600833333,9.36E+03,2.80318
2.601111111,9.36E+03,2.80387
2.601388889,9.37E+03,2.80337
2.601666667,9.37E+03,2.80283
2.601944444,9.37E+03,2.80421
2.602222222,9.37E+03,2.80259
2.6025,9.37E+03,2.80254
2.602777778,9.37E+03,2.80375
2.603055556,9.37E+03,2.80222
2.603333333,9.37E+03,2.80227
2.603611111,9.37E+03,2.80329
2.603888889,9.37E+03,2.80179
2.604166667,9.38E+03,2.80255
2.604444444,9.38E+03,2.80187
2.604722222,9.38E+03,2.80248
2.605,9.38E+03,2.8031
2.605277778,9.38E+03,2.80223
2.605555556,9.38E+03,2.80201
2.605833333,9.38E+03,2.80329
2.606111111,9.38E+03,2.80182
2.606388889,9.38E+03,2.80216
2.606666667,9.38E+03,2.80259
2.606944444,9.38E+03,2.80261
2.607222222,9.39E+03,2.80189
2.6075,9.39E+03,2.80291
2.607777778,9.39E+03,2.80234
2.608055556,9.39E+03,2.80131
2.608333333,9.39E+03,2.8025
2.608611111,9.39E+03,2.80238
2.608888889,9.39E+03,2.80197
2.609166667,9.39E+03,2.80349
2.609444444,9.39E+03,2.80228
2.609722222,9.39E+03,2.80136
2.61,9.40E+03,2.80207
2.610277778,9.40E+03,2.80131
2.610555556,9.40E+03,2.80076
2.610833333,9.40E+03,2.80318
2.611111111,9.40E+03,2.80123
2.611388889,9.40E+03,2.80043
2.611666667,9.40E+03,2.80254
2.611944444,9.40E+03,2.80123
2.612222222,9.40E+03,2.80073
2.6125,9.41E+03,2.80265
2.612777778,9.41E+03,2.80068
2.613055556,9.41E+03,2.80083
2.613333333,9.41E+03,2.80144
2.613611111,9.41E+03,2.80099
2.613888889,9.41E+03,2.80082
2.614166667,9.41E+03,2.80182
2.614444444,9.41E+03,2.80078
2.614722222,9.41E+03,2.80083
2.615,9.41E+03,2.80176
2.615277778,9.42E+03,2.80132
2.615555556,9.42E+03,2.80071
2.615833333,9.42E+03,2.8014
2.616111111,9.42E+03,2.80081
2.616388889,9.42E+03,2.80035
2.616666667,9.42E+03,2.80124
2.616944444,9.42E+03,2.8012
2.617222222,9.42E+03,2.79999
2.6175,9.42E+03,2.80099
2.617777778,9.42E+03,2.80027
2.618055556,9.43E+03,2.79909
2.618333333,9.43E+03,2.80073
2.618611111,9.43E+03,2.79994
2.618888889,9.43E+03,2.79927
2.619166667,9.43E+03,2.80163
2.619444444,9.43E+03,2.80014
2.619722222,9.43E+03,2.79917
2.62,9.43E+03,2.80136
2.620277778,9.43E+03,2.80024
2.620555556,9.43E+03,2.79923
2.620833333,9.43E+03,2.80125
2.621111111,9.44E+03,2.79922
2.621388889,9.44E+03,2.79969
2.621666667,9.44E+03,2.80024
2.621944444,9.44E+03,2.79975
2.622222222,9.44E+03,2.79998
2.6225,9.44E+03,2.80111
2.622777778,9.44E+03,2.79941
2.623055556,9.44E+03,2.79998
2.623333333,9.44E+03,2.80077
2.623611111,9.45E+03,2.80003
2.623888889,9.45E+03,2.80016
2.624166667,9.45E+03,2.80158
2.624444444,9.45E+03,2.80004
2.624722222,9.45E+03,2.80003
2.625,9.45E+03,2.80036
2.625277778,9.45E+03,2.80048
2.625555556,9.45E+03,2.80007
2.625833333,9.45E+03,2.80051
2.626111111,9.45E+03,2.79998
2.626388889,9.46E+03,2.79855
2.626666667,9.46E+03,2.80045
2.626944444,9.46E+03,2.79953
2.627222222,9.46E+03,2.79941
2.6275,9.46E+03,2.80223
2.627777778,9.46E+03,2.79992
2.628055556,9.46E+03,2.79917
2.628333333,9.46E+03,2.80155
2.628611111,9.46E+03,2.80016
2.628888889,9.46E+03,2.79965
2.629166667,9.47E+03,2.80205
2.629444444,9.47E+03,2.79943
2.629722222,9.47E+03,2.80002
2.63,9.47E+03,2.80034
2.630277778,9.47E+03,2.79974
2.630555556,9.47E+03,2.80028
2.630833333,9.47E+03,2.80043
2.631111111,9.47E+03,2.7997
2.631388889,9.47E+03,2.80032
2.631666667,9.47E+03,2.80011
2.631944444,9.48E+03,2.80024
2.632222222,9.48E+03,2.80076
2.6325,9.48E+03,2.80111
2.632777778,9.48E+03,2.79962
2.633055556,9.48E+03,2.80006
2.633333333,9.48E+03,2.79877
2.633611111,9.48E+03,2.79945
2.633888889,9.48E+03,2.80035
2.634166667,9.48E+03,2.79999
2.634444444,9.48E+03,2.79992
2.634722222,9.48E+03,2.80071
2.635,9.49E+03,2.7999
2.635277778,9.49E+03,2.79994
2.635555556,9.49E+03,2.79997
2.635833333,9.49E+03,2.80045
2.636111111,9.49E+03,2.79996
2.636388889,9.49E+03,2.80044
2.636666667,9.49E+03,2.79952
2.636944444,9.49E+03,2.80037
2.637222222,9.49E+03,2.79963
2.6375,9.50E+03,2.7997
2.637777778,9.50E+03,2.80042
2.638055556,9.50E+03,2.80035
2.638333333,9.50E+03,2.79967
2.638611111,9.50E+03,2.80073
2.638888889,9.50E+03,2.8006
2.639166667,9.50E+03,2.80003
2.639444444,9.50E+03,2.80069
2.639722222,9.50E+03,2.8012
2.64,9.50E+03,2.80021
2.640277778,9.51E+03,2.80163
2.640555556,9.51E+03,2.79954
2.640833333,9.51E+03,2.79988
2.641111111,9.51E+03,2.80099
2.641388889,9.51E+03,2.80009
2.641666667,9.51E+03,2.80005
2.641944444,9.51E+03,2.80104
2.642222222,9.51E+03,2.79919
2.6425,9.51E+03,2.80009
2.642777778,9.51E+03,2.80056
2.643055556,9.52E+03,2.79907
2.643333333,9.52E+03,2.8001
2.643611111,9.52E+03,2.79992
2.643888889,9.52E+03,2.79914
2.644166667,9.52E+03,2.80091
2.644444444,9.52E+03,2.79913
2.644722222,9.52E+03,2.79854
2.645,9.52E+03,2.80097
2.645277778,9.52E+03,2.7997
2.645555556,9.52E+03,2.79832
2.645833333,9.52E+03,2.80023
2.646111111,9.53E+03,2.79855
2.646388889,9.53E+03,2.7997
2.646666667,9.53E+03,2.80041
2.646944444,9.53E+03,2.79982
2.647222222,9.53E+03,2.79917
2.6475,9.53E+03,2.80042
2.647777778,9.53E+03,2.79891
2.648055556,9.53E+03,2.79884
2.648333333,9.53E+03,2.79929
2.648611111,9.54E+03,2.7991
2.648888889,9.54E+03,2.79903
2.649166667,9.54E+03,2.79966
2.649444444,9.54E+03,2.79906
2.649722222,9.54E+03,2.79924
2.65,9.54E+03,2.79929
2.650277778,9.54E+03,2.79925
2.650555556,9.54E+03,2.79879
2.650833333,9.54E+03,2.79957
2.651111111,9.54E+03,2.79786
2.651388889,9.55E+03,2.79817
2.651666667,9.55E+03,2.79963
2.651944444,9.55E+03,2.79906
2.652222222,9.55E+03,2.79814
2.6525,9.55E+03,2.79913
2.652777778,9.55E+03,2.79764
2.653055556,9.55E+03,2.7971
2.653333333,9.55E+03,2.79849
2.653611111,9.55E+03,2.79742
2.653888889,9.55E+03,2.797
2.654166667,9.56E+03,2.79722
2.654444444,9.56E+03,2.798
2.654722222,9.56E+03,2.79804
2.655,9.56E+03,2.79972
2.655277778,9.56E+03,2.79959
2.655555556,9.56E+03,2.7985
2.655833333,9.56E+03,2.79809
2.656111111,9.56E+03,2.79929
2.656388889,9.56E+03,2.79874
2.656666667,9.56E+03,2.79788
2.656944444,9.56E+03,2.80024
2.657222222,9.57E+03,2.79819
2.6575,9.57E+03,2.79778
2.657777778,9.57E+03,2.79968
2.658055556,9.57E+03,2.79839
2.658333333,9.57E+03,2.79764
2.658611111,9.57E+03,2.79916
2.658888889,9.57E+03,2.79766
2.659166667,9.57E+03,2.79737
2.659444444,9.57E+03,2.79811
2.659722222,9.57E+03,2.79804
2.66,9.58E+03,2.79722
2.660277778,9.58E+03,2.798
2.660555556,9.58E+03,2.7976
2.660833333,9.58E+03,2.79717
2.661111111,9.58E+03,2.79758
2.661388889,9.58E+03,2.79767
2.661666667,9.58E+03,2.79586
2.661944444,9.58E+03,2.79654
2.662222222,9.58E+03,2.79695
2.6625,9.59E+03,2.79578
2.662777778,9.59E+03,2.7965
2.663055556,9.59E+03,2.79658
2.663333333,9.59E+03,2.79538
2.663611111,9.59E+03,2.79611
2.663888889,9.59E+03,2.79594
2.664166667,9.59E+03,2.79522
2.664444444,9.59E+03,2.79558
2.664722222,9.59E+03,2.79702
2.665,9.59E+03,2.79532
2.665277778,9.60E+03,2.79467
2.665555556,9.60E+03,2.79623
2.665833333,9.60E+03,2.79576
2.666111111,9.60E+03,2.79466
2.666388889,9.60E+03,2.79498
2.666666667,9.60E+03,2.79595
2.666944444,9.60E+03,2.79527
2.667222222,9.60E+03,2.79479
2.6675,9.60E+03,2.79654
2.667777778,9.60E+03,2.79435
2.668055556,9.61E+03,2.79435
2.668333333,9.61E+03,2.79535
2.668611111,9.61E+03,2.79437
2.668888889,9.61E+03,2.79415
2.669166667,9.61E+03,2.79466
2.669444444,9.61E+03,2.79427
2.669722222,9.61E+03,2.79403
2.67,9.61E+03,2.79457
2.670277778,9.61E+03,2.79527
2.670555556,9.61E+03,2.79367
2.670833333,9.61E+03,2.79355
2.671111111,9.62E+03,2.79394
2.671388889,9.62E+03,2.79249
2.671666667,9.62E+03,2.79321
2.671944444,9.62E+03,2.7938
2.672222222,9.62E+03,2.79274
2.6725,9.62E+03,2.79375
2.672777778,9.62E+03,2.79334
2.673055556,9.62E+03,2.79337
2.673333333,9.62E+03,2.79417
2.673611111,9.62E+03,2.7943
2.673888889,9.63E+03,2.79293
2.674166667,9.63E+03,2.79376
2.674444444,9.63E+03,2.79352
2.674722222,9.63E+03,2.79334
2.675,9.63E+03,2.7935
2.675277778,9.63E+03,2.79373
2.675555556,9.63E+03,2.79249
2.675833333,9.63E+03,2.79263
2.676111111,9.63E+03,2.79311
2.676388889,9.64E+03,2.79331
2.676666667,9.64E+03,2.79247
2.676944444,9.64E+03,2.79405
2.677222222,9.64E+03,2.79252
2.6775,9.64E+03,2.79193
2.677777778,9.64E+03,2.79343
2.678055556,9.64E+03,2.7936
2.678333333,9.64E+03,2.79223
2.678611111,9.64E+03,2.79258
2.678888889,9.64E+03,2.79342
2.679166667,9.65E+03,2.79308
2.679444444,9.65E+03,2.79199
2.679722222,9.65E+03,2.79241
2.68,9.65E+03,2.79299
2.680277778,9.65E+03,2.79223
2.680555556,9.65E+03,2.79171
2.680833333,9.65E+03,2.79326
2.681111111,9.65E+03,2.79115
2.681388889,9.65E+03,2.79093
2.681666667,9.65E+03,2.79269
2.681944444,9.65E+03,2.79138
2.682222222,9.66E+03,2.79106
2.6825,9.66E+03,2.79295
2.682777778,9.66E+03,2.79148
2.683055556,9.66E+03,2.79179
2.683333333,9.66E+03,2.79305
2.683611111,9.66E+03,2.79251
2.683888889,9.66E+03,2.79139
2.684166667,9.66E+03,2.7921
2.684444444,9.66E+03,2.79113
2.684722222,9.66E+03,2.79092
2.685,9.67E+03,2.79207
2.685277778,9.67E+03,2.79192
2.685555556,9.67E+03,2.79105
2.685833333,9.67E+03,2.7922
2.686111111,9.67E+03,2.7918
2.686388889,9.67E+03,2.78996
2.686666667,9.67E+03,2.79151
2.686944444,9.67E+03,2.79056
2.687222222,9.67E+03,2.7899
2.6875,9.68E+03,2.79176
2.687777778,9.68E+03,2.79046
2.688055556,9.68E+03,2.78941
2.688333333,9.68E+03,2.79135
2.688611111,9.68E+03,2.79057
2.688888889,9.68E+03,2.78963
2.689166667,9.68E+03,2.79018
2.689444444,9.68E+03,2.78958
2.689722222,9.68E+03,2.79023
2.69,9.68E+03,2.78982
2.690277778,9.69E+03,2.79121
2.690555556,9.69E+03,2.78959
2.690833333,9.69E+03,2.78878
2.691111111,9.69E+03,2.78945
2.691388889,9.69E+03,2.78887
2.691666667,9.69E+03,2.7885
2.691944444,9.69E+03,2.79067
2.692222222,9.69E+03,2.78827
2.6925,9.69E+03,2.7873
2.692777778,9.69E+03,2.78919
2.693055556,9.70E+03,2.78831
2.693333333,9.70E+03,2.78716
2.693611111,9.70E+03,2.78949
2.693888889,9.70E+03,2.78775
2.694166667,9.70E+03,2.78722
2.694444444,9.70E+03,2.78821
2.694722222,9.70E+03,2.78781
2.695,9.70E+03,2.78715
2.695277778,9.70E+03,2.78734
2.695555556,9.70E+03,2.78729
2.695833333,9.70E+03,2.7875
2.696111111,9.71E+03,2.7868
2.696388889,9.71E+03,2.78891
2.696666667,9.71E+03,2.78672
2.696944444,9.71E+03,2.78598
2.697222222,9.71E+03,2.78731
2.6975,9.71E+03,2.78662
2.697777778,9.71E+03,2.78589
2.698055556,9.71E+03,2.78728
2.698333333,9.71E+03,2.78603
2.698611111,9.72E+03,2.78615
2.698888889,9.72E+03,2.78619
2.699166667,9.72E+03,2.78737
2.699444444,9.72E+03,2.78572
2.699722222,9.72E+03,2.78528
2.7,9.72E+03,2.78618
2.700277778,9.72E+03,2.7856
2.700555556,9.72E+03,2.78523
2.700833333,9.72E+03,2.78722
2.701111111,9.72E+03,2.78525
2.701388889,9.73E+03,2.78493
2.701666667,9.73E+03,2.78649
2.701944444,9.73E+03,2.78516
2.702222222,9.73E+03,2.78424
2.7025,9.73E+03,2.78691
2.702777778,9.73E+03,2.78487
2.703055556,9.73E+03,2.78428
2.703333333,9.73E+03,2.78575
2.703611111,9.73E+03,2.78473
2.703888889,9.73E+03,2.78429
2.704166667,9.74E+03,2.7851
2.704444444,9.74E+03,2.78385
2.704722222,9.74E+03,2.78452
2.705,9.74E+03,2.78434
2.705277778,9.74E+03,2.78355
2.705555556,9.74E+03,2.7848
2.705833333,9.74E+03,2.78471
2.706111111,9.74E+03,2.78314
2.706388889,9.74E+03,2.78554
2.706666667,9.74E+03,2.78384
2.706944444,9.74E+03,2.78375
2.707222222,9.75E+03,2.78458
2.7075,9.75E+03,2.78374
2.707777778,9.75E+03,2.78372
2.708055556,9.75E+03,2.78403
2.708333333,9.75E+03,2.78295
2.708611111,9.75E+03,2.78465
2.708888889,9.75E+03,2.78364
2.709166667,9.75E+03,2.78315
2.709444444,9.75E+03,2.78389
2.709722222,9.75E+03,2.78319
2.71,9.76E+03,2.78262
2.710277778,9.76E+03,2.78417
2.710555556,9.76E+03,2.7826
2.710833333,9.76E+03,2.78322
2.711111111,9.76E+03,2.78314
2.711388889,9.76E+03,2.78254
2.711666667,9.76E+03,2.78315
2.711944444,9.76E+03,2.78254
2.712222222,9.76E+03,2.78188
2.7125,9.77E+03,2.78281
2.712777778,9.77E+03,2.78187
2.713055556,9.77E+03,2.78186
2.713333333,9.77E+03,2.78284
2.713611111,9.77E+03,2.78208
2.713888889,9.77E+03,2.78172
2.714166667,9.77E+03,2.78346
2.714444444,9.77E+03,2.78175
2.714722222,9.77E+03,2.7823
2.715,9.77E+03,2.78155
2.715277778,9.78E+03,2.78152
2.715555556,9.78E+03,2.78215
2.715833333,9.78E+03,2.78108
2.716111111,9.78E+03,2.7808
2.716388889,9.78E+03,2.78212
2.716666667,9.78E+03,2.78083
2.716944444,9.78E+03,2.78105
2.717222222,9.78E+03,2.78112
2.7175,9.78E+03,2.78098
2.717777778,9.78E+03,2.78117
2.718055556,9.79E+03,2.7807
2.718333333,9.79E+03,2.78031
2.718611111,9.79E+03,2.78158
2.718888889,9.79E+03,2.7805
2.719166667,9.79E+03,2.78015
2.719444444,9.79E+03,2.78187
2.719722222,9.79E+03,2.78091
2.72,9.79E+03,2.78099
2.720277778,9.79E+03,2.78228
2.720555556,9.79E+03,2.78064
2.720833333,9.79E+03,2.78146
2.721111111,9.80E+03,2.7808
2.721388889,9.80E+03,2.78108
2.721666667,9.80E+03,2.78083
2.721944444,9.80E+03,2.78166
2.722222222,9.80E+03,2.78094
2.7225,9.80E+03,2.78075
2.722777778,9.80E+03,2.78121
2.723055556,9.80E+03,2.78072
2.723333333,9.80E+03,2.78148
2.723611111,9.81E+03,2.78347
2.723888889,9.81E+03,2.78218
2.724166667,9.81E+03,2.78213
2.724444444,9.81E+03,2.78318
2.724722222,9.81E+03,2.78144
2.725,9.81E+03,2.78201
2.725277778,9.81E+03,2.78165
2.725555556,9.81E+03,2.78037
2.725833333,9.81E+03,2.78229
2.726111111,9.81E+03,2.78118
2.726388889,9.82E+03,2.78031
2.726666667,9.82E+03,2.78212
2.726944444,9.82E+03,2.78097
2.727222222,9.82E+03,2.78024
2.7275,9.82E+03,2.78112
2.727777778,9.82E+03,2.78003
2.728055556,9.82E+03,2.78073
2.728333333,9.82E+03,2.78053
2.728611111,9.82E+03,2.77951
2.728888889,9.82E+03,2.78095
2.729166667,9.83E+03,2.78026
2.729444444,9.83E+03,2.77905
2.729722222,9.83E+03,2.78109
2.73,9.83E+03,2.77954
2.730277778,9.83E+03,2.77937
2.730555556,9.83E+03,2.78039
2.730833333,9.83E+03,2.77925
2.731111111,9.83E+03,2.77924
2.731388889,9.83E+03,2.78011
2.731666667,9.83E+03,2.77875
2.731944444,9.83E+03,2.77949
2.732222222,9.84E+03,2.77937
2.7325,9.84E+03,2.77903
2.732777778,9.84E+03,2.7795
2.733055556,9.84E+03,2.77924
2.733333333,9.84E+03,2.77867
2.733611111,9.84E+03,2.77965
2.733888889,9.84E+03,2.77832
2.734166667,9.84E+03,2.77834
2.734444444,9.84E+03,2.77906
2.734722222,9.84E+03,2.7784
2.735,9.85E+03,2.77863
2.735277778,9.85E+03,2.77845
2.735555556,9.85E+03,2.77767
2.735833333,9.85E+03,2.77883
2.736111111,9.85E+03,2.7782
2.736388889,9.85E+03,2.7783
2.736666667,9.85E+03,2.77867
2.736944444,9.85E+03,2.77778
2.737222222,9.85E+03,2.77876
2.7375,9.86E+03,2.77802
2.737777778,9.86E+03,2.77697
2.738055556,9.86E+03,2.77842
2.738333333,9.86E+03,2.77741
2.738611111,9.86E+03,2.77723
2.738888889,9.86E+03,2.77836
2.739166667,9.86E+03,2.77699
2.739444444,9.86E+03,2.7776
2.739722222,9.86E+03,2.77732
2.74,9.86E+03,2.77642
2.740277778,9.87E+03,2.77795
2.740555556,9.87E+03,2.77681
2.740833333,9.87E+03,2.77614
2.741111111,9.87E+03,2.77746
2.741388889,9.87E+03,2.77635
2.741666667,9.87E+03,2.77632
2.741944444,9.87E+03,2.77639
2.742222222,9.87E+03,2.77569
2.7425,9.87E+03,2.77733
2.742777778,9.87E+03,2.77616
2.743055556,9.88E+03,2.77562
2.743333333,9.88E+03,2.77706
2.743611111,9.88E+03,2.7757
2.743888889,9.88E+03,2.77538
2.744166667,9.88E+03,2.77617
2.744444444,9.88E+03,2.77505
2.744722222,9.88E+03,2.77607
2.745,9.88E+03,2.77527
2.745277778,9.88E+03,2.77481
2.745555556,9.88E+03,2.77616
2.745833333,9.88E+03,2.77502
2.746111111,9.89E+03,2.77458
2.746388889,9.89E+03,2.77597
2.746666667,9.89E+03,2.77472
2.746944444,9.89E+03,2.77431
2.747222222,9.89E+03,2.77551
2.7475,9.89E+03,2.77433
2.747777778,9.89E+03,2.77446
2.748055556,9.89E+03,2.77577
2.748333333,9.89E+03,2.77475
2.748611111,9.90E+03,2.77403
2.748888889,9.90E+03,2.77515
2.749166667,9.90E+03,2.7747
2.749444444,9.90E+03,2.77441
2.749722222,9.90E+03,2.77494
2.75,9.90E+03,2.77372
2.750277778,9.90E+03,2.77464
2.750555556,9.90E+03,2.77406
2.750833333,9.90E+03,2.77363
2.751111111,9.90E+03,2.77483
2.751388889,9.91E+03,2.77407
2.751666667,9.91E+03,2.77428
2.751944444,9.91E+03,2.77445
2.752222222,9.91E+03,2.77298
2.7525,9.91E+03,2.77371
2.752777778,9.91E+03,2.77276
2.753055556,9.91E+03,2.77279
2.753333333,9.91E+03,2.7734
2.753611111,9.91E+03,2.77232
2.753888889,9.91E+03,2.77381
2.754166667,9.92E+03,2.77264
2.754444444,9.92E+03,2.77226
2.754722222,9.92E+03,2.7731
2.755,9.92E+03,2.77171
2.755277778,9.92E+03,2.77364
2.755555556,9.92E+03,2.77233
2.755833333,9.92E+03,2.77166
2.756111111,9.92E+03,2.77218
2.756388889,9.92E+03,2.77115
2.756666667,9.92E+03,2.77244
2.756944444,9.93E+03,2.77191
2.757222222,9.93E+03,2.77143
2.7575,9.93E+03,2.77164
2.757777778,9.93E+03,2.77109
2.758055556,9.93E+03,2.77249
2.758333333,9.93E+03,2.771
2.758611111,9.93E+03,2.77176
2.758888889,9.93E+03,2.77093
2.759166667,9.93E+03,2.7707
2.759444444,9.93E+03,2.77165
2.759722222,9.93E+03,2.77025
2.76,9.94E+03,2.77174
2.760277778,9.94E+03,2.77063
2.760555556,9.94E+03,2.77014
2.760833333,9.94E+03,2.77133
2.761111111,9.94E+03,2.76958
2.761388889,9.94E+03,2.77133
2.761666667,9.94E+03,2.7706
2.761944444,9.94E+03,2.76973
2.762222222,9.94E+03,2.771
2.7625,9.95E+03,2.76972
2.762777778,9.95E+03,2.77008
2.763055556,9.95E+03,2.77045
2.763333333,9.95E+03,2.76991
2.763611111,9.95E+03,2.77113
2.763888889,9.95E+03,2.77017
2.764166667,9.95E+03,2.7707
2.764444444,9.95E+03,2.76988
2.764722222,9.95E+03,2.76971
2.765,9.95E+03,2.77031
2.765277778,9.96E+03,2.76945
2.765555556,9.96E+03,2.77087
2.765833333,9.96E+03,2.76966
2.766111111,9.96E+03,2.76954
2.766388889,9.96E+03,2.76956
2.766666667,9.96E+03,2.76894
2.766944444,9.96E+03,2.77102
2.767222222,9.96E+03,2.76948
2.7675,9.96E+03,2.76856
2.767777778,9.96E+03,2.77024
2.768055556,9.97E+03,2.76871
2.768333333,9.97E+03,2.76893
2.768611111,9.97E+03,2.76929
2.768888889,9.97E+03,2.76817
2.769166667,9.97E+03,2.77053
2.769444444,9.97E+03,2.76853
2.769722222,9.97E+03,2.76767
2.77,9.97E+03,2.76864
2.770277778,9.97E+03,2.76768
2.770555556,9.97E+03,2.76791
2.770833333,9.97E+03,2.76768
2.771111111,9.98E+03,2.76694
2.771388889,9.98E+03,2.76888
2.771666667,9.98E+03,2.7673
2.771944444,9.98E+03,2.76754
2.772222222,9.98E+03,2.76687
2.7725,9.98E+03,2.76664
2.772777778,9.98E+03,2.76724
2.773055556,9.98E+03,2.76672
2.773333333,9.98E+03,2.76734
2.773611111,9.99E+03,2.76681
2.773888889,9.99E+03,2.76682
2.774166667,9.99E+03,2.76677
2.774444444,9.99E+03,2.7661
2.774722222,9.99E+03,2.76833
2.775,9.99E+03,2.76647
2.775277778,9.99E+03,2.76595
2.775555556,9.99E+03,2.76705
2.775833333,9.99E+03,2.76537
2.776111111,9.99E+03,2.76708
2.776388889,1.00E+04,2.766
2.776666667,1.00E+04,2.76606
2.776944444,1.00E+04,2.76669
2.777222222,1.00E+04,2.7654
2.7775,1.00E+04,2.76689
2.777777778,1.00E+04,2.76553
2.778055556,1.00E+04,2.76561
2.778333333,1.00E+04,2.76516
2.778611111,1.00E+04,2.76524
2.778888889,1.00E+04,2.76556
2.779166667,1.00E+04,2.76535
2.779444444,1.00E+04,2.76475
2.779722222,1.00E+04,2.76669
2.78,1.00E+04,2.76493
2.780277778,1.00E+04,2.76506
2.780555556,1.00E+04,2.7641
2.780833333,1.00E+04,2.76394
2.781111111,1.00E+04,2.76482
2.781388889,1.00E+04,2.76402
2.781666667,1.00E+04,2.76544
2.781944444,1.00E+04,2.76452
2.782222222,1.00E+04,2.76366
2.7825,1.00E+04,2.76544
2.782777778,1.00E+04,2.76384
2.783055556,1.00E+04,2.76516
2.783333333,1.00E+04,2.76437
2.783611111,1.00E+04,2.76388
2.783888889,1.00E+04,2.76598
2.784166667,1.00E+04,2.76509
2.784444444,1.00E+04,2.7639
2.784722222,1.00E+04,2.76596
2.785,1.00E+04,2.76353
2.785277778,1.00E+04,2.76417
2.785555556,1.00E+04,2.76434
2.785833333,1.00E+04,2.76312
2.786111111,1.00E+04,2.76463
2.786388889,1.00E+04,2.76366
2.786666667,1.00E+04,2.76319
2.786944444,1.00E+04,2.7656
2.787222222,1.00E+04,2.76322
2.7875,1.00E+04,2.76332
2.787777778,1.00E+04,2.76419
2.788055556,1.00E+04,2.76265
2.788333333,1.00E+04,2.76317
2.788611111,1.00E+04,2.76292
2.788888889,1.00E+04,2.76263
2.789166667,1.00E+04,2.76441
2.789444444,1.00E+04,2.76294
2.789722222,1.00E+04,2.76202
2.79,1.00E+04,2.7637
2.790277778,1.00E+04,2.76241
2.790555556,1.00E+04,2.76223
2.790833333,1.00E+04,2.76265
2.791111111,1.00E+04,2.76198
2.791388889,1.00E+04,2.76459
2.791666667,1.01E+04,2.76219
2.791944444,1.01E+04,2.76188
2.792222222,1.01E+04,2.76297
2.7925,1.01E+04,2.76221
2.792777778,1.01E+04,2.76294
2.793055556,1.01E+04,2.76254
2.793333333,1.01E+04,2.76164
2.793611111,1.01E+04,2.76406
2.793888889,1.01E+04,2.76211
2.794166667,1.01E+04,2.7618
2.794444444,1.01E+04,2.76212
2.794722222,1.01E+04,2.76151
2.795,1.01E+04,2.76207
2.795277778,1.01E+04,2.76209
2.795555556,1.01E+04,2.76135
2.795833333,1.01E+04,2.76305
2.796111111,1.01E+04,2.76153
2.796388889,1.01E+04,2.76089
2.796666667,1.01E+04,2.76122
2.796944444,1.01E+04,2.76094
2.797222222,1.01E+04,2.76128
2.7975,1.01E+04,2.76121
2.797777778,1.01E+04,2.7604
2.798055556,1.01E+04,2.76145
2.798333333,1.01E+04,2.76107
2.798611111,1.01E+04,2.76035
2.798888889,1.01E+04,2.76072
2.799166667,1.01E+04,2.76078
2.799444444,1.01E+04,2.76028
2.799722222,1.01E+04,2.76151
2.8,1.01E+04,2.76052
2.800277778,1.01E+04,2.76048
2.800555556,1.01E+04,2.76036
2.800833333,1.01E+04,2.76011
2.801111111,1.01E+04,2.76124
2.801388889,1.01E+04,2.76072
2.801666667,1.01E+04,2.75962
2.801944444,1.01E+04,2.76149
2.802222222,1.01E+04,2.76023
2.8025,1.01E+04,2.75927
2.802777778,1.01E+04,2.76113
2.803055556,1.01E+04,2.76017
2.803333333,1.01E+04,2.76008
2.803611111,1.01E+04,2.76132
2.803888889,1.01E+04,2.75944
2.804166667,1.01E+04,2.7604
2.804444444,1.01E+04,2.76026
2.804722222,1.01E+04,2.75913
2.805,1.01E+04,2.76
2.805277778,1.01E+04,2.75931
2.805555556,1.01E+04,2.75891
2.805833333,1.01E+04,2.76057
2.806111111,1.01E+04,2.75898
2.806388889,1.01E+04,2.75866
2.806666667,1.01E+04,2.75923
2.806944444,1.01E+04,2.75756
2.807222222,1.01E+04,2.75873
2.8075,1.01E+04,2.75885
2.807777778,1.01E+04,2.75808
2.808055556,1.01E+04,2.75966
2.808333333,1.01E+04,2.75776
2.808611111,1.01E+04,2.75771
2.808888889,1.01E+04,2.75839
2.809166667,1.01E+04,2.7575
2.809444444,1.01E+04,2.75808
2.809722222,1.01E+04,2.75796
2.81,1.01E+04,2.7575
2.810277778,1.01E+04,2.75825
2.810555556,1.01E+04,2.75711
2.810833333,1.01E+04,2.75706
2.811111111,1.01E+04,2.75718
2.811388889,1.01E+04,2.75683
2.811666667,1.01E+04,2.75777
2.811944444,1.01E+04,2.75769
2.812222222,1.01E+04,2.75789
2.8125,1.01E+04,2.75743
2.812777778,1.01E+04,2.75642
2.813055556,1.01E+04,2.758
2.813333333,1.01E+04,2.75605
2.813611111,1.01E+04,2.75645
2.813888889,1.01E+04,2.7572
2.814166667,1.01E+04,2.75673
2.814444444,1.01E+04,2.75741
2.814722222,1.01E+04,2.75683
2.815,1.01E+04,2.75543
2.815277778,1.01E+04,2.75781
2.815555556,1.01E+04,2.75585
2.815833333,1.01E+04,2.75648
2.816111111,1.01E+04,2.75706
2.816388889,1.01E+04,2.75588
2.816666667,1.01E+04,2.75602
2.816944444,1.01E+04,2.75735
2.817222222,1.01E+04,2.75539
2.8175,1.01E+04,2.75651
2.817777778,1.01E+04,2.75599
2.818055556,1.01E+04,2.75617
2.818333333,1.01E+04,2.75641
2.818611111,1.01E+04,2.75691
2.818888889,1.01E+04,2.75563
2.819166667,1.01E+04,2.75596
2.819444444,1.02E+04,2.75638
2.819722222,1.02E+04,2.75643
2.82,1.02E+04,2.75489
2.820277778,1.02E+04,2.75595
2.820555556,1.02E+04,2.75524
2.820833333,1.02E+04,2.75443
2.821111111,1.02E+04,2.75513
2.821388889,1.02E+04,2.75513
2.821666667,1.02E+04,2.75386
2.821944444,1.02E+04,2.75578
2.822222222,1.02E+04,2.75292
2.8225,1.02E+04,2.75256
2.822777778,1.02E+04,2.75495
2.823055556,1.02E+04,2.75364
2.823333333,1.02E+04,2.7533
2.823611111,1.02E+04,2.75437
2.823888889,1.02E+04,2.75236
2.824166667,1.02E+04,2.75355
2.824444444,1.02E+04,2.75335
2.824722222,1.02E+04,2.75218
2.825,1.02E+04,2.754
2.825277778,1.02E+04,2.75423
2.825555556,1.02E+04,2.75266
2.825833333,1.02E+04,2.75368
2.826111111,1.02E+04,2.75323
2.826388889,1.02E+04,2.75204
2.826666667,1.02E+04,2.75305
2.826944444,1.02E+04,2.75257
2.827222222,1.02E+04,2.7511
2.8275,1.02E+04,2.75124
2.827777778,1.02E+04,2.75185
2.828055556,1.02E+04,2.75106
2.828333333,1.02E+04,2.75024
2.828611111,1.02E+04,2.75064
2.828888889,1.02E+04,2.7509
2.829166667,1.02E+04,2.74948
2.829444444,1.02E+04,2.75022
2.829722222,1.02E+04,2.75098
2.83,1.02E+04,2.7492
2.830277778,1.02E+04,2.74981
2.830555556,1.02E+04,2.75111
2.830833333,1.02E+04,2.74968
2.831111111,1.02E+04,2.74975
2.831388889,1.02E+04,2.75094
2.831666667,1.02E+04,2.74895
2.831944444,1.02E+04,2.74954
2.832222222,1.02E+04,2.74959
2.8325,1.02E+04,2.7497
2.832777778,1.02E+04,2.74888
2.833055556,1.02E+04,2.74841
2.833333333,1.02E+04,2.75016
2.833611111,1.02E+04,2.74956
2.833888889,1.02E+04,2.74813
2.834166667,1.02E+04,2.75006
2.834444444,1.02E+04,2.74834
2.834722222,1.02E+04,2.74781
2.835,1.02E+04,2.74962
2.835277778,1.02E+04,2.74854
2.835555556,1.02E+04,2.74699
2.835833333,1.02E+04,2.74943
2.836111111,1.02E+04,2.74718
2.836388889,1.02E+04,2.74798
2.836666667,1.02E+04,2.74874
2.836944444,1.02E+04,2.74764
2.837222222,1.02E+04,2.74746
2.8375,1.02E+04,2.74827
2.837777778,1.02E+04,2.74794
2.838055556,1.02E+04,2.7481
2.838333333,1.02E+04,2.74736
2.838611111,1.02E+04,2.74884
2.838888889,1.02E+04,2.74675
2.839166667,1.02E+04,2.7462
2.839444444,1.02E+04,2.74706
2.839722222,1.02E+04,2.74712
2.84,1.02E+04,2.74595
2.840277778,1.02E+04,2.74607
2.840555556,1.02E+04,2.74682
2.840833333,1.02E+04,2.74647
2.841111111,1.02E+04,2.74584
2.841388889,1.02E+04,2.74642
2.841666667,1.02E+04,2.74648
2.841944444,1.02E+04,2.74578
2.842222222,1.02E+04,2.746
2.8425,1.02E+04,2.74658
2.842777778,1.02E+04,2.74495
2.843055556,1.02E+04,2.74533
2.843333333,1.02E+04,2.74621
2.843611111,1.02E+04,2.7451
2.843888889,1.02E+04,2.74538
2.844166667,1.02E+04,2.74636
2.844444444,1.02E+04,2.745
2.844722222,1.02E+04,2.74507
2.845,1.02E+04,2.7461
2.845277778,1.02E+04,2.74482
2.845555556,1.02E+04,2.7446
2.845833333,1.02E+04,2.74485
2.846111111,1.02E+04,2.74531
2.846388889,1.02E+04,2.74491
2.846666667,1.02E+04,2.74467
2.846944444,1.02E+04,2.74677
2.847222222,1.03E+04,2.74457
2.8475,1.03E+04,2.74391
2.847777778,1.03E+04,2.74606
2.848055556,1.03E+04,2.74467
2.848333333,1.03E+04,2.7437
2.848611111,1.03E+04,2.74517
2.848888889,1.03E+04,2.74425
2.849166667,1.03E+04,2.74465
2.849444444,1.03E+04,2.74372
2.849722222,1.03E+04,2.74452
2.85,1.03E+04,2.74458
2.850277778,1.03E+04,2.74348
2.850555556,1.03E+04,2.7435
2.850833333,1.03E+04,2.74536
2.851111111,1.03E+04,2.74343
2.851388889,1.03E+04,2.74455
2.851666667,1.03E+04,2.74488
2.851944444,1.03E+04,2.74493
2.852222222,1.03E+04,2.74464
2.8525,1.03E+04,2.74368
2.852777778,1.03E+04,2.7448
2.853055556,1.03E+04,2.74364
2.853333333,1.03E+04,2.74285
2.853611111,1.03E+04,2.74462
2.853888889,1.03E+04,2.7434
2.854166667,1.03E+04,2.74272
2.854444444,1.03E+04,2.74356
2.854722222,1.03E+04,2.74393
2.855,1.03E+04,2.74281
2.855277778,1.03E+04,2.74261
2.855555556,1.03E+04,2.743
2.855833333,1.03E+04,2.74437
2.856111111,1.03E+04,2.74258
2.856388889,1.03E+04,2.74206
2.856666667,1.03E+04,2.74403
2.856944444,1.03E+04,2.74275
2.857222222,1.03E+04,2.74242
2.8575,1.03E+04,2.74324
2.857777778,1.03E+04,2.74353
2.858055556,1.03E+04,2.74353
2.858333333,1.03E+04,2.74207
2.858611111,1.03E+04,2.7425
2.858888889,1.03E+04,2.74354
2.859166667,1.03E+04,2.74278
2.859444444,1.03E+04,2.742
2.859722222,1.03E+04,2.74325
2.86,1.03E+04,2.74146
2.860277778,1.03E+04,2.74245
2.860555556,1.03E+04,2.74217
2.860833333,1.03E+04,2.74333
2.861111111,1.03E+04,2.74272
2.861388889,1.03E+04,2.74162
2.861666667,1.03E+04,2.742
2.861944444,1.03E+04,2.74338
2.862222222,1.03E+04,2.7413
2.8625,1.03E+04,2.74188
2.862777778,1.03E+04,2.7416
2.863055556,1.03E+04,2.7426
2.863333333,1.03E+04,2.74137
2.863611111,1.03E+04,2.74057
2.863888889,1.03E+04,2.74238
2.864166667,1.03E+04,2.74146
2.864444444,1.03E+04,2.74036
2.864722222,1.03E+04,2.74285
2.865,1.03E+04,2.74101
2.865277778,1.03E+04,2.74063
2.865555556,1.03E+04,2.74199
2.865833333,1.03E+04,2.74062
2.866111111,1.03E+04,2.74053
2.866388889,1.03E+04,2.74184
2.866666667,1.03E+04,2.74044
2.866944444,1.03E+04,2.74048
2.867222222,1.03E+04,2.74107
2.8675,1.03E+04,2.74021
2.867777778,1.03E+04,2.74028
2.868055556,1.03E+04,2.74102
2.868333333,1.03E+04,2.73984
2.868611111,1.03E+04,2.73934
2.868888889,1.03E+04,2.74014
2.869166667,1.03E+04,2.74024
2.869444444,1.03E+04,2.73936
2.869722222,1.03E+04,2.7406
2.87,1.03E+04,2.73938
2.870277778,1.03E+04,2.73892
2.870555556,1.03E+04,2.73979
2.870833333,1.03E+04,2.73914
2.871111111,1.03E+04,2.73822
2.871388889,1.03E+04,2.74103
2.871666667,1.03E+04,2.7391
2.871944444,1.03E+04,2.73789
2.872222222,1.03E+04,2.74021
2.8725,1.03E+04,2.7396
2.872777778,1.03E+04,2.73875
2.873055556,1.03E+04,2.7409
2.873333333,1.03E+04,2.73826
2.873611111,1.03E+04,2.7386
2.873888889,1.03E+04,2.73896
2.874166667,1.03E+04,2.73802
2.874444444,1.03E+04,2.73866
2.874722222,1.03E+04,2.73949
2.875,1.04E+04,2.73763
2.875277778,1.04E+04,2.73947
2.875555556,1.04E+04,2.73838
2.875833333,1.04E+04,2.73809
2.876111111,1.04E+04,2.73934
2.876388889,1.04E+04,2.73821
2.876666667,1.04E+04,2.73804
2.876944444,1.04E+04,2.73913
2.877222222,1.04E+04,2.73821
2.8775,1.04E+04,2.73914
2.877777778,1.04E+04,2.73878
2.878055556,1.04E+04,2.73842
2.878333333,1.04E+04,2.73841
2.878611111,1.04E+04,2.73887
2.878888889,1.04E+04,2.73895
2.879166667,1.04E+04,2.73852
2.879444444,1.04E+04,2.73868
2.879722222,1.04E+04,2.73907
2.88,1.04E+04,2.7376
2.880277778,1.04E+04,2.73816
2.880555556,1.04E+04,2.73776
2.880833333,1.04E+04,2.73657
2.881111111,1.04E+04,2.73828
2.881388889,1.04E+04,2.73731
2.881666667,1.04E+04,2.7369
2.881944444,1.04E+04,2.73914
2.882222222,1.04E+04,2.73661
2.8825,1.04E+04,2.73669
2.882777778,1.04E+04,2.73814
2.883055556,1.04E+04,2.73648
2.883333333,1.04E+04,2.73654
2.883611111,1.04E+04,2.73687
2.883888889,1.04E+04,2.73541
2.884166667,1.04E+04,2.73736
2.884444444,1.04E+04,2.73656
2.884722222,1.04E+04,2.73577
2.885,1.04E+04,2.73743
2.885277778,1.04E+04,2.73629
2.885555556,1.04E+04,2.73628
2.885833333,1.04E+04,2.73793
2.886111111,1.04E+04,2.73555
2.886388889,1.04E+04,2.73585
2.886666667,1.04E+04,2.73606
2.886944444,1.04E+04,2.73527
2.887222222,1.04E+04,2.73647
2.8875,1.04E+04,2.73575
2.887777778,1.04E+04,2.7347
2.888055556,1.04E+04,2.73772
2.888333333,1.04E+04,2.73568
2.888611111,1.04E+04,2.73516
2.888888889,1.04E+04,2.73705
2.889166667,1.04E+04,2.73519
2.889444444,1.04E+04,2.73484
2.889722222,1.04E+04,2.73641
2.89,1.04E+04,2.73443
2.890277778,1.04E+04,2.73487
2.890555556,1.04E+04,2.73539
2.890833333,1.04E+04,2.73465
2.891111111,1.04E+04,2.73458
2.891388889,1.04E+04,2.73488
2.891666667,1.04E+04,2.73526
2.891944444,1.04E+04,2.73452
2.892222222,1.04E+04,2.73405
2.8925,1.04E+04,2.73541
2.892777778,1.04E+04,2.73307
2.893055556,1.04E+04,2.73294
2.893333333,1.04E+04,2.73456
2.893611111,1.04E+04,2.73367
2.893888889,1.04E+04,2.73326
2.894166667,1.04E+04,2.73475
2.894444444,1.04E+04,2.73303
2.894722222,1.04E+04,2.73354
2.895,1.04E+04,2.73441
2.895277778,1.04E+04,2.73349
2.895555556,1.04E+04,2.73346
2.895833333,1.04E+04,2.73299
2.896111111,1.04E+04,2.73377
2.896388889,1.04E+04,2.73332
2.896666667,1.04E+04,2.7324
2.896944444,1.04E+04,2.73505
2.897222222,1.04E+04,2.73258
2.8975,1.04E+04,2.73127
2.897777778,1.04E+04,2.73323
2.898055556,1.04E+04,2.73209
2.898333333,1.04E+04,2.73096
2.898611111,1.04E+04,2.73221
2.898888889,1.04E+04,2.73082
2.899166667,1.04E+04,2.73194
2.899444444,1.04E+04,2.73173
2.899722222,1.04E+04,2.73228
2.9,1.04E+04,2.73167
2.900277778,1.04E+04,2.73053
2.900555556,1.04E+04,2.73191
2.900833333,1.04E+04,2.7308
2.901111111,1.04E+04,2.73012
2.901388889,1.04E+04,2.73246
2.901666667,1.04E+04,2.73104
2.901944444,1.04E+04,2.73009
2.902222222,1.04E+04,2.73176
2.9025,1.04E+04,2.73059
2.902777778,1.05E+04,2.72914
2.903055556,1.05E+04,2.73113
2.903333333,1.05E+04,2.72955
2.903611111,1.05E+04,2.7305
2.903888889,1.05E+04,2.73051
2.904166667,1.05E+04,2.72919
2.904444444,1.05E+04,2.73134
2.904722222,1.05E+04,2.73138
2.905,1.05E+04,2.73079
2.905277778,1.05E+04,2.73046
2.905555556,1.05E+04,2.73098
2.905833333,1.05E+04,2.73157
2.906111111,1.05E+04,2.73227
2.906388889,1.05E+04,2.73413
2.906666667,1.05E+04,2.73395
2.906944444,1.05E+04,2.7324
2.907222222,1.05E+04,2.73432
2.9075,1.05E+04,2.73413
2.907777778,1.05E+04,2.73236
2.908055556,1.05E+04,2.73477
2.908333333,1.05E+04,2.73294
2.908611111,1.05E+04,2.73141
2.908888889,1.05E+04,2.73382
2.909166667,1.05E+04,2.73331
2.909444444,1.05E+04,2.73082
2.909722222,1.05E+04,2.73346
2.91,1.05E+04,2.73252
2.910277778,1.05E+04,2.73039
2.910555556,1.05E+04,2.73158
2.910833333,1.05E+04,2.73038
2.911111111,1.05E+04,2.72923
2.911388889,1.05E+04,2.72981
2.911666667,1.05E+04,2.72711
2.911944444,1.05E+04,2.72759
2.912222222,1.05E+04,2.72793
2.9125,1.05E+04,2.72854
2.912777778,1.05E+04,2.72792
2.913055556,1.05E+04,2.72858
2.913333333,1.05E+04,2.72891
2.913611111,1.05E+04,2.72765
2.913888889,1.05E+04,2.72924
2.914166667,1.05E+04,2.72915
2.914444444,1.05E+04,2.72712
2.914722222,1.05E+04,2.72839
2.915,1.05E+04,2.72807
2.915277778,1.05E+04,2.72677
2.915555556,1.05E+04,2.72826
2.915833333,1.05E+04,2.72751
2.916111111,1.05E+04,2.72669
2.916388889,1.05E+04,2.72886
2.916666667,1.05E+04,2.72726
2.916944444,1.05E+04,2.72619
2.917222222,1.05E+04,2.72894
2.9175,1.05E+04,2.72734
2.917777778,1.05E+04,2.72613
2.918055556,1.05E+04,2.72878
2.918333333,1.05E+04,2.72622
2.918611111,1.05E+04,2.72661
2.918888889,1.05E+04,2.72767
2.919166667,1.05E+04,2.72624
2.919444444,1.05E+04,2.72615
2.919722222,1.05E+04,2.7269
2.92,1.05E+04,2.72605
2.920277778,1.05E+04,2.72617
2.920555556,1.05E+04,2.72647
2.920833333,1.05E+04,2.72657
2.921111111,1.05E+04,2.72529
2.921388889,1.05E+04,2.72566
2.921666667,1.05E+04,2.72626
2.921944444,1.05E+04,2.72496
2.922222222,1.05E+04,2.72587
2.9225,1.05E+04,2.72624
2.922777778,1.05E+04,2.7243
2.923055556,1.05E+04,2.72645
2.923333333,1.05E+04,2.7247
2.923611111,1.05E+04,2.724
2.923888889,1.05E+04,2.7263
2.924166667,1.05E+04,2.72518
2.924444444,1.05E+04,2.72347
2.924722222,1.05E+04,2.72612
2.925,1.05E+04,2.72417
2.925277778,1.05E+04,2.72343
2.925555556,1.05E+04,2.72513
2.925833333,1.05E+04,2.72309
2.926111111,1.05E+04,2.72259
2.926388889,1.05E+04,2.72428
2.926666667,1.05E+04,2.72232
2.926944444,1.05E+04,2.72288
2.927222222,1.05E+04,2.72348
2.9275,1.05E+04,2.72289
2.927777778,1.05E+04,2.72224
2.928055556,1.05E+04,2.72323
2.928333333,1.05E+04,2.72254
2.928611111,1.05E+04,2.7216
2.928888889,1.05E+04,2.72338
2.929166667,1.05E+04,2.72295
2.929444444,1.05E+04,2.72174
2.929722222,1.05E+04,2.72339
2.93,1.05E+04,2.72128
2.930277778,1.05E+04,2.72084
2.930555556,1.06E+04,2.72294
2.930833333,1.06E+04,2.72139
2.931111111,1.06E+04,2.72174
2.931388889,1.06E+04,2.72298
2.931666667,1.06E+04,2.72011
2.931944444,1.06E+04,2.72091
2.932222222,1.06E+04,2.7211
2.9325,1.06E+04,2.71991
2.932777778,1.06E+04,2.72101
2.933055556,1.06E+04,2.72094
2.933333333,1.06E+04,2.71985
2.933611111,1.06E+04,2.72024
2.933888889,1.06E+04,2.71913
2.934166667,1.06E+04,2.71981
2.934444444,1.06E+04,2.72091
2.934722222,1.06E+04,2.71987
2.935,1.06E+04,2.71879
2.935277778,1.06E+04,2.72065
2.935555556,1.06E+04,2.71917
2.935833333,1.06E+04,2.71858
2.936111111,1.06E+04,2.71963
2.936388889,1.06E+04,2.71888
2.936666667,1.06E+04,2.7185
2.936944444,1.06E+04,2.71958
2.937222222,1.06E+04,2.71869
2.9375,1.06E+04,2.71869
2.937777778,1.06E+04,2.71854
2.938055556,1.06E+04,2.7183
2.938333333,1.06E+04,2.71881
2.938611111,1.06E+04,2.71708
2.938888889,1.06E+04,2.71724
2.939166667,1.06E+04,2.71857
2.939444444,1.06E+04,2.71721
2.939722222,1.06E+04,2.71812
2.94,1.06E+04,2.71728
2.940277778,1.06E+04,2.71664
2.940555556,1.06E+04,2.71777
2.940833333,1.06E+04,2.71656
2.941111111,1.06E+04,2.71769
2.941388889,1.06E+04,2.7177
2.941666667,1.06E+04,2.71597
2.941944444,1.06E+04,2.7182
2.942222222,1.06E+04,2.71698
2.9425,1.06E+04,2.71654
2.942777778,1.06E+04,2.71756
2.943055556,1.06E+04,2.71561
2.943333333,1.06E+04,2.71649
2.943611111,1.06E+04,2.71621
2.943888889,1.06E+04,2.71496
2.944166667,1.06E+04,2.71698
2.944444444,1.06E+04,2.71608
2.944722222,1.06E+04,2.71508
2.945,1.06E+04,2.71742
2.945277778,1.06E+04,2.71544
2.945555556,1.06E+04,2.71513
2.945833333,1.06E+04,2.7157
2.946111111,1.06E+04,2.71462
2.946388889,1.06E+04,2.71537
2.946666667,1.06E+04,2.71519
2.946944444,1.06E+04,2.7142
2.947222222,1.06E+04,2.71601
2.9475,1.06E+04,2.71522
2.947777778,1.06E+04,2.64767
2.948055556,1.06E+04,2.62886
2.948333333,1.06E+04,2.62244
2.948611111,1.06E+04,2.65804
2.948888889,1.06E+04,2.70152
2.949166667,1.06E+04,2.72891
2.949444444,1.06E+04,2.74372
2.949722222,1.06E+04,2.75427
2.95,1.06E+04,2.75937
2.950277778,1.06E+04,2.77049
2.950555556,1.06E+04,2.77588
2.950833333,1.06E+04,2.78274
2.951111111,1.06E+04,2.78531
2.951388889,1.06E+04,2.78636
2.951666667,1.06E+04,2.78774
2.951944444,1.06E+04,2.78983
2.952222222,1.06E+04,2.7899
2.9525,1.06E+04,2.79364
2.952777778,1.06E+04,2.79331
2.953055556,1.06E+04,2.79605
2.953333333,1.06E+04,2.79775
2.953611111,1.06E+04,2.79713
2.953888889,1.06E+04,2.79661
2.954166667,1.06E+04,2.79881
2.954444444,1.06E+04,2.79694
2.954722222,1.06E+04,2.80077
2.955,1.06E+04,2.79884
2.955277778,1.06E+04,2.80147
2.955555556,1.06E+04,2.80235
2.955833333,1.06E+04,2.80223
2.956111111,1.06E+04,2.80087
2.956388889,1.06E+04,2.80272
2.956666667,1.06E+04,2.8002
2.956944444,1.06E+04,2.80412
2.957222222,1.06E+04,2.80281
2.9575,1.06E+04,2.80507
2.957777778,1.06E+04,2.80448
2.958055556,1.06E+04,2.80447
2.958333333,1.07E+04,2.8041
2.958611111,1.07E+04,2.80519
2.958888889,1.07E+04,2.80394
2.959166667,1.07E+04,2.80682
2.959444444,1.07E+04,2.80654
2.959722222,1.07E+04,2.80677
2.96,1.07E+04,2.80667
2.960277778,1.07E+04,2.80567
2.960555556,1.07E+04,2.80584
2.960833333,1.07E+04,2.80613
2.961111111,1.07E+04,2.80805
2.961388889,1.07E+04,2.80716
2.961666667,1.07E+04,2.8093
2.961944444,1.07E+04,2.80602
2.962222222,1.07E+04,2.80806
2.9625,1.07E+04,2.80597
2.962777778,1.07E+04,2.80844
2.963055556,1.07E+04,2.80826
2.963333333,1.07E+04,2.80958
2.963611111,1.07E+04,2.80564
2.963888889,1.07E+04,2.80841
2.964166667,1.07E+04,2.80519
2.964444444,1.07E+04,2.8082
2.964722222,1.07E+04,2.80606
2.965,1.07E+04,2.80874
2.965277778,1.07E+04,2.80701
2.965555556,1.07E+04,2.80829
2.965833333,1.07E+04,2.80494
2.966111111,1.07E+04,2.80679
2.966388889,1.07E+04,2.8051
2.966666667,1.07E+04,2.80755
2.966944444,1.07E+04,2.80677
2.967222222,1.07E+04,2.80817
2.9675,1.07E+04,2.80575
2.967777778,1.07E+04,2.80741
2.968055556,1.07E+04,2.80492
2.968333333,1.07E+04,2.80691
2.968611111,1.07E+04,2.80501
2.968888889,1.07E+04,2.80751
2.969166667,1.07E+04,2.80665
2.969444444,1.07E+04,2.80805
2.969722222,1.07E+04,2.80525
2.97,1.07E+04,2.8078
2.970277778,1.07E+04,2.80443
2.970555556,1.07E+04,2.80694
2.970833333,1.07E+04,2.80455
2.971111111,1.07E+04,2.80765
2.971388889,1.07E+04,2.80555
2.971666667,1.07E+04,2.80729
2.971944444,1.07E+04,2.80634
2.972222222,1.07E+04,2.80835
2.9725,1.07E+04,2.80473
2.972777778,1.07E+04,2.80697
2.973055556,1.07E+04,2.80483
2.973333333,1.07E+04,2.806
2.973611111,1.07E+04,2.80551
2.973888889,1.07E+04,2.80582
2.974166667,1.07E+04,2.80685
2.974444444,1.07E+04,2.80703
2.974722222,1.07E+04,2.80685
2.975,1.07E+04,2.80615
2.975277778,1.07E+04,2.80648
2.975555556,1.07E+04,2.80438
2.975833333,1.07E+04,2.80598
2.976111111,1.07E+04,2.80336
2.976388889,1.07E+04,2.80614
2.976666667,1.07E+04,2.80442
2.976944444,1.07E+04,2.80592
2.977222222,1.07E+04,2.80545
2.9775,1.07E+04,2.80644
2.977777778,1.07E+04,2.80458
2.978055556,1.07E+04,2.80646
2.978333333,1.07E+04,2.80342
2.978611111,1.07E+04,2.80383
2.978888889,1.07E+04,2.80432
2.979166667,1.07E+04,2.80222
2.979444444,1.07E+04,2.80463
2.979722222,1.07E+04,2.80262
2.98,1.07E+04,2.80492
2.980277778,1.07E+04,2.8027
2.980555556,1.07E+04,2.80363
2.980833333,1.07E+04,2.80441
2.981111111,1.07E+04,2.80413
2.981388889,1.07E+04,2.80433
2.981666667,1.07E+04,2.80379
2.981944444,1.07E+04,2.80428
2.982222222,1.07E+04,2.80184
2.9825,1.07E+04,2.80446
2.982777778,1.07E+04,2.80118
2.983055556,1.07E+04,2.80212
2.983333333,1.07E+04,2.80185
2.983611111,1.07E+04,2.80067
2.983888889,1.07E+04,2.8028
2.984166667,1.07E+04,2.8007
2.984444444,1.07E+04,2.80302
2.984722222,1.07E+04,2.80064
2.985,1.07E+04,2.80145
2.985277778,1.07E+04,2.80251
2.985555556,1.07E+04,2.80157
2.985833333,1.07E+04,2.80273
2.986111111,1.08E+04,2.80197
2.986388889,1.08E+04,2.80248
2.986666667,1.08E+04,2.802
2.986944444,1.08E+04,2.80161
2.987222222,1.08E+04,2.8021
2.9875,1.08E+04,2.8012
2.987777778,1.08E+04,2.80215
2.988055556,1.08E+04,2.79821
2.988333333,1.08E+04,2.80116
2.988611111,1.08E+04,2.79816
2.988888889,1.08E+04,2.79957
2.989166667,1.08E+04,2.79897
2.989444444,1.08E+04,2.79781
2.989722222,1.08E+04,2.79998
2.99,1.08E+04,2.79801
2.990277778,1.08E+04,2.79942
2.990555556,1.08E+04,2.79887
2.990833333,1.08E+04,2.79986
2.991111111,1.08E+04,2.79908
2.991388889,1.08E+04,2.80011
2.991666667,1.08E+04,2.79762
2.991944444,1.08E+04,2.79879
2.992222222,1.08E+04,2.79824
2.9925,1.08E+04,2.79663
2.992777778,1.08E+04,2.79818
2.993055556,1.08E+04,2.79568
2.993333333,1.08E+04,2.7983
2.993611111,1.08E+04,2.79616
2.993888889,1.08E+04,2.79819
2.994166667,1.08E+04,2.79823
2.994444444,1.08E+04,2.79782
2.994722222,1.08E+04,2.79808
2.995,1.08E+04,2.7979
2.995277778,1.08E+04,2.79897
2.995555556,1.08E+04,2.79848
2.995833333,1.08E+04,2.79843
2.996111111,1.08E+04,2.7982
2.996388889,1.08E+04,2.79888
2.996666667,1.08E+04,2.7968
2.996944444,1.08E+04,2.79538
2.997222222,1.08E+04,2.79811
2.9975,1.08E+04,2.79517
2.997777778,1.08E+04,2.79719
2.998055556,1.08E+04,2.79542
2.998333333,1.08E+04,2.79598
2.998611111,1.08E+04,2.79621
2.998888889,1.08E+04,2.79305
2.999166667,1.08E+04,2.79535
2.999444444,1.08E+04,2.79429
2.999722222,1.08E+04,2.79337
3,1.08E+04,2.79482
3.000277778,1.08E+04,2.79289
3.000555556,1.08E+04,2.79481
3.000833333,1.08E+04,2.79404
3.001111111,1.08E+04,2.79279
3.001388889,1.08E+04,2.79473
3.001666667,1.08E+04,2.79227
3.001944444,1.08E+04,2.79412
3.002222222,1.08E+04,2.79343
3.0025,1.08E+04,2.79268
3.002777778,1.08E+04,2.79454
3.003055556,1.08E+04,2.79211
3.003333333,1.08E+04,2.79401
3.003611111,1.08E+04,2.7931
3.003888889,1.08E+04,2.79385
3.004166667,1.08E+04,2.79343
3.004444444,1.08E+04,2.79382
3.004722222,1.08E+04,2.794
3.005,1.08E+04,2.79346
3.005277778,1.08E+04,2.7941
3.005555556,1.08E+04,2.79147
3.005833333,1.08E+04,2.79416
3.006111111,1.08E+04,2.7913
3.006388889,1.08E+04,2.79155
3.006666667,1.08E+04,2.79292
3.006944444,1.08E+04,2.79038
3.007222222,1.08E+04,2.79253
3.0075,1.08E+04,2.79029
3.007777778,1.08E+04,2.79118
3.008055556,1.08E+04,2.79113
3.008333333,1.08E+04,2.7897
3.008611111,1.08E+04,2.79212
3.008888889,1.08E+04,2.79052
3.009166667,1.08E+04,2.79113
3.009444444,1.08E+04,2.79145
3.009722222,1.08E+04,2.79068
3.01,1.08E+04,2.79214
3.010277778,1.08E+04,2.79003
3.010555556,1.08E+04,2.79116
3.010833333,1.08E+04,2.79134
3.011111111,1.08E+04,2.79052
3.011388889,1.08E+04,2.79112
3.011666667,1.08E+04,2.79068
3.011944444,1.08E+04,2.7913
3.012222222,1.08E+04,2.79084
3.0125,1.08E+04,2.79134
3.012777778,1.08E+04,2.79138
3.013055556,1.08E+04,2.79068
3.013333333,1.08E+04,2.7908
3.013611111,1.08E+04,2.7877
3.013888889,1.09E+04,2.78963
3.014166667,1.09E+04,2.7875
3.014444444,1.09E+04,2.78765
3.014722222,1.09E+04,2.7894
3.015,1.09E+04,2.78683
3.015277778,1.09E+04,2.7901
3.015555556,1.09E+04,2.78711
3.015833333,1.09E+04,2.787
3.016111111,1.09E+04,2.78845
3.016388889,1.09E+04,2.78597
3.016666667,1.09E+04,2.78716
3.016944444,1.09E+04,2.78555
3.017222222,1.09E+04,2.78533
3.0175,1.09E+04,2.78745
3.017777778,1.09E+04,2.78444
3.018055556,1.09E+04,2.78525
3.018333333,1.09E+04,2.78611
3.018611111,1.09E+04,2.78385
3.018888889,1.09E+04,2.78605
3.019166667,1.09E+04,2.78547
3.019444444,1.09E+04,2.78517
3.019722222,1.09E+04,2.78643
3.02,1.09E+04,2.78567
3.020277778,1.09E+04,2.78596
3.020555556,1.09E+04,2.78596
3.020833333,1.09E+04,2.78471
3.021111111,1.09E+04,2.78445
3.021388889,1.09E+04,2.7854
3.021666667,1.09E+04,2.78501
3.021944444,1.09E+04,2.78512
3.022222222,1.09E+04,2.78543
3.0225,1.09E+04,2.78473
3.022777778,1.09E+04,2.78505
3.023055556,1.09E+04,2.78443
3.023333333,1.09E+04,2.78432
3.023611111,1.09E+04,2.78531
3.023888889,1.09E+04,2.784
3.024166667,1.09E+04,2.78493
3.024444444,1.09E+04,2.78441
3.024722222,1.09E+04,2.78384
3.025,1.09E+04,2.78422
3.025277778,1.09E+04,2.78396
3.025555556,1.09E+04,2.78326
3.025833333,1.09E+04,2.78396
3.026111111,1.09E+04,2.78239
3.026388889,1.09E+04,2.78317
3.026666667,1.09E+04,2.78337
3.026944444,1.09E+04,2.78237
3.027222222,1.09E+04,2.78305
3.0275,1.09E+04,2.7828
3.027777778,1.09E+04,2.78221
3.028055556,1.09E+04,2.78289
3.028333333,1.09E+04,2.7809
3.028611111,1.09E+04,2.78255
3.028888889,1.09E+04,2.78166
3.029166667,1.09E+04,2.78109
3.029444444,1.09E+04,2.78194
3.029722222,1.09E+04,2.78057
3.03,1.09E+04,2.78088
3.030277778,1.09E+04,2.78118
3.030555556,1.09E+04,2.78013
3.030833333,1.09E+04,2.78146
3.031111111,1.09E+04,2.78035
3.031388889,1.09E+04,2.78104
3.031666667,1.09E+04,2.77894
3.031944444,1.09E+04,2.78151
3.032222222,1.09E+04,2.77863
3.0325,1.09E+04,2.77918
3.032777778,1.09E+04,2.77907
3.033055556,1.09E+04,2.77752
3.033333333,1.09E+04,2.77964
3.033611111,1.09E+04,2.77791
3.033888889,1.09E+04,2.77972
3.034166667,1.09E+04,2.77932
3.034444444,1.09E+04,2.77987
3.034722222,1.09E+04,2.77872
3.035,1.09E+04,2.77974
3.035277778,1.09E+04,2.7772
3.035555556,1.09E+04,2.77825
3.035833333,1.09E+04,2.77815
3.036111111,1.09E+04,2.77652
3.036388889,1.09E+04,2.77838
3.036666667,1.09E+04,2.77579
3.036944444,1.09E+04,2.77798
3.037222222,1.09E+04,2.77666
3.0375,1.09E+04,2.77696
3.037777778,1.09E+04,2.77757
3.038055556,1.09E+04,2.77647
3.038333333,1.09E+04,2.77776
3.038611111,1.09E+04,2.77756
3.038888889,1.09E+04,2.778
3.039166667,1.09E+04,2.77751
3.039444444,1.09E+04,2.77761
3.039722222,1.09E+04,2.77726
3.04,1.09E+04,2.77643
3.040277778,1.09E+04,2.7774
3.040555556,1.09E+04,2.77452
3.040833333,1.09E+04,2.77752
3.041111111,1.09E+04,2.77475
3.041388889,1.09E+04,2.77528
3.041666667,1.10E+04,2.77598
3.041944444,1.10E+04,2.77364
3.042222222,1.10E+04,2.77606
3.0425,1.10E+04,2.77384
3.042777778,1.10E+04,2.77495
3.043055556,1.10E+04,2.77493
3.043333333,1.10E+04,2.77358
3.043611111,1.10E+04,2.77579
3.043888889,1.10E+04,2.77377
3.044166667,1.10E+04,2.77389
3.044444444,1.10E+04,2.77514
3.044722222,1.10E+04,2.77284
3.045,1.10E+04,2.77487
3.045277778,1.10E+04,2.77379
3.045555556,1.10E+04,2.77326
3.045833333,1.10E+04,2.77453
3.046111111,1.10E+04,2.77221
3.046388889,1.10E+04,2.77361
3.046666667,1.10E+04,2.7729
3.046944444,1.10E+04,2.77233
3.047222222,1.10E+04,2.77367
3.0475,1.10E+04,2.7722
3.047777778,1.10E+04,2.7727
3.048055556,1.10E+04,2.77319
3.048333333,1.10E+04,2.77232
3.048611111,1.10E+04,2.77353
3.048888889,1.10E+04,2.77265
3.049166667,1.10E+04,2.77375
3.049444444,1.10E+04,2.77248
3.049722222,1.10E+04,2.7734
3.05,1.10E+04,2.7723
3.050277778,1.10E+04,2.77232
3.050555556,1.10E+04,2.7723
3.050833333,1.10E+04,2.7716
3.051111111,1.10E+04,2.7727
3.051388889,1.10E+04,2.77218
3.051666667,1.10E+04,2.7704
3.051944444,1.10E+04,2.7724
3.052222222,1.10E+04,2.76952
3.0525,1.10E+04,2.77059
3.052777778,1.10E+04,2.77047
3.053055556,1.10E+04,2.7683
3.053333333,1.10E+04,2.77133
3.053611111,1.10E+04,2.76833
3.053888889,1.10E+04,2.76895
3.054166667,1.10E+04,2.7706
3.054444444,1.10E+04,2.76778
3.054722222,1.10E+04,2.77033
3.055,1.10E+04,2.76683
3.055277778,1.10E+04,2.76841
3.055555556,1.10E+04,2.76801
3.055833333,1.10E+04,2.76706
3.056111111,1.10E+04,2.76935
3.056388889,1.10E+04,2.7676
3.056666667,1.10E+04,2.76862
3.056944444,1.10E+04,2.76859
3.057222222,1.10E+04,2.76889
3.0575,1.10E+04,2.76724
3.057777778,1.10E+04,2.76964
3.058055556,1.10E+04,2.76637
3.058333333,1.10E+04,2.76766
3.058611111,1.10E+04,2.76719
3.058888889,1.10E+04,2.76613
3.059166667,1.10E+04,2.76739
3.059444444,1.10E+04,2.76612
3.059722222,1.10E+04,2.76797
3.06,1.10E+04,2.76672
3.060277778,1.10E+04,2.76809
3.060555556,1.10E+04,2.76664
3.060833333,1.10E+04,2.76798
3.061111111,1.10E+04,2.76489
3.061388889,1.10E+04,2.76693
3.061666667,1.10E+04,2.76418
3.061944444,1.10E+04,2.76592
3.062222222,1.10E+04,2.76504
3.0625,1.10E+04,2.76495
3.062777778,1.10E+04,2.76586
3.063055556,1.10E+04,2.76545
3.063333333,1.10E+04,2.76548
3.063611111,1.10E+04,2.76516
3.063888889,1.10E+04,2.76607
3.064166667,1.10E+04,2.76329
3.064444444,1.10E+04,2.76601
3.064722222,1.10E+04,2.76271
3.065,1.10E+04,2.76372
3.065277778,1.10E+04,2.76331
3.065555556,1.10E+04,2.76303
3.065833333,1.10E+04,2.7646
3.066111111,1.10E+04,2.76296
3.066388889,1.10E+04,2.76451
3.066666667,1.10E+04,2.7642
3.066944444,1.10E+04,2.76462
3.067222222,1.10E+04,2.76177
3.0675,1.10E+04,2.7648
3.067777778,1.10E+04,2.76099
3.068055556,1.10E+04,2.76306
3.068333333,1.10E+04,2.76159
3.068611111,1.10E+04,2.76165
3.068888889,1.10E+04,2.76222
3.069166667,1.10E+04,2.76117
3.069444444,1.11E+04,2.76237
3.069722222,1.11E+04,2.76175
3.07,1.11E+04,2.76298
3.070277778,1.11E+04,2.76218
3.070555556,1.11E+04,2.76264
3.070833333,1.11E+04,2.75989
3.071111111,1.11E+04,2.76209
3.071388889,1.11E+04,2.75967
3.071666667,1.11E+04,2.76039
3.071944444,1.11E+04,2.76063
3.072222222,1.11E+04,2.75963
3.0725,1.11E+04,2.76175
3.072777778,1.11E+04,2.75921
3.073055556,1.11E+04,2.76097
3.073333333,1.11E+04,2.75998
3.073611111,1.11E+04,2.7608
3.073888889,1.11E+04,2.7586
3.074166667,1.11E+04,2.76046
3.074444444,1.11E+04,2.75807
3.074722222,1.11E+04,2.75829
3.075,1.11E+04,2.75873
3.075277778,1.11E+04,2.75727
3.075555556,1.11E+04,2.75916
3.075833333,1.11E+04,2.75648
3.076111111,1.11E+04,2.75781
3.076388889,1.11E+04,2.75796
3.076666667,1.11E+04,2.75634
3.076944444,1.11E+04,2.75884
3.077222222,1.11E+04,2.75649
3.0775,1.11E+04,2.75789
3.077777778,1.11E+04,2.75725
3.078055556,1.11E+04,2.75637
3.078333333,1.11E+04,2.75729
3.078611111,1.11E+04,2.75604
3.078888889,1.11E+04,2.75768
3.079166667,1.11E+04,2.75684
3.079444444,1.11E+04,2.75756
3.079722222,1.11E+04,2.75618
3.08,1.11E+04,2.75764
3.080277778,1.11E+04,2.75537
3.080555556,1.11E+04,2.75409
3.080833333,1.11E+04,2.75686
3.081111111,1.11E+04,2.75397
3.081388889,1.11E+04,2.75571
3.081666667,1.11E+04,2.75457
3.081944444,1.11E+04,2.75439
3.082222222,1.11E+04,2.75528
3.0825,1.11E+04,2.75272
3.082777778,1.11E+04,2.75569
3.083055556,1.11E+04,2.75376
3.083333333,1.11E+04,2.75465
3.083611111,1.11E+04,2.75426
3.083888889,1.11E+04,2.75452
3.084166667,1.11E+04,2.75497
3.084444444,1.11E+04,2.75528
3.084722222,1.11E+04,2.75537
3.085,1.11E+04,2.75338
3.085277778,1.11E+04,2.75549
3.085555556,1.11E+04,2.75212
3.085833333,1.11E+04,2.75433
3.086111111,1.11E+04,2.75249
3.086388889,1.11E+04,2.75197
3.086666667,1.11E+04,2.75287
3.086944444,1.11E+04,2.75024
3.087222222,1.11E+04,2.75168
3.0875,1.11E+04,2.75091
3.087777778,1.11E+04,2.74983
3.088055556,1.11E+04,2.75156
3.088333333,1.11E+04,2.74945
3.088611111,1.11E+04,2.75068
3.088888889,1.11E+04,2.75037
3.089166667,1.11E+04,2.74859
3.089444444,1.11E+04,2.7508
3.089722222,1.11E+04,2.74917
3.09,1.11E+04,2.75001
3.090277778,1.11E+04,2.75002
3.090555556,1.11E+04,2.74882
3.090833333,1.11E+04,2.75026
3.091111111,1.11E+04,2.74812
3.091388889,1.11E+04,2.74847
3.091666667,1.11E+04,2.74978
3.091944444,1.11E+04,2.74759
3.092222222,1.11E+04,2.74904
3.0925,1.11E+04,2.74797
3.092777778,1.11E+04,2.74748
3.093055556,1.11E+04,2.7492
3.093333333,1.11E+04,2.747
3.093611111,1.11E+04,2.74822
3.093888889,1.11E+04,2.74768
3.094166667,1.11E+04,2.74722
3.094444444,1.11E+04,2.74795
3.094722222,1.11E+04,2.74617
3.095,1.11E+04,2.74763
3.095277778,1.11E+04,2.74724
3.095555556,1.11E+04,2.74687
3.095833333,1.11E+04,2.74746
3.096111111,1.11E+04,2.74704
3.096388889,1.11E+04,2.74786
3.096666667,1.11E+04,2.74628
3.096944444,1.11E+04,2.74682
3.097222222,1.12E+04,2.74616
3.0975,1.12E+04,2.7463
3.097777778,1.12E+04,2.7468
3.098055556,1.12E+04,2.74505
3.098333333,1.12E+04,2.74725
3.098611111,1.12E+04,2.74435
3.098888889,1.12E+04,2.74468
3.099166667,1.12E+04,2.74482
3.099444444,1.12E+04,2.74309
3.099722222,1.12E+04,2.74493
3.1,1.12E+04,2.74438
3.100277778,1.12E+04,2.74553
3.100555556,1.12E+04,2.74608
3.100833333,1.12E+04,2.74393
3.101111111,1.12E+04,2.74603
3.101388889,1.12E+04,2.74475
3.101666667,1.12E+04,2.74528
3.101944444,1.12E+04,2.74577
3.102222222,1.12E+04,2.74427
3.1025,1.12E+04,2.74569
3.102777778,1.12E+04,2.74566
3.103055556,1.12E+04,2.74393
3.103333333,1.12E+04,2.7462
3.103611111,1.12E+04,2.74361
3.103888889,1.12E+04,2.7444
3.104166667,1.12E+04,2.74453
3.104444444,1.12E+04,2.74306
3.104722222,1.12E+04,2.74509
3.105,1.12E+04,2.74351
3.105277778,1.12E+04,2.74354
3.105555556,1.12E+04,2.7443
3.105833333,1.12E+04,2.74269
3.106111111,1.12E+04,2.74446
3.106388889,1.12E+04,2.74294
3.106666667,1.12E+04,2.74342
3.106944444,1.12E+04,2.7443
3.107222222,1.12E+04,2.74211
3.1075,1.12E+04,2.74439
3.107777778,1.12E+04,2.7427
3.108055556,1.12E+04,2.74321
3.108333333,1.12E+04,2.74366
3.108611111,1.12E+04,2.7426
3.108888889,1.12E+04,2.74391
3.109166667,1.12E+04,2.74274
3.109444444,1.12E+04,2.74376
3.109722222,1.12E+04,2.74295
3.11,1.12E+04,2.74344
3.110277778,1.12E+04,2.74327
3.110555556,1.12E+04,2.74241
3.110833333,1.12E+04,2.74415
3.111111111,1.12E+04,2.74171
3.111388889,1.12E+04,2.74464
3.111666667,1.12E+04,2.74218
3.111944444,1.12E+04,2.74205
3.112222222,1.12E+04,2.74351
3.1125,1.12E+04,2.7412
3.112777778,1.12E+04,2.74367
3.113055556,1.12E+04,2.74162
3.113333333,1.12E+04,2.74347
3.113611111,1.12E+04,2.74271
3.113888889,1.12E+04,2.74231
3.114166667,1.12E+04,2.74447
3.114444444,1.12E+04,2.74214
3.114722222,1.12E+04,2.7435
3.115,1.12E+04,2.74383
3.115277778,1.12E+04,2.7439
3.115555556,1.12E+04,2.74338
3.115833333,1.12E+04,2.74346
3.116111111,1.12E+04,2.74426
3.116388889,1.12E+04,2.74245
3.116666667,1.12E+04,2.74467
3.116944444,1.12E+04,2.74179
3.117222222,1.12E+04,2.74278
3.1175,1.12E+04,2.74191
3.117777778,1.12E+04,2.74016
3.118055556,1.12E+04,2.74251
3.118333333,1.12E+04,2.73997
3.118611111,1.12E+04,2.74148
3.118888889,1.12E+04,2.74128
3.119166667,1.12E+04,2.73995
3.119444444,1.12E+04,2.74168
3.119722222,1.12E+04,2.73881
3.12,1.12E+04,2.74064
3.120277778,1.12E+04,2.73935
3.120555556,1.12E+04,2.74002
3.120833333,1.12E+04,2.74054
3.121111111,1.12E+04,2.73952
3.121388889,1.12E+04,2.74028
3.121666667,1.12E+04,2.74083
3.121944444,1.12E+04,2.74014
3.122222222,1.12E+04,2.73838
3.1225,1.12E+04,2.74078
3.122777778,1.12E+04,2.73774
3.123055556,1.12E+04,2.73961
3.123333333,1.12E+04,2.73744
3.123611111,1.12E+04,2.73846
3.123888889,1.12E+04,2.73878
3.124166667,1.12E+04,2.73737
3.124444444,1.12E+04,2.73979
3.124722222,1.12E+04,2.73714
3.125,1.13E+04,2.73931
3.125277778,1.13E+04,2.73849
3.125555556,1.13E+04,2.73932
3.125833333,1.13E+04,2.73909
3.126111111,1.13E+04,2.73869
3.126388889,1.13E+04,2.73898
3.126666667,1.13E+04,2.73768
3.126944444,1.13E+04,2.73868
3.127222222,1.13E+04,2.73677
3.1275,1.13E+04,2.73897
3.127777778,1.13E+04,2.73696
3.128055556,1.13E+04,2.73605
3.128333333,1.13E+04,2.73859
3.128611111,1.13E+04,2.73513
3.128888889,1.13E+04,2.73733
3.129166667,1.13E+04,2.73543
3.129444444,1.13E+04,2.73626
3.129722222,1.13E+04,2.73612
3.13,1.13E+04,2.73522
3.130277778,1.13E+04,2.73726
3.130555556,1.13E+04,2.73555
3.130833333,1.13E+04,2.73668
3.131111111,1.13E+04,2.73632
3.131388889,1.13E+04,2.7369
3.131666667,1.13E+04,2.73494
3.131944444,1.13E+04,2.7363
3.132222222,1.13E+04,2.73408
3.1325,1.13E+04,2.73384
3.132777778,1.13E+04,2.73497
3.133055556,1.13E+04,2.73308
3.133333333,1.13E+04,2.73544
3.133611111,1.13E+04,2.73367
3.133888889,1.13E+04,2.73556
3.134166667,1.13E+04,2.73296
3.134444444,1.13E+04,2.73478
3.134722222,1.13E+04,2.73437
3.135,1.13E+04,2.73543
3.135277778,1.13E+04,2.73415
3.135555556,1.13E+04,2.73428
3.135833333,1.13E+04,2.7332
3.136111111,1.13E+04,2.73199
3.136388889,1.13E+04,2.7331
3.136666667,1.13E+04,2.73034
3.136944444,1.13E+04,2.7336
3.137222222,1.13E+04,2.73171
3.1375,1.13E+04,2.73284
3.137777778,1.13E+04,2.73257
3.138055556,1.13E+04,2.73317
3.138333333,1.13E+04,2.73132
3.138611111,1.13E+04,2.73307
3.138888889,1.13E+04,2.7298
3.139166667,1.13E+04,2.73042
3.139444444,1.13E+04,2.72999
3.139722222,1.13E+04,2.72878
3.14,1.13E+04,2.73063
3.140277778,1.13E+04,2.72881
3.140555556,1.13E+04,2.73074
3.140833333,1.13E+04,2.72905
3.141111111,1.13E+04,2.73064
3.141388889,1.13E+04,2.72876
3.141666667,1.13E+04,2.7304
3.141944444,1.13E+04,2.72692
3.142222222,1.13E+04,2.72851
3.1425,1.13E+04,2.7273
3.142777778,1.13E+04,2.72729
3.143055556,1.13E+04,2.7274
3.143333333,1.13E+04,2.72575
3.143611111,1.13E+04,2.72836
3.143888889,1.13E+04,2.72663
3.144166667,1.13E+04,2.72691
3.144444444,1.13E+04,2.72739
3.144722222,1.13E+04,2.72674
3.145,1.13E+04,2.72768
3.145277778,1.13E+04,2.72697
3.145555556,1.13E+04,2.72837
3.145833333,1.13E+04,2.72717
3.146111111,1.13E+04,2.72792
3.146388889,1.13E+04,2.72573
3.146666667,1.13E+04,2.72722
3.146944444,1.13E+04,2.72531
3.147222222,1.13E+04,2.72433
3.1475,1.13E+04,2.72615
3.147777778,1.13E+04,2.72328
3.148055556,1.13E+04,2.72523
3.148333333,1.13E+04,2.72373
3.148611111,1.13E+04,2.72454
3.148888889,1.13E+04,2.72412
3.149166667,1.13E+04,2.72423
3.149444444,1.13E+04,2.72497
3.149722222,1.13E+04,2.72452
3.15,1.13E+04,2.72472
3.150277778,1.13E+04,2.72398
3.150555556,1.13E+04,2.72468
3.150833333,1.13E+04,2.72138
3.151111111,1.13E+04,2.72421
3.151388889,1.13E+04,2.7216
3.151666667,1.13E+04,2.72273
3.151944444,1.13E+04,2.72222
3.152222222,1.13E+04,2.7213
3.1525,1.13E+04,2.72333
3.152777778,1.14E+04,2.72114
3.153055556,1.14E+04,2.72246
3.153333333,1.14E+04,2.72157
3.153611111,1.14E+04,2.72245
3.153888889,1.14E+04,2.72179
3.154166667,1.14E+04,2.72248
3.154444444,1.14E+04,2.72081
3.154722222,1.14E+04,2.72138
3.155,1.14E+04,2.71989
3.155277778,1.14E+04,2.7194
3.155555556,1.14E+04,2.72046
3.155833333,1.14E+04,2.71893
3.156111111,1.14E+04,2.7211
3.156388889,1.14E+04,2.71863
3.156666667,1.14E+04,2.72021
3.156944444,1.14E+04,2.71987
3.157222222,1.14E+04,2.72046
3.1575,1.14E+04,2.71778
3.157777778,1.14E+04,2.72004
3.158055556,1.14E+04,2.71726
3.158333333,1.14E+04,2.71819
3.158611111,1.14E+04,2.71819
3.158888889,1.14E+04,2.71676
3.159166667,1.14E+04,2.71852
3.159444444,1.14E+04,2.71675
3.159722222,1.14E+04,2.71878
3.16,1.14E+04,2.71713
3.160277778,1.14E+04,2.71843
3.160555556,1.14E+04,2.7181
3.160833333,1.14E+04,2.71804
3.161111111,1.14E+04,2.7183
3.161388889,1.14E+04,2.71876
3.161666667,1.14E+04,2.7176
3.161944444,1.14E+04,2.71537
3.162222222,1.14E+04,2.7182
3.1625,1.14E+04,2.71495
3.162777778,1.14E+04,2.71719
3.163055556,1.14E+04,2.71556
3.163333333,1.14E+04,2.71564
3.163611111,1.14E+04,2.71627
3.163888889,1.14E+04,2.71407
3.164166667,1.14E+04,2.71696
3.164444444,1.14E+04,2.71526
3.164722222,1.14E+04,2.71569
3.165,1.14E+04,2.71602
3.165277778,1.14E+04,2.71504
3.165555556,1.14E+04,2.71623
3.165833333,1.14E+04,2.71587
3.166111111,1.14E+04,2.71656
3.166388889,1.14E+04,2.71424
3.166666667,1.14E+04,2.71607
3.166944444,1.14E+04,2.71273
3.167222222,1.14E+04,2.71448
3.1675,1.14E+04,2.713
3.167777778,1.14E+04,2.71296
3.168055556,1.14E+04,2.71346
3.168333333,1.14E+04,2.71133
3.168611111,1.14E+04,2.71373
3.168888889,1.14E+04,2.71225
3.169166667,1.14E+04,2.71307
3.169444444,1.14E+04,2.71288
3.169722222,1.14E+04,2.71178
3.17,1.14E+04,2.71403
3.170277778,1.14E+04,2.7119
3.170555556,1.14E+04,2.71207
3.170833333,1.14E+04,2.71284
3.171111111,1.14E+04,2.712
3.171388889,1.14E+04,2.71262
3.171666667,1.14E+04,2.71214
3.171944444,1.14E+04,2.71276
3.172222222,1.14E+04,2.71131
3.1725,1.14E+04,2.71345
3.172777778,1.14E+04,2.71015
3.173055556,1.14E+04,2.71184
3.173333333,1.14E+04,2.71071
3.173611111,1.14E+04,2.70922
3.173888889,1.14E+04,2.71136
3.174166667,1.14E+04,2.70828
3.174444444,1.14E+04,2.70993
3.174722222,1.14E+04,2.70901
3.175,1.14E+04,2.7079
3.175277778,1.14E+04,2.70966
3.175555556,1.14E+04,2.70713
3.175833333,1.14E+04,2.70917
3.176111111,1.14E+04,2.70779
3.176388889,1.14E+04,2.70784
3.176666667,1.14E+04,2.70886
3.176944444,1.14E+04,2.7072
3.177222222,1.14E+04,2.70867
3.1775,1.14E+04,2.70758
3.177777778,1.14E+04,2.7077
3.178055556,1.14E+04,2.708
3.178333333,1.14E+04,2.70722
3.178611111,1.14E+04,2.70842
3.178888889,1.14E+04,2.70751
3.179166667,1.14E+04,2.70818
3.179444444,1.14E+04,2.7075
3.179722222,1.14E+04,2.70799
3.18,1.14E+04,2.70765
3.180277778,1.14E+04,2.70661
3.180555556,1.15E+04,2.70759
3.180833333,1.15E+04,2.70493
3.181111111,1.15E+04,2.70711
3.181388889,1.15E+04,2.70514
3.181666667,1.15E+04,2.70433
3.181944444,1.15E+04,2.70677
3.182222222,1.15E+04,2.70383
3.1825,1.15E+04,2.70558
3.182777778,1.15E+04,2.70407
3.183055556,1.15E+04,2.70443
3.183333333,1.15E+04,2.70449
3.183611111,1.15E+04,2.70339
3.183888889,1.15E+04,2.70552
3.184166667,1.15E+04,2.70402
3.184444444,1.15E+04,2.7041
3.184722222,1.15E+04,2.70533
3.185,1.15E+04,2.70314
3.185277778,1.15E+04,2.70472
3.185555556,1.15E+04,2.70262
3.185833333,1.15E+04,2.70336
3.186111111,1.15E+04,2.70408
3.186388889,1.15E+04,2.70316
3.186666667,1.15E+04,2.70392
3.186944444,1.15E+04,2.70339
3.187222222,1.15E+04,2.70368
3.1875,1.15E+04,2.70328
3.187777778,1.15E+04,2.70215
3.188055556,1.15E+04,2.70392
3.188333333,1.15E+04,2.70266
3.188611111,1.15E+04,2.70341
3.188888889,1.15E+04,2.70142
3.189166667,1.15E+04,2.70253
3.189444444,1.15E+04,2.70085
3.189722222,1.15E+04,2.69998
3.19,1.15E+04,2.70169
3.190277778,1.15E+04,2.69923
3.190555556,1.15E+04,2.70005
3.190833333,1.15E+04,2.70021
3.191111111,1.15E+04,2.69778
3.191388889,1.15E+04,2.70073
3.191666667,1.15E+04,2.69797
3.191944444,1.15E+04,2.69937
3.192222222,1.15E+04,2.69921
3.1925,1.15E+04,2.69771
3.192777778,1.15E+04,2.70021
3.193055556,1.15E+04,2.69722
3.193333333,1.15E+04,2.69884
3.193611111,1.15E+04,2.69884
3.193888889,1.15E+04,2.6971
3.194166667,1.15E+04,2.69879
3.194444444,1.15E+04,2.69719
3.194722222,1.15E+04,2.69763
3.195,1.15E+04,2.69773
3.195277778,1.15E+04,2.69612
3.195555556,1.15E+04,2.69856
3.195833333,1.15E+04,2.69681
3.196111111,1.15E+04,2.69682
3.196388889,1.15E+04,2.69821
3.196666667,1.15E+04,2.69566
3.196944444,1.15E+04,2.69744
3.197222222,1.15E+04,2.69566
3.1975,1.15E+04,2.6963
3.197777778,1.15E+04,2.69709
3.198055556,1.15E+04,2.69643
3.198333333,1.15E+04,2.69708
3.198611111,1.15E+04,2.69626
3.198888889,1.15E+04,2.69686
3.199166667,1.15E+04,2.69647
3.199444444,1.15E+04,2.69598
3.199722222,1.15E+04,2.69684
3.2,1.15E+04,2.69553
3.200277778,1.15E+04,2.69622
3.200555556,1.15E+04,2.69415
3.200833333,1.15E+04,2.6953
3.201111111,1.15E+04,2.69493
3.201388889,1.15E+04,2.69406
3.201666667,1.15E+04,2.6949
3.201944444,1.15E+04,2.69353
3.202222222,1.15E+04,2.69389
3.2025,1.15E+04,2.69381
3.202777778,1.15E+04,2.69173
3.203055556,1.15E+04,2.69378
3.203333333,1.15E+04,2.69166
3.203611111,1.15E+04,2.69203
3.203888889,1.15E+04,2.69274
3.204166667,1.15E+04,2.69075
3.204444444,1.15E+04,2.69277
3.204722222,1.15E+04,2.69205
3.205,1.15E+04,2.69061
3.205277778,1.15E+04,2.69235
3.205555556,1.15E+04,2.69083
3.205833333,1.15E+04,2.69085
3.206111111,1.15E+04,2.69089
3.206388889,1.15E+04,2.68916
3.206666667,1.15E+04,2.6913
3.206944444,1.15E+04,2.68907
3.207222222,1.15E+04,2.68902
3.2075,1.15E+04,2.68989
3.207777778,1.15E+04,2.68656
3.208055556,1.15E+04,2.68969
3.208333333,1.16E+04,2.68705
3.208611111,1.16E+04,2.68739
3.208888889,1.16E+04,2.68796
3.209166667,1.16E+04,2.68578
3.209444444,1.16E+04,2.68813
3.209722222,1.16E+04,2.68568
3.21,1.16E+04,2.68682
3.210277778,1.16E+04,2.68686
3.210555556,1.16E+04,2.68707
3.210833333,1.16E+04,2.68821
3.211111111,1.16E+04,2.68727
3.211388889,1.16E+04,2.6891
3.211666667,1.16E+04,2.689
3.211944444,1.16E+04,2.68919
3.212222222,1.16E+04,2.68828
3.2125,1.16E+04,2.68852
3.212777778,1.16E+04,2.68899
3.213055556,1.16E+04,2.68798
3.213333333,1.16E+04,2.68923
3.213611111,1.16E+04,2.68567
3.213888889,1.16E+04,2.68731
3.214166667,1.16E+04,2.68473
3.214444444,1.16E+04,2.68401
3.214722222,1.16E+04,2.68625
3.215,1.16E+04,2.68324
3.215277778,1.16E+04,2.6854
3.215555556,1.16E+04,2.68358
3.215833333,1.16E+04,2.68305
3.216111111,1.16E+04,2.68565
3.216388889,1.16E+04,2.68222
3.216666667,1.16E+04,2.68407
3.216944444,1.16E+04,2.6836
3.217222222,1.16E+04,2.68244
3.2175,1.16E+04,2.68375
3.217777778,1.16E+04,2.68231
3.218055556,1.16E+04,2.68258
3.218333333,1.16E+04,2.68359
3.218611111,1.16E+04,2.68086
3.218888889,1.16E+04,2.68317
3.219166667,1.16E+04,2.68107
3.219444444,1.16E+04,2.68085
3.219722222,1.16E+04,2.68288
3.22,1.16E+04,2.68064
3.220277778,1.16E+04,2.68209
3.220555556,1.16E+04,2.68186
3.220833333,1.16E+04,2.67973
3.221111111,1.16E+04,2.68273
3.221388889,1.16E+04,2.68009
3.221666667,1.16E+04,2.68026
3.221944444,1.16E+04,2.68235
3.222222222,1.16E+04,2.67994
3.2225,1.16E+04,2.68163
3.222777778,1.16E+04,2.68098
3.223055556,1.16E+04,2.68056
3.223333333,1.16E+04,2.68229
3.223611111,1.16E+04,2.68136
3.223888889,1.16E+04,2.68103
3.224166667,1.16E+04,2.68058
3.224444444,1.16E+04,2.67995
3.224722222,1.16E+04,2.67822
3.225,1.16E+04,2.67947
3.225277778,1.16E+04,2.67923
3.225555556,1.16E+04,2.67801
3.225833333,1.16E+04,2.67888
3.226111111,1.16E+04,2.67732
3.226388889,1.16E+04,2.67706
3.226666667,1.16E+04,2.67863
3.226944444,1.16E+04,2.67641
3.227222222,1.16E+04,2.67707
3.2275,1.16E+04,2.67732
3.227777778,1.16E+04,2.67546
3.228055556,1.16E+04,2.67713
3.228333333,1.16E+04,2.67606
3.228611111,1.16E+04,2.67552
3.228888889,1.16E+04,2.67726
3.229166667,1.16E+04,2.67487
3.229444444,1.16E+04,2.67642
3.229722222,1.16E+04,2.67501
3.23,1.16E+04,2.67435
3.230277778,1.16E+04,2.6764
3.230555556,1.16E+04,2.6748
3.230833333,1.16E+04,2.67477
3.231111111,1.16E+04,2.67535
3.231388889,1.16E+04,2.67402
3.231666667,1.16E+04,2.67562
3.231944444,1.16E+04,2.674
3.232222222,1.16E+04,2.67321
3.2325,1.16E+04,2.67521
3.232777778,1.16E+04,2.67274
3.233055556,1.16E+04,2.6747
3.233333333,1.16E+04,2.67378
3.233611111,1.16E+04,2.67259
3.233888889,1.16E+04,2.67382
3.234166667,1.16E+04,2.67284
3.234444444,1.16E+04,2.67234
3.234722222,1.16E+04,2.67392
3.235,1.16E+04,2.67153
3.235277778,1.16E+04,2.67284
3.235555556,1.16E+04,2.67363
3.235833333,1.16E+04,2.67143
3.236111111,1.17E+04,2.67348
3.236388889,1.17E+04,2.67142
3.236666667,1.17E+04,2.67113
3.236944444,1.17E+04,2.67327
3.237222222,1.17E+04,2.67034
3.2375,1.17E+04,2.67144
3.237777778,1.17E+04,2.67189
3.238055556,1.17E+04,2.6694
3.238333333,1.17E+04,2.67221
3.238611111,1.17E+04,2.67006
3.238888889,1.17E+04,2.67015
3.239166667,1.17E+04,2.67116
3.239444444,1.17E+04,2.66896
3.239722222,1.17E+04,2.67118
3.24,1.17E+04,2.66995
3.240277778,1.17E+04,2.66841
3.240555556,1.17E+04,2.67068
3.240833333,1.17E+04,2.66873
3.241111111,1.17E+04,2.6692
3.241388889,1.17E+04,2.66969
3.241666667,1.17E+04,2.66873
3.241944444,1.17E+04,2.66989
3.242222222,1.17E+04,2.66895
3.2425,1.17E+04,2.6677
3.242777778,1.17E+04,2.66871
3.243055556,1.17E+04,2.66694
3.243333333,1.17E+04,2.66798
3.243611111,1.17E+04,2.66778
3.243888889,1.17E+04,2.66708
3.244166667,1.17E+04,2.66788
3.244444444,1.17E+04,2.66701
3.244722222,1.17E+04,2.66701
3.245,1.17E+04,2.66634
3.245277778,1.17E+04,2.66611
3.245555556,1.17E+04,2.66406
3.245833333,1.17E+04,2.66534
3.246111111,1.17E+04,2.66478
3.246388889,1.17E+04,2.6634
3.246666667,1.17E+04,2.66456
3.246944444,1.17E+04,2.66311
3.247222222,1.17E+04,2.66304
3.2475,1.17E+04,2.66423
3.247777778,1.17E+04,2.66214
3.248055556,1.17E+04,2.66315
3.248333333,1.17E+04,2.66247
3.248611111,1.17E+04,2.66082
3.248888889,1.17E+04,2.66274
3.249166667,1.17E+04,2.6618
3.249444444,1.17E+04,2.66113
3.249722222,1.17E+04,2.66279
3.25,1.17E+04,2.66087
3.250277778,1.17E+04,2.66143
3.250555556,1.17E+04,2.66283
3.250833333,1.17E+04,2.6603
3.251111111,1.17E+04,2.66193
3.251388889,1.17E+04,2.6619
3.251666667,1.17E+04,2.65987
3.251944444,1.17E+04,2.66277
3.252222222,1.17E+04,2.66036
3.2525,1.17E+04,2.66044
3.252777778,1.17E+04,2.66151
3.253055556,1.17E+04,2.66103
3.253333333,1.17E+04,2.66115
3.253611111,1.17E+04,2.6614
3.253888889,1.17E+04,2.66104
3.254166667,1.17E+04,2.65944
3.254444444,1.17E+04,2.65937
3.254722222,1.17E+04,2.65984
3.255,1.17E+04,2.6579
3.255277778,1.17E+04,2.65915
3.255555556,1.17E+04,2.65807
3.255833333,1.17E+04,2.65639
3.256111111,1.17E+04,2.65915
3.256388889,1.17E+04,2.65744
3.256666667,1.17E+04,2.65729
3.256944444,1.17E+04,2.65952
3.257222222,1.17E+04,2.65679
3.2575,1.17E+04,2.65755
3.257777778,1.17E+04,2.65777
3.258055556,1.17E+04,2.65563
3.258333333,1.17E+04,2.65838
3.258611111,1.17E+04,2.65668
3.258888889,1.17E+04,2.6552
3.259166667,1.17E+04,2.6581
3.259444444,1.17E+04,2.65503
3.259722222,1.17E+04,2.65628
3.26,1.17E+04,2.65589
3.260277778,1.17E+04,2.65392
3.260555556,1.17E+04,2.65663
3.260833333,1.17E+04,2.65353
3.261111111,1.17E+04,2.65441
3.261388889,1.17E+04,2.65562
3.261666667,1.17E+04,2.65226
3.261944444,1.17E+04,2.65549
3.262222222,1.17E+04,2.6533
3.2625,1.17E+04,2.65295
3.262777778,1.17E+04,2.65543
3.263055556,1.17E+04,2.65223
3.263333333,1.17E+04,2.65399
3.263611111,1.17E+04,2.65379
3.263888889,1.18E+04,2.651
3.264166667,1.18E+04,2.65395
3.264444444,1.18E+04,2.65129
3.264722222,1.18E+04,2.65203
3.265,1.18E+04,2.65299
3.265277778,1.18E+04,2.65039
3.265555556,1.18E+04,2.65316
3.265833333,1.18E+04,2.65009
3.266111111,1.18E+04,2.6503
3.266388889,1.18E+04,2.65112
3.266666667,1.18E+04,2.64886
3.266944444,1.18E+04,2.65085
3.267222222,1.18E+04,2.64936
3.2675,1.18E+04,2.64979
3.267777778,1.18E+04,2.6506
3.268055556,1.18E+04,2.64794
3.268333333,1.18E+04,2.65032
3.268611111,1.18E+04,2.64894
3.268888889,1.18E+04,2.64925
3.269166667,1.18E+04,2.65048
3.269444444,1.18E+04,2.64806
3.269722222,1.18E+04,2.65022
3.27,1.18E+04,2.64834
3.270277778,1.18E+04,2.64726
3.270555556,1.18E+04,2.64953
3.270833333,1.18E+04,2.64759
3.271111111,1.18E+04,2.64792
3.271388889,1.18E+04,2.64807
3.271666667,1.18E+04,2.6466
3.271944444,1.18E+04,2.64821
3.272222222,1.18E+04,2.64621
3.2725,1.18E+04,2.64605
3.272777778,1.18E+04,2.6469
3.273055556,1.18E+04,2.64524
3.273333333,1.18E+04,2.64656
3.273611111,1.18E+04,2.64519
3.273888889,1.18E+04,2.64624
3.274166667,1.18E+04,2.64628
3.274444444,1.18E+04,2.64643
3.274722222,1.18E+04,2.64656
3.275,1.18E+04,2.64595
3.275277778,1.18E+04,2.64628
3.275555556,1.18E+04,2.64383
3.275833333,1.18E+04,2.64529
3.276111111,1.18E+04,2.64418
3.276388889,1.18E+04,2.64411
3.276666667,1.18E+04,2.64517
3.276944444,1.18E+04,2.64377
3.277222222,1.18E+04,2.64448
3.2775,1.18E+04,2.64401
3.277777778,1.18E+04,2.64294
3.278055556,1.18E+04,2.64247
3.278333333,1.18E+04,2.64331
3.278611111,1.18E+04,2.64198
3.278888889,1.18E+04,2.6427
3.279166667,1.18E+04,2.64217
3.279444444,1.18E+04,2.64155
3.279722222,1.18E+04,2.6416
3.28,1.18E+04,2.64094
3.280277778,1.18E+04,2.64078
3.280555556,1.18E+04,2.64015
3.280833333,1.18E+04,2.63963
3.281111111,1.18E+04,2.64088
3.281388889,1.18E+04,2.63953
3.281666667,1.18E+04,2.64026
3.281944444,1.18E+04,2.63953
3.282222222,1.18E+04,2.63937
3.2825,1.18E+04,2.6393
3.282777778,1.18E+04,2.63895
3.283055556,1.18E+04,2.63749
3.283333333,1.18E+04,2.63835
3.283611111,1.18E+04,2.63776
3.283888889,1.18E+04,2.63753
3.284166667,1.18E+04,2.63778
3.284444444,1.18E+04,2.63674
3.284722222,1.18E+04,2.63712
3.285,1.18E+04,2.63671
3.285277778,1.18E+04,2.63549
3.285555556,1.18E+04,2.63661
3.285833333,1.18E+04,2.63461
3.286111111,1.18E+04,2.63525
3.286388889,1.18E+04,2.63461
3.286666667,1.18E+04,2.63446
3.286944444,1.18E+04,2.63422
3.287222222,1.18E+04,2.6339
3.2875,1.18E+04,2.63423
3.287777778,1.18E+04,2.63373
3.288055556,1.18E+04,2.6324
3.288333333,1.18E+04,2.63406
3.288611111,1.18E+04,2.63271
3.288888889,1.18E+04,2.63291
3.289166667,1.18E+04,2.63171
3.289444444,1.18E+04,2.63177
3.289722222,1.18E+04,2.63168
3.29,1.18E+04,2.63177
3.290277778,1.18E+04,2.63077
3.290555556,1.18E+04,2.63183
3.290833333,1.18E+04,2.63065
3.291111111,1.18E+04,2.63052
3.291388889,1.18E+04,2.63099
3.291666667,1.19E+04,2.62944
3.291944444,1.19E+04,2.62961
3.292222222,1.19E+04,2.62893
3.2925,1.19E+04,2.62841
3.292777778,1.19E+04,2.63008
3.293055556,1.19E+04,2.62795
3.293333333,1.19E+04,2.62804
3.293611111,1.19E+04,2.62908
3.293888889,1.19E+04,2.62739
3.294166667,1.19E+04,2.62884
3.294444444,1.19E+04,2.62836
3.294722222,1.19E+04,2.6272
3.295,1.19E+04,2.6294
3.295277778,1.19E+04,2.62779
3.295555556,1.19E+04,2.62817
3.295833333,1.19E+04,2.62934
3.296111111,1.19E+04,2.62645
3.296388889,1.19E+04,2.62791
3.296666667,1.19E+04,2.62799
3.296944444,1.19E+04,2.62627
3.297222222,1.19E+04,2.62847
3.2975,1.19E+04,2.62637
3.297777778,1.19E+04,2.6268
3.298055556,1.19E+04,2.6292
3.298333333,1.19E+04,2.62613
3.298611111,1.19E+04,2.62759
3.298888889,1.19E+04,2.62691
3.299166667,1.19E+04,2.6259
3.299444444,1.19E+04,2.62817
3.299722222,1.19E+04,2.62521
3.3,1.19E+04,2.62628
3.300277778,1.19E+04,2.62639
3.300555556,1.19E+04,2.62425
3.300833333,1.19E+04,2.62649
3.301111111,1.19E+04,2.62383
3.301388889,1.19E+04,2.62474
3.301666667,1.19E+04,2.62573
3.301944444,1.19E+04,2.62336
3.302222222,1.19E+04,2.62519
3.3025,1.19E+04,2.62426
3.302777778,1.19E+04,2.62364
3.303055556,1.19E+04,2.62537
3.303333333,1.19E+04,2.62222
3.303611111,1.19E+04,2.62356
3.303888889,1.19E+04,2.62368
3.304166667,1.19E+04,2.62166
3.304444444,1.19E+04,2.62444
3.304722222,1.19E+04,2.62224
3.305,1.19E+04,2.62113
3.305277778,1.19E+04,2.62378
3.305555556,1.19E+04,2.62159
3.305833333,1.19E+04,2.62286
3.306111111,1.19E+04,2.6223
3.306388889,1.19E+04,2.62189
3.306666667,1.19E+04,2.61958
3.306944444,1.19E+04,2.6203
3.307222222,1.19E+04,2.6197
3.3075,1.19E+04,2.6178
3.307777778,1.19E+04,2.61949
3.308055556,1.19E+04,2.61917
3.308333333,1.19E+04,2.61708
3.308611111,1.19E+04,2.61902
3.308888889,1.19E+04,2.6182
3.309166667,1.19E+04,2.61694
3.309444444,1.19E+04,2.61913
3.309722222,1.19E+04,2.61707
3.31,1.19E+04,2.61791
3.310277778,1.19E+04,2.61858
3.310555556,1.19E+04,2.61636
3.310833333,1.19E+04,2.61872
3.311111111,1.19E+04,2.61697
3.311388889,1.19E+04,2.61635
3.311666667,1.19E+04,2.61495
3.311944444,1.19E+04,2.61604
3.312222222,1.19E+04,2.61401
3.3125,1.19E+04,2.61398
3.312777778,1.19E+04,2.61483
3.313055556,1.19E+04,2.61313
3.313333333,1.19E+04,2.61346
3.313611111,1.19E+04,2.61403
3.313888889,1.19E+04,2.61217
3.314166667,1.19E+04,2.61356
3.314444444,1.19E+04,2.61265
3.314722222,1.19E+04,2.61111
3.315,1.19E+04,2.61314
3.315277778,1.19E+04,2.61116
3.315555556,1.19E+04,2.61102
3.315833333,1.19E+04,2.61356
3.316111111,1.19E+04,2.61047
3.316388889,1.19E+04,2.61168
3.316666667,1.19E+04,2.61198
3.316944444,1.19E+04,2.60981
3.317222222,1.19E+04,2.61253
3.3175,1.19E+04,2.61156
3.317777778,1.19E+04,2.6107
3.318055556,1.19E+04,2.61145
3.318333333,1.19E+04,2.60984
3.318611111,1.19E+04,2.61054
3.318888889,1.19E+04,2.61058
3.319166667,1.19E+04,2.60989
3.319444444,1.20E+04,2.61005
3.319722222,1.20E+04,2.60966
3.32,1.20E+04,2.60943
3.320277778,1.20E+04,2.60982
3.320555556,1.20E+04,2.60767
3.320833333,1.20E+04,2.60883
3.321111111,1.20E+04,2.60871
3.321388889,1.20E+04,2.60775
3.321666667,1.20E+04,2.6089
3.321944444,1.20E+04,2.60761
3.322222222,1.20E+04,2.609
3.3225,1.20E+04,2.60807
3.322777778,1.20E+04,2.60695
3.323055556,1.20E+04,2.60692
3.323333333,1.20E+04,2.60697
3.323611111,1.20E+04,2.60589
3.323888889,1.20E+04,2.60595
3.324166667,1.20E+04,2.60669
3.324444444,1.20E+04,2.60481
3.324722222,1.20E+04,2.60478
3.325,1.20E+04,2.60538
3.325277778,1.20E+04,2.60294
3.325555556,1.20E+04,2.60433
3.325833333,1.20E+04,2.60327
3.326111111,1.20E+04,2.60096
3.326388889,1.20E+04,2.60371
3.326666667,1.20E+04,2.6014
3.326944444,1.20E+04,2.60115
3.327222222,1.20E+04,2.6029
3.3275,1.20E+04,2.60076
3.327777778,1.20E+04,2.60164
3.328055556,1.20E+04,2.6024
3.328333333,1.20E+04,2.60014
3.328611111,1.20E+04,2.60185
3.328888889,1.20E+04,2.60212
3.329166667,1.20E+04,2.60091
3.329444444,1.20E+04,2.60174
3.329722222,1.20E+04,2.60096
3.33,1.20E+04,2.60039
3.330277778,1.20E+04,2.59972
3.330555556,1.20E+04,2.60021
3.330833333,1.20E+04,2.59694
3.331111111,1.20E+04,2.59837
3.331388889,1.20E+04,2.5981
3.331666667,1.20E+04,2.59667
3.331944444,1.20E+04,2.59826
3.332222222,1.20E+04,2.59752
3.3325,1.20E+04,2.59557
3.332777778,1.20E+04,2.59731
3.333055556,1.20E+04,2.59542
3.333333333,1.20E+04,2.59587
3.333611111,1.20E+04,2.59745
3.333888889,1.20E+04,2.59484
3.334166667,1.20E+04,2.59581
3.334444444,1.20E+04,2.59698
3.334722222,1.20E+04,2.59417
3.335,1.20E+04,2.59688
3.335277778,1.20E+04,2.59581
3.335555556,1.20E+04,2.59572
3.335833333,1.20E+04,2.5958
3.336111111,1.20E+04,2.59604
3.336388889,1.20E+04,2.59469
3.336666667,1.20E+04,2.59478
3.336944444,1.20E+04,2.59496
3.337222222,1.20E+04,2.5931
3.3375,1.20E+04,2.5933
3.337777778,1.20E+04,2.59293
3.338055556,1.20E+04,2.59175
3.338333333,1.20E+04,2.59305
3.338611111,1.20E+04,2.5918
3.338888889,1.20E+04,2.59027
3.339166667,1.20E+04,2.59234
3.339444444,1.20E+04,2.58968
3.339722222,1.20E+04,2.59075
3.34,1.20E+04,2.59228
3.340277778,1.20E+04,2.58976
3.340555556,1.20E+04,2.59124
3.340833333,1.20E+04,2.59106
3.341111111,1.20E+04,2.58895
3.341388889,1.20E+04,2.59197
3.341666667,1.20E+04,2.58943
3.341944444,1.20E+04,2.58947
3.342222222,1.20E+04,2.59137
3.3425,1.20E+04,2.58819
3.342777778,1.20E+04,2.59091
3.343055556,1.20E+04,2.58895
3.343333333,1.20E+04,2.58828
3.343611111,1.20E+04,2.59058
3.343888889,1.20E+04,2.58767
3.344166667,1.20E+04,2.58903
3.344444444,1.20E+04,2.5889
3.344722222,1.20E+04,2.5864
3.345,1.20E+04,2.58893
3.345277778,1.20E+04,2.58666
3.345555556,1.20E+04,2.58675
3.345833333,1.20E+04,2.58779
3.346111111,1.20E+04,2.58484
3.346388889,1.20E+04,2.58816
3.346666667,1.20E+04,2.58509
3.346944444,1.20E+04,2.58533
3.347222222,1.21E+04,2.58687
3.3475,1.21E+04,2.58443
3.347777778,1.21E+04,2.58627
3.348055556,1.21E+04,2.58429
3.348333333,1.21E+04,2.58477
3.348611111,1.21E+04,2.5855
3.348888889,1.21E+04,2.58238
3.349166667,1.21E+04,2.58476
3.349444444,1.21E+04,2.58377
3.349722222,1.21E+04,2.58282
3.35,1.21E+04,2.58377
3.350277778,1.21E+04,2.58107
3.350555556,1.21E+04,2.58329
3.350833333,1.21E+04,2.58259
3.351111111,1.21E+04,2.58157
3.351388889,1.21E+04,2.58338
3.351666667,1.21E+04,2.58111
3.351944444,1.21E+04,2.58278
3.352222222,1.21E+04,2.58054
3.3525,1.21E+04,2.58182
3.352777778,1.21E+04,2.58198
3.353055556,1.21E+04,2.58219
3.353333333,1.21E+04,2.58181
3.353611111,1.21E+04,2.58186
3.353888889,1.21E+04,2.58137
3.354166667,1.21E+04,2.57868
3.354444444,1.21E+04,2.5808
3.354722222,1.21E+04,2.57806
3.355,1.21E+04,2.57905
3.355277778,1.21E+04,2.57966
3.355555556,1.21E+04,2.57748
3.355833333,1.21E+04,2.58011
3.356111111,1.21E+04,2.57697
3.356388889,1.21E+04,2.57737
3.356666667,1.21E+04,2.5786
3.356944444,1.21E+04,2.57623
3.357222222,1.21E+04,2.57842
3.3575,1.21E+04,2.57577
3.357777778,1.21E+04,2.57632
3.358055556,1.21E+04,2.57683
3.358333333,1.21E+04,2.5739
3.358611111,1.21E+04,2.57656
3.358888889,1.21E+04,2.57436
3.359166667,1.21E+04,2.57534
3.359444444,1.21E+04,2.57441
3.359722222,1.21E+04,2.57341
3.36,1.21E+04,2.57582
3.360277778,1.21E+04,2.57396
3.360555556,1.21E+04,2.57372
3.360833333,1.21E+04,2.57455
3.361111111,1.21E+04,2.57213
3.361388889,1.21E+04,2.57336
3.361666667,1.21E+04,2.57218
3.361944444,1.21E+04,2.57107
3.362222222,1.21E+04,2.57278
3.3625,1.21E+04,2.57109
3.362777778,1.21E+04,2.57219
3.363055556,1.21E+04,2.57231
3.363333333,1.21E+04,2.57078
3.363611111,1.21E+04,2.57314
3.363888889,1.21E+04,2.57144
3.364166667,1.21E+04,2.57208
3.364444444,1.21E+04,2.57207
3.364722222,1.21E+04,2.57012
3.365,1.21E+04,2.57234
3.365277778,1.21E+04,2.57119
3.365555556,1.21E+04,2.57033
3.365833333,1.21E+04,2.57199
3.366111111,1.21E+04,2.56948
3.366388889,1.21E+04,2.5706
3.366666667,1.21E+04,2.57064
3.366944444,1.21E+04,2.56848
3.367222222,1.21E+04,2.57054
3.3675,1.21E+04,2.56924
3.367777778,1.21E+04,2.56871
3.368055556,1.21E+04,2.57074
3.368333333,1.21E+04,2.56793
3.368611111,1.21E+04,2.56905
3.368888889,1.21E+04,2.56929
3.369166667,1.21E+04,2.56677
3.369444444,1.21E+04,2.56974
3.369722222,1.21E+04,2.56702
3.37,1.21E+04,2.56661
3.370277778,1.21E+04,2.56942
3.370555556,1.21E+04,2.56581
3.370833333,1.21E+04,2.56837
3.371111111,1.21E+04,2.56619
3.371388889,1.21E+04,2.56542
3.371666667,1.21E+04,2.56845
3.371944444,1.21E+04,2.56459
3.372222222,1.21E+04,2.56563
3.3725,1.21E+04,2.56608
3.372777778,1.21E+04,2.56309
3.373055556,1.21E+04,2.56593
3.373333333,1.21E+04,2.56389
3.373611111,1.21E+04,2.56384
3.373888889,1.21E+04,2.56503
3.374166667,1.21E+04,2.56234
3.374444444,1.21E+04,2.56534
3.374722222,1.21E+04,2.56298
3.375,1.22E+04,2.56164
3.375277778,1.22E+04,2.56436
3.375555556,1.22E+04,2.56125
3.375833333,1.22E+04,2.5624
3.376111111,1.22E+04,2.56238
3.376388889,1.22E+04,2.55994
3.376666667,1.22E+04,2.56306
3.376944444,1.22E+04,2.55969
3.377222222,1.22E+04,2.55985
3.3775,1.22E+04,2.56155
3.377777778,1.22E+04,2.55838
3.378055556,1.22E+04,2.56148
3.378333333,1.22E+04,2.55921
3.378611111,1.22E+04,2.55831
3.378888889,1.22E+04,2.56116
3.379166667,1.22E+04,2.55776
3.379444444,1.22E+04,2.55904
3.379722222,1.22E+04,2.55837
3.38,1.22E+04,2.55608
3.380277778,1.22E+04,2.559
3.380555556,1.22E+04,2.55685
3.380833333,1.22E+04,2.55759
3.381111111,1.22E+04,2.55864
3.381388889,1.22E+04,2.55639
3.381666667,1.22E+04,2.55875
3.381944444,1.22E+04,2.55723
3.382222222,1.22E+04,2.55549
3.3825,1.22E+04,2.55707
3.382777778,1.22E+04,2.55443
3.383055556,1.22E+04,2.55613
3.383333333,1.22E+04,2.55529
3.383611111,1.22E+04,2.55362
3.383888889,1.22E+04,2.55696
3.384166667,1.22E+04,2.55434
3.384444444,1.22E+04,2.5548
3.384722222,1.22E+04,2.55571
3.385,1.22E+04,2.55318
3.385277778,1.22E+04,2.55457
3.385555556,1.22E+04,2.55509
3.385833333,1.22E+04,2.55417
3.386111111,1.22E+04,2.55452
3.386388889,1.22E+04,2.5543
3.386666667,1.22E+04,2.55375
3.386944444,1.22E+04,2.55268
3.387222222,1.22E+04,2.55346
3.3875,1.22E+04,2.55113
3.387777778,1.22E+04,2.55284
3.388055556,1.22E+04,2.5538
3.388333333,1.22E+04,2.55105
3.388611111,1.22E+04,2.55267
3.388888889,1.22E+04,2.55428
3.389166667,1.22E+04,2.5513
3.389444444,1.22E+04,2.55388
3.389722222,1.22E+04,2.55276
3.39,1.22E+04,2.55169
3.390277778,1.22E+04,2.55342
3.390555556,1.22E+04,2.55374
3.390833333,1.22E+04,2.55319
3.391111111,1.22E+04,2.55245
3.391388889,1.22E+04,2.55238
3.391666667,1.22E+04,2.55111
3.391944444,1.22E+04,2.55049
3.392222222,1.22E+04,2.55215
3.3925,1.22E+04,2.54958
3.392777778,1.22E+04,2.55098
3.393055556,1.22E+04,2.5501
3.393333333,1.22E+04,2.54762
3.393611111,1.22E+04,2.54999
3.393888889,1.22E+04,2.54899
3.394166667,1.22E+04,2.54761
3.394444444,1.22E+04,2.55054
3.394722222,1.22E+04,2.54786
3.395,1.22E+04,2.54721
3.395277778,1.22E+04,2.54929
3.395555556,1.22E+04,2.54755
3.395833333,1.22E+04,2.54865
3.396111111,1.22E+04,2.54878
3.396388889,1.22E+04,2.5477
3.396666667,1.22E+04,2.54616
3.396944444,1.22E+04,2.54649
3.397222222,1.22E+04,2.54596
3.3975,1.22E+04,2.54418
3.397777778,1.22E+04,2.54574
3.398055556,1.22E+04,2.54521
3.398333333,1.22E+04,2.54348
3.398611111,1.22E+04,2.54599
3.398888889,1.22E+04,2.54475
3.399166667,1.22E+04,2.54255
3.399444444,1.22E+04,2.54478
3.399722222,1.22E+04,2.54407
3.4,1.22E+04,2.54319
3.400277778,1.22E+04,2.54234
3.400555556,1.22E+04,2.5432
3.400833333,1.22E+04,2.5412
3.401111111,1.22E+04,2.53983
3.401388889,1.22E+04,2.54219
3.401666667,1.22E+04,2.54037
3.401944444,1.22E+04,2.53927
3.402222222,1.22E+04,2.54126
3.4025,1.22E+04,2.54121
3.402777778,1.23E+04,2.53966
3.403055556,1.23E+04,2.53895
3.403333333,1.23E+04,2.54013
3.403611111,1.23E+04,2.5384
3.403888889,1.23E+04,2.53711
3.404166667,1.23E+04,2.53988
3.404444444,1.23E+04,2.53801
3.404722222,1.23E+04,2.5373
3.405,1.23E+04,2.5394
3.405277778,1.23E+04,2.53888
3.405555556,1.23E+04,2.53786
3.405833333,1.23E+04,2.53881
3.406111111,1.23E+04,2.53792
3.406388889,1.23E+04,2.53598
3.406666667,1.23E+04,2.5357
3.406944444,1.23E+04,2.53672
3.407222222,1.23E+04,2.53397
3.4075,1.23E+04,2.53525
3.407777778,1.23E+04,2.53537
3.408055556,1.23E+04,2.53343
3.408333333,1.23E+04,2.5357
3.408611111,1.23E+04,2.53477
3.408888889,1.23E+04,2.53253
3.409166667,1.23E+04,2.5355
3.409444444,1.23E+04,2.534
3.409722222,1.23E+04,2.53488
3.41,1.23E+04,2.53391
3.410277778,1.23E+04,2.53383
3.410555556,1.23E+04,2.53156
3.410833333,1.23E+04,2.53162
3.411111111,1.23E+04,2.53247
3.411388889,1.23E+04,2.52976
3.411666667,1.23E+04,2.53082
3.411944444,1.23E+04,2.53123
3.412222222,1.23E+04,2.52921
3.4125,1.23E+04,2.53157
3.412777778,1.23E+04,2.53106
3.413055556,1.23E+04,2.52876
3.413333333,1.23E+04,2.53168
3.413611111,1.23E+04,2.53035
3.413888889,1.23E+04,2.53026
3.414166667,1.23E+04,2.53013
3.414444444,1.23E+04,2.52935
3.414722222,1.23E+04,2.52806
3.415,1.23E+04,2.52813
3.415277778,1.23E+04,2.52886
3.415555556,1.23E+04,2.52652
3.415833333,1.23E+04,2.52716
3.416111111,1.23E+04,2.52679
3.416388889,1.23E+04,2.52458
3.416666667,1.23E+04,2.52608
3.416944444,1.23E+04,2.52514
3.417222222,1.23E+04,2.5239
3.4175,1.23E+04,2.52623
3.417777778,1.23E+04,2.52368
3.418055556,1.23E+04,2.52361
3.418333333,1.23E+04,2.52635
3.418611111,1.23E+04,2.52247
3.418888889,1.23E+04,2.52416
3.419166667,1.23E+04,2.52387
3.419444444,1.23E+04,2.5216
3.419722222,1.23E+04,2.52361
3.42,1.23E+04,2.52274
3.420277778,1.23E+04,2.52274
3.420555556,1.23E+04,2.52347
3.420833333,1.23E+04,2.52157
3.421111111,1.23E+04,2.52239
3.421388889,1.23E+04,2.52203
3.421666667,1.23E+04,2.52086
3.421944444,1.23E+04,2.52037
3.422222222,1.23E+04,2.5208
3.4225,1.23E+04,2.51884
3.422777778,1.23E+04,2.51922
3.423055556,1.23E+04,2.51963
3.423333333,1.23E+04,2.51799
3.423611111,1.23E+04,2.5184
3.423888889,1.23E+04,2.51779
3.424166667,1.23E+04,2.51665
3.424444444,1.23E+04,2.51845
3.424722222,1.23E+04,2.51643
3.425,1.23E+04,2.51568
3.425277778,1.23E+04,2.51721
3.425555556,1.23E+04,2.51447
3.425833333,1.23E+04,2.51582
3.426111111,1.23E+04,2.5166
3.426388889,1.23E+04,2.51457
3.426666667,1.23E+04,2.51692
3.426944444,1.23E+04,2.51516
3.427222222,1.23E+04,2.51387
3.4275,1.23E+04,2.51639
3.427777778,1.23E+04,2.51318
3.428055556,1.23E+04,2.51421
3.428333333,1.23E+04,2.51498
3.428611111,1.23E+04,2.51238
3.428888889,1.23E+04,2.51376
3.429166667,1.23E+04,2.51241
3.429444444,1.23E+04,2.51211
3.429722222,1.23E+04,2.51269
3.43,1.23E+04,2.51117
3.430277778,1.23E+04,2.51209
3.430555556,1.24E+04,2.51171
3.430833333,1.24E+04,2.51122
3.431111111,1.24E+04,2.50897
3.431388889,1.24E+04,2.50967
3.431666667,1.24E+04,2.50909
3.431944444,1.24E+04,2.50721
3.432222222,1.24E+04,2.50896
3.4325,1.24E+04,2.50911
3.432777778,1.24E+04,2.50811
3.433055556,1.24E+04,2.50857
3.433333333,1.24E+04,2.50766
3.433611111,1.24E+04,2.50795
3.433888889,1.24E+04,2.50499
3.434166667,1.24E+04,2.50609
3.434444444,1.24E+04,2.50644
3.434722222,1.24E+04,2.50479
3.435,1.24E+04,2.5057
3.435277778,1.24E+04,2.5062
3.435555556,1.24E+04,2.50599
3.435833333,1.24E+04,2.50529
3.436111111,1.24E+04,2.50453
3.436388889,1.24E+04,2.50517
3.436666667,1.24E+04,2.50244
3.436944444,1.24E+04,2.50325
3.437222222,1.24E+04,2.50487
3.4375,1.24E+04,2.50297
3.437777778,1.24E+04,2.50378
3.438055556,1.24E+04,2.50402
3.438333333,1.24E+04,2.50356
3.438611111,1.24E+04,2.50274
3.438888889,1.24E+04,2.50269
3.439166667,1.24E+04,2.50145
3.439444444,1.24E+04,2.5005
3.439722222,1.24E+04,2.50201
3.44,1.24E+04,2.49969
3.440277778,1.24E+04,2.49847
3.440555556,1.24E+04,2.50017
3.440833333,1.24E+04,2.49764
3.441111111,1.24E+04,2.49847
3.441388889,1.24E+04,2.50102
3.441666667,1.24E+04,2.49787
3.441944444,1.24E+04,2.49971
3.442222222,1.24E+04,2.49964
3.4425,1.24E+04,2.49921
3.442777778,1.24E+04,2.49799
3.443055556,1.24E+04,2.49819
3.443333333,1.24E+04,2.49745
3.443611111,1.24E+04,2.49489
3.443888889,1.24E+04,2.49597
3.444166667,1.24E+04,2.49689
3.444444444,1.24E+04,2.49498
3.444722222,1.24E+04,2.49716
3.445,1.24E+04,2.49539
3.445277778,1.24E+04,2.49534
3.445555556,1.24E+04,2.4958
3.445833333,1.24E+04,2.49581
3.446111111,1.24E+04,2.4946
3.446388889,1.24E+04,2.49231
3.446666667,1.24E+04,2.49335
3.446944444,1.24E+04,2.4929
3.447222222,1.24E+04,2.49161
3.4475,1.24E+04,2.49466
3.447777778,1.24E+04,2.49167
3.448055556,1.24E+04,2.49199
3.448333333,1.24E+04,2.49349
3.448611111,1.24E+04,2.49289
3.448888889,1.24E+04,2.49259
3.449166667,1.24E+04,2.49127
3.449444444,1.24E+04,2.492
3.449722222,1.24E+04,2.48956
3.45,1.24E+04,2.48995
3.450277778,1.24E+04,2.49074
3.450555556,1.24E+04,2.48944
3.450833333,1.24E+04,2.48977
3.451111111,1.24E+04,2.49148
3.451388889,1.24E+04,2.48942
3.451666667,1.24E+04,2.49071
3.451944444,1.24E+04,2.49028
3.452222222,1.24E+04,2.48998
3.4525,1.24E+04,2.48752
3.452777778,1.24E+04,2.48849
3.453055556,1.24E+04,2.48839
3.453333333,1.24E+04,2.48626
3.453611111,1.24E+04,2.48824
3.453888889,1.24E+04,2.4892
3.454166667,1.24E+04,2.48607
3.454444444,1.24E+04,2.48919
3.454722222,1.24E+04,2.48813
3.455,1.24E+04,2.48807
3.455277778,1.24E+04,2.48735
3.455555556,1.24E+04,2.48785
3.455833333,1.24E+04,2.48612
3.456111111,1.24E+04,2.48613
3.456388889,1.24E+04,2.48683
3.456666667,1.24E+04,2.48483
3.456944444,1.24E+04,2.48466
3.457222222,1.24E+04,2.48574
3.4575,1.24E+04,2.48314
3.457777778,1.24E+04,2.48449
3.458055556,1.24E+04,2.48476
3.458333333,1.25E+04,2.48227
3.458611111,1.25E+04,2.48533
3.458888889,1.25E+04,2.48282
3.459166667,1.25E+04,2.48192
3.459444444,1.25E+04,2.48463
3.459722222,1.25E+04,2.48313
3.46,1.25E+04,2.48235
3.460277778,1.25E+04,2.48255
3.460555556,1.25E+04,2.48258
3.460833333,1.25E+04,2.48046
3.461111111,1.25E+04,2.48035
3.461388889,1.25E+04,2.48181
3.461666667,1.25E+04,2.47802
3.461944444,1.25E+04,2.47959
3.462222222,1.25E+04,2.48149
3.4625,1.25E+04,2.47854
3.462777778,1.25E+04,2.48055
3.463055556,1.25E+04,2.48086
3.463333333,1.25E+04,2.48029
3.463611111,1.25E+04,2.47872
3.463888889,1.25E+04,2.47788
3.464166667,1.25E+04,2.47919
3.464444444,1.25E+04,2.47597
3.464722222,1.25E+04,2.47688
3.465,1.25E+04,2.47867
3.465277778,1.25E+04,2.4772
3.465555556,1.25E+04,2.4771
3.465833333,1.25E+04,2.47673
3.466111111,1.25E+04,2.47714
3.466388889,1.25E+04,2.47588
3.466666667,1.25E+04,2.47402
3.466944444,1.25E+04,2.47694
3.467222222,1.25E+04,2.47536
3.4675,1.25E+04,2.47523
3.467777778,1.25E+04,2.47425
3.468055556,1.25E+04,2.4749
3.468333333,1.25E+04,2.47394
3.468611111,1.25E+04,2.47207
3.468888889,1.25E+04,2.47367
3.469166667,1.25E+04,2.47521
3.469444444,1.25E+04,2.47243
3.469722222,1.25E+04,2.47373
3.47,1.25E+04,2.47325
3.470277778,1.25E+04,2.47331
3.470555556,1.25E+04,2.47125
3.470833333,1.25E+04,2.47147
3.471111111,1.25E+04,2.47309
3.471388889,1.25E+04,2.47096
3.471666667,1.25E+04,2.47167
3.471944444,1.25E+04,2.47167
3.472222222,1.25E+04,2.47159
3.4725,1.25E+04,2.46942
3.472777778,1.25E+04,2.46849
3.473055556,1.25E+04,2.46961
3.473333333,1.25E+04,2.46848
3.473611111,1.25E+04,2.46707
3.473888889,1.25E+04,2.47014
3.474166667,1.25E+04,2.46934
3.474444444,1.25E+04,2.46926
3.474722222,1.25E+04,2.46722
3.475,1.25E+04,2.46768
3.475277778,1.25E+04,2.46694
3.475555556,1.25E+04,2.46538
3.475833333,1.25E+04,2.46776
3.476111111,1.25E+04,2.4669
3.476388889,1.25E+04,2.46604
3.476666667,1.25E+04,2.46734
3.476944444,1.25E+04,2.46671
3.477222222,1.25E+04,2.46612
3.4775,1.25E+04,2.46384
3.477777778,1.25E+04,2.46473
3.478055556,1.25E+04,2.46362
3.478333333,1.25E+04,2.46215
3.478611111,1.25E+04,2.46415
3.478888889,1.25E+04,2.4628
3.479166667,1.25E+04,2.46176
3.479444444,1.25E+04,2.46485
3.479722222,1.25E+04,2.46291
3.48,1.25E+04,2.46369
3.480277778,1.25E+04,2.46361
3.480555556,1.25E+04,2.46329
3.480833333,1.25E+04,2.46011
3.481111111,1.25E+04,2.46052
3.481388889,1.25E+04,2.46198
3.481666667,1.25E+04,2.45936
3.481944444,1.25E+04,2.46018
3.482222222,1.25E+04,2.46264
3.4825,1.25E+04,2.45908
3.482777778,1.25E+04,2.4603
3.483055556,1.25E+04,2.46072
3.483333333,1.25E+04,2.45929
3.483611111,1.25E+04,2.45863
3.483888889,1.25E+04,2.45984
3.484166667,1.25E+04,2.45902
3.484444444,1.25E+04,2.4573
3.484722222,1.25E+04,2.45824
3.485,1.25E+04,2.45755
3.485277778,1.25E+04,2.45515
3.485555556,1.25E+04,2.45759
3.485833333,1.25E+04,2.45704
3.486111111,1.26E+04,2.45529
3.486388889,1.26E+04,2.45803
3.486666667,1.26E+04,2.45743
3.486944444,1.26E+04,2.45725
3.487222222,1.26E+04,2.45633
3.4875,1.26E+04,2.45594
3.487777778,1.26E+04,2.45441
3.488055556,1.26E+04,2.45406
3.488333333,1.26E+04,2.45544
3.488611111,1.26E+04,2.45285
3.488888889,1.26E+04,2.45358
3.489166667,1.26E+04,2.4553
3.489444444,1.26E+04,2.45203
3.489722222,1.26E+04,2.45366
3.49,1.26E+04,2.45476
3.490277778,1.26E+04,2.45202
3.490555556,1.26E+04,2.45426
3.490833333,1.26E+04,2.45364
3.491111111,1.26E+04,2.45344
3.491388889,1.26E+04,2.45227
3.491666667,1.26E+04,2.45308
3.491944444,1.26E+04,2.45128
3.492222222,1.26E+04,2.45044
3.4925,1.26E+04,2.45128
3.492777778,1.26E+04,2.44934
3.493055556,1.26E+04,2.44957
3.493333333,1.26E+04,2.44945
3.493611111,1.26E+04,2.44737
3.493888889,1.26E+04,2.44951
3.494166667,1.26E+04,2.44968
3.494444444,1.26E+04,2.44695
3.494722222,1.26E+04,2.45046
3.495,1.26E+04,2.44885
3.495277778,1.26E+04,2.44831
3.495555556,1.26E+04,2.44865
3.495833333,1.26E+04,2.44925
3.496111111,1.26E+04,2.44729
3.496388889,1.26E+04,2.44688
3.496666667,1.26E+04,2.44824
3.496944444,1.26E+04,2.4462
3.497222222,1.26E+04,2.44551
3.4975,1.26E+04,2.44686
3.497777778,1.26E+04,2.4443
3.498055556,1.26E+04,2.44577
3.498333333,1.26E+04,2.44724
3.498611111,1.26E+04,2.44375
3.498888889,1.26E+04,2.44585
3.499166667,1.26E+04,2.44551
3.499444444,1.26E+04,2.44442
3.499722222,1.26E+04,2.44529
3.5,1.26E+04,2.44455
3.500277778,1.26E+04,2.44351
3.500555556,1.26E+04,2.44171
3.500833333,1.26E+04,2.44298
3.501111111,1.26E+04,2.44186
3.501388889,1.26E+04,2.44029
3.501666667,1.26E+04,2.44333
3.501944444,1.26E+04,2.44135
3.502222222,1.26E+04,2.44133
3.5025,1.26E+04,2.44205
3.502777778,1.26E+04,2.44139
3.503055556,1.26E+04,2.44015
3.503333333,1.26E+04,2.43854
3.503611111,1.26E+04,2.44048
3.503888889,1.26E+04,2.43871
3.504166667,1.26E+04,2.43719
3.504444444,1.26E+04,2.44009
3.504722222,1.26E+04,2.43754
3.505,1.26E+04,2.43644
3.505277778,1.26E+04,2.43966
3.505555556,1.26E+04,2.43728
3.505833333,1.26E+04,2.43809
3.506111111,1.26E+04,2.43814
3.506388889,1.26E+04,2.43837
3.506666667,1.26E+04,2.43597
3.506944444,1.26E+04,2.43547
3.507222222,1.26E+04,2.43676
3.5075,1.26E+04,2.43321
3.507777778,1.26E+04,2.43477
3.508055556,1.26E+04,2.43715
3.508333333,1.26E+04,2.43491
3.508611111,1.26E+04,2.43504
3.508888889,1.26E+04,2.43461
3.509166667,1.26E+04,2.43575
3.509444444,1.26E+04,2.43299
3.509722222,1.26E+04,2.4326
3.51,1.26E+04,2.43566
3.510277778,1.26E+04,2.43315
3.510555556,1.26E+04,2.43342
3.510833333,1.26E+04,2.43402
3.511111111,1.26E+04,2.43373
3.511388889,1.26E+04,2.43153
3.511666667,1.26E+04,2.43085
3.511944444,1.26E+04,2.43268
3.512222222,1.26E+04,2.43017
3.5125,1.26E+04,2.43052
3.512777778,1.26E+04,2.43291
3.513055556,1.26E+04,2.43048
3.513333333,1.26E+04,2.43197
3.513611111,1.26E+04,2.43296
3.513888889,1.27E+04,2.43169
3.514166667,1.27E+04,2.43035
3.514444444,1.27E+04,2.43081
3.514722222,1.27E+04,2.4314
3.515,1.27E+04,2.42801
3.515277778,1.27E+04,2.42902
3.515555556,1.27E+04,2.42945
3.515833333,1.27E+04,2.427
3.516111111,1.27E+04,2.42965
3.516388889,1.27E+04,2.42863
3.516666667,1.27E+04,2.42737
3.516944444,1.27E+04,2.42848
3.517222222,1.27E+04,2.4292
3.5175,1.27E+04,2.42845
3.517777778,1.27E+04,2.42633
3.518055556,1.27E+04,2.42708
3.518333333,1.27E+04,2.42692
3.518611111,1.27E+04,2.42556
3.518888889,1.27E+04,2.42771
3.519166667,1.27E+04,2.42648
3.519444444,1.27E+04,2.42706
3.519722222,1.27E+04,2.42516
3.52,1.27E+04,2.42519
3.520277778,1.27E+04,2.42495
3.520555556,1.27E+04,2.42217
3.520833333,1.27E+04,2.42401
3.521111111,1.27E+04,2.42855
3.521388889,1.27E+04,2.42641
3.521666667,1.27E+04,2.42722
3.521944444,1.27E+04,2.42747
3.522222222,1.27E+04,2.4282
3.5225,1.27E+04,2.42545
3.522777778,1.27E+04,2.42546
3.523055556,1.27E+04,2.42839
3.523333333,1.27E+04,2.42547
3.523611111,1.27E+04,2.42708
3.523888889,1.27E+04,2.42532
3.524166667,1.27E+04,2.42626
3.524444444,1.27E+04,2.42384
3.524722222,1.27E+04,2.42306
3.525,1.27E+04,2.4258
3.525277778,1.27E+04,2.42518
3.525555556,1.27E+04,2.42513
3.525833333,1.27E+04,2.42366
3.526111111,1.27E+04,2.42235
3.526388889,1.27E+04,2.4249
3.526666667,1.27E+04,2.42304
3.526944444,1.27E+04,2.4238
3.527222222,1.27E+04,2.42239
3.5275,1.27E+04,2.42368
3.527777778,1.27E+04,2.42356
3.528055556,1.27E+04,2.42149
3.528333333,1.27E+04,2.42385
3.528611111,1.27E+04,2.42417
3.528888889,1.27E+04,2.42378
3.529166667,1.27E+04,2.42161
3.529444444,1.27E+04,2.42048
3.529722222,1.27E+04,2.42312
3.53,1.27E+04,2.42187
3.530277778,1.27E+04,2.4224
3.530555556,1.27E+04,2.42087
3.530833333,1.27E+04,2.41999
3.531111111,1.27E+04,2.42156
3.531388889,1.27E+04,2.41928
3.531666667,1.27E+04,2.41937
3.531944444,1.27E+04,2.4207
3.532222222,1.27E+04,2.4203
3.5325,1.27E+04,2.41837
3.532777778,1.27E+04,2.4165
3.533055556,1.27E+04,2.41895
3.533333333,1.27E+04,2.41906
3.533611111,1.27E+04,2.4162
3.533888889,1.27E+04,2.41941
3.534166667,1.27E+04,2.41892
3.534444444,1.27E+04,2.41853
3.534722222,1.27E+04,2.41621
3.535,1.27E+04,2.41719
3.535277778,1.27E+04,2.41647
3.535555556,1.27E+04,2.41523
3.535833333,1.27E+04,2.41695
3.536111111,1.27E+04,2.41776
3.536388889,1.27E+04,2.41736
3.536666667,1.27E+04,2.4145
3.536944444,1.27E+04,2.41422
3.537222222,1.27E+04,2.41675
3.5375,1.27E+04,2.41426
3.537777778,1.27E+04,2.415
3.538055556,1.27E+04,2.41479
3.538333333,1.27E+04,2.41601
3.538611111,1.27E+04,2.41302
3.538888889,1.27E+04,2.41139
3.539166667,1.27E+04,2.41379
3.539444444,1.27E+04,2.41505
3.539722222,1.27E+04,2.41198
3.54,1.27E+04,2.41372
3.540277778,1.27E+04,2.41365
3.540555556,1.27E+04,2.41361
3.540833333,1.27E+04,2.41076
3.541111111,1.27E+04,2.41083
3.541388889,1.27E+04,2.41341
3.541666667,1.28E+04,2.41313
3.541944444,1.28E+04,2.41143
3.542222222,1.28E+04,2.40881
3.5425,1.28E+04,2.41054
3.542777778,1.28E+04,2.41246
3.543055556,1.28E+04,2.40953
3.543333333,1.28E+04,2.40965
3.543611111,1.28E+04,2.40952
3.543888889,1.28E+04,2.41008
3.544166667,1.28E+04,2.40796
3.544444444,1.28E+04,2.40753
3.544722222,1.28E+04,2.41087
3.545,1.28E+04,2.40977
3.545277778,1.28E+04,2.40962
3.545555556,1.28E+04,2.40714
3.545833333,1.28E+04,2.40836
3.546111111,1.28E+04,2.40799
3.546388889,1.28E+04,2.40649
3.546666667,1.28E+04,2.40827
3.546944444,1.28E+04,2.40856
3.547222222,1.28E+04,2.40819
3.5475,1.28E+04,2.40577
3.547777778,1.28E+04,2.40508
3.548055556,1.28E+04,2.40742
3.548333333,1.28E+04,2.40556
3.548611111,1.28E+04,2.4052
3.548888889,1.28E+04,2.40555
3.549166667,1.28E+04,2.40684
3.549444444,1.28E+04,2.40394
3.549722222,1.28E+04,2.40145
3.55,1.28E+04,2.40436
3.550277778,1.28E+04,2.4051
3.550555556,1.28E+04,2.40206
3.550833333,1.28E+04,2.40459
3.551111111,1.28E+04,2.40413
3.551388889,1.28E+04,2.40387
3.551666667,1.28E+04,2.40166
3.551944444,1.28E+04,2.40363
3.552222222,1.28E+04,2.40124
3.5525,1.28E+04,2.39953
3.552777778,1.28E+04,2.40234
3.553055556,1.28E+04,2.4
3.553333333,1.28E+04,2.40019
3.553611111,1.28E+04,2.40161
3.553888889,1.28E+04,2.39886
3.554166667,1.28E+04,2.40124
3.554444444,1.28E+04,2.40055
3.554722222,1.28E+04,2.3987
3.555,1.28E+04,2.40261
3.555277778,1.28E+04,2.39936
3.555555556,1.28E+04,2.39803
3.555833333,1.28E+04,2.40092
3.556111111,1.28E+04,2.39946
3.556388889,1.28E+04,2.39856
3.556666667,1.28E+04,2.39858
3.556944444,1.28E+04,2.40027
3.557222222,1.28E+04,2.39714
3.5575,1.28E+04,2.39696
3.557777778,1.28E+04,2.39812
3.558055556,1.28E+04,2.39498
3.558333333,1.28E+04,2.39685
3.558611111,1.28E+04,2.39738
3.558888889,1.28E+04,2.39528
3.559166667,1.28E+04,2.39784
3.559444444,1.28E+04,2.39595
3.559722222,1.28E+04,2.39485
3.56,1.28E+04,2.39766
3.560277778,1.28E+04,2.39599
3.560555556,1.28E+04,2.39618
3.560833333,1.28E+04,2.39613
3.561111111,1.28E+04,2.39502
3.561388889,1.28E+04,2.39195
3.561666667,1.28E+04,2.39322
3.561944444,1.28E+04,2.39333
3.562222222,1.28E+04,2.39003
3.5625,1.28E+04,2.39223
3.562777778,1.28E+04,2.39227
3.563055556,1.28E+04,2.38934
3.563333333,1.28E+04,2.39232
3.563611111,1.28E+04,2.39036
3.563888889,1.28E+04,2.39005
3.564166667,1.28E+04,2.39267
3.564444444,1.28E+04,2.38899
3.564722222,1.28E+04,2.39056
3.565,1.28E+04,2.39095
3.565277778,1.28E+04,2.38746
3.565555556,1.28E+04,2.39083
3.565833333,1.28E+04,2.38955
3.566111111,1.28E+04,2.38935
3.566388889,1.28E+04,2.38895
3.566666667,1.28E+04,2.38832
3.566944444,1.28E+04,2.38705
3.567222222,1.28E+04,2.38793
3.5675,1.28E+04,2.38792
3.567777778,1.28E+04,2.38553
3.568055556,1.28E+04,2.387
3.568333333,1.28E+04,2.38508
3.568611111,1.28E+04,2.38451
3.568888889,1.28E+04,2.38667
3.569166667,1.28E+04,2.38353
3.569444444,1.29E+04,2.38572
3.569722222,1.29E+04,2.38405
3.57,1.29E+04,2.38256
3.570277778,1.29E+04,2.38504
3.570555556,1.29E+04,2.38274
3.570833333,1.29E+04,2.38319
3.571111111,1.29E+04,2.38355
3.571388889,1.29E+04,2.3821
3.571666667,1.29E+04,2.38465
3.571944444,1.29E+04,2.38151
3.572222222,1.29E+04,2.38236
3.5725,1.29E+04,2.38342
3.572777778,1.29E+04,2.3817
3.573055556,1.29E+04,2.38214
3.573333333,1.29E+04,2.38039
3.573611111,1.29E+04,2.38214
3.573888889,1.29E+04,2.38139
3.574166667,1.29E+04,2.38161
3.574444444,1.29E+04,2.38089
3.574722222,1.29E+04,2.38115
3.575,1.29E+04,2.38074
3.575277778,1.29E+04,2.3775
3.575555556,1.29E+04,2.38033
3.575833333,1.29E+04,2.37678
3.576111111,1.29E+04,2.37831
3.576388889,1.29E+04,2.37773
3.576666667,1.29E+04,2.37571
3.576944444,1.29E+04,2.3782
3.577222222,1.29E+04,2.37414
3.5775,1.29E+04,2.37662
3.577777778,1.29E+04,2.37571
3.578055556,1.29E+04,2.37556
3.578333333,1.29E+04,2.376
3.578611111,1.29E+04,2.37476
3.578888889,1.29E+04,2.37688
3.579166667,1.29E+04,2.37449
3.579444444,1.29E+04,2.37504
3.579722222,1.29E+04,2.37539
3.58,1.29E+04,2.37478
3.580277778,1.29E+04,2.37405
3.580555556,1.29E+04,2.3737
3.580833333,1.29E+04,2.37483
3.581111111,1.29E+04,2.37318
3.581388889,1.29E+04,2.3748
3.581666667,1.29E+04,2.37028
3.581944444,1.29E+04,2.37344
3.582222222,1.29E+04,2.37093
3.5825,1.29E+04,2.37014
3.582777778,1.29E+04,2.37194
3.583055556,1.29E+04,2.36929
3.583333333,1.29E+04,2.37216
3.583611111,1.29E+04,2.36932
3.583888889,1.29E+04,2.3708
3.584166667,1.29E+04,2.37077
3.584444444,1.29E+04,2.36803
3.584722222,1.29E+04,2.37093
3.585,1.29E+04,2.36885
3.585277778,1.29E+04,2.36975
3.585555556,1.29E+04,2.36915
3.585833333,1.29E+04,2.36816
3.586111111,1.29E+04,2.37037
3.586388889,1.29E+04,2.36795
3.586666667,1.29E+04,2.36834
3.586944444,1.29E+04,2.36893
3.587222222,1.29E+04,2.36717
3.5875,1.29E+04,2.36783
3.587777778,1.29E+04,2.36488
3.588055556,1.29E+04,2.36649
3.588333333,1.29E+04,2.36664
3.588611111,1.29E+04,2.36529
3.588888889,1.29E+04,2.36634
3.589166667,1.29E+04,2.36481
3.589444444,1.29E+04,2.36477
3.589722222,1.29E+04,2.36611
3.59,1.29E+04,2.36264
3.590277778,1.29E+04,2.36424
3.590555556,1.29E+04,2.36358
3.590833333,1.29E+04,2.36054
3.591111111,1.29E+04,2.36361
3.591388889,1.29E+04,2.36266
3.591666667,1.29E+04,2.36101
3.591944444,1.29E+04,2.36373
3.592222222,1.29E+04,2.36101
3.5925,1.29E+04,2.36179
3.592777778,1.29E+04,2.36321
3.593055556,1.29E+04,2.35974
3.593333333,1.29E+04,2.36241
3.593611111,1.29E+04,2.36021
3.593888889,1.29E+04,2.35964
3.594166667,1.29E+04,2.36181
3.594444444,1.29E+04,2.3584
3.594722222,1.29E+04,2.36095
3.595,1.29E+04,2.35861
3.595277778,1.29E+04,2.35831
3.595555556,1.29E+04,2.35908
3.595833333,1.29E+04,2.35706
3.596111111,1.29E+04,2.35964
3.596388889,1.29E+04,2.3576
3.596666667,1.29E+04,2.35809
3.596944444,1.29E+04,2.35844
3.597222222,1.30E+04,2.35657
3.5975,1.30E+04,2.35791
3.597777778,1.30E+04,2.3561
3.598055556,1.30E+04,2.35688
3.598333333,1.30E+04,2.35637
3.598611111,1.30E+04,2.35617
3.598888889,1.30E+04,2.35599
3.599166667,1.30E+04,2.3546
3.599444444,1.30E+04,2.35576
3.599722222,1.30E+04,2.35422
3.6,1.30E+04,2.35486
3.600277778,1.30E+04,2.35394
3.600555556,1.30E+04,2.35341
3.600833333,1.30E+04,2.35404
3.601111111,1.30E+04,2.35145
3.601388889,1.30E+04,2.35111
3.601666667,1.30E+04,2.35184
3.601944444,1.30E+04,2.35112
3.602222222,1.30E+04,2.35103
3.6025,1.30E+04,2.35044
3.602777778,1.30E+04,2.34994
3.603055556,1.30E+04,2.34985
3.603333333,1.30E+04,2.34852
3.603611111,1.30E+04,2.34797
3.603888889,1.30E+04,2.34799
3.604166667,1.30E+04,2.34672
3.604444444,1.30E+04,2.34766
3.604722222,1.30E+04,2.34709
3.605,1.30E+04,2.34641
3.605277778,1.30E+04,2.34658
3.605555556,1.30E+04,2.34578
3.605833333,1.30E+04,2.3448
3.606111111,1.30E+04,2.3451
3.606388889,1.30E+04,2.34284
3.606666667,1.30E+04,2.34367
3.606944444,1.30E+04,2.34359
3.607222222,1.30E+04,2.34139
3.6075,1.30E+04,2.34372
3.607777778,1.30E+04,2.34174
3.608055556,1.30E+04,2.34028
3.608333333,1.30E+04,2.34255
3.608611111,1.30E+04,2.3394
3.608888889,1.30E+04,2.34096
3.609166667,1.30E+04,2.34132
3.609444444,1.30E+04,2.3387
3.609722222,1.30E+04,2.34122
3.61,1.30E+04,2.34118
3.610277778,1.30E+04,2.33846
3.610555556,1.30E+04,2.34224
3.610833333,1.30E+04,2.33892
3.611111111,1.30E+04,2.33966
3.611388889,1.30E+04,2.34035
3.611666667,1.30E+04,2.3392
3.611944444,1.30E+04,2.33885
3.612222222,1.30E+04,2.33999
3.6125,1.30E+04,2.33867
3.612777778,1.30E+04,2.33707
3.613055556,1.30E+04,2.33767
3.613333333,1.30E+04,2.33614
3.613611111,1.30E+04,2.33488
3.613888889,1.30E+04,2.33694
3.614166667,1.30E+04,2.33474
3.614444444,1.30E+04,2.33434
3.614722222,1.30E+04,2.33558
3.615,1.30E+04,2.33221
3.615277778,1.30E+04,2.33468
3.615555556,1.30E+04,2.33551
3.615833333,1.30E+04,2.33241
3.616111111,1.30E+04,2.33614
3.616388889,1.30E+04,2.3333
3.616666667,1.30E+04,2.33234
3.616944444,1.30E+04,2.33477
3.617222222,1.30E+04,2.33087
3.6175,1.30E+04,2.33366
3.617777778,1.30E+04,2.33312
3.618055556,1.30E+04,2.33057
3.618333333,1.30E+04,2.33303
3.618611111,1.30E+04,2.33249
3.618888889,1.30E+04,2.33125
3.619166667,1.30E+04,2.32929
3.619444444,1.30E+04,2.33097
3.619722222,1.30E+04,2.33118
3.62,1.30E+04,2.32817
3.620277778,1.30E+04,2.33095
3.620555556,1.30E+04,2.33063
3.620833333,1.30E+04,2.32957
3.621111111,1.30E+04,2.32747
3.621388889,1.30E+04,2.32759
3.621666667,1.30E+04,2.32727
3.621944444,1.30E+04,2.32554
3.622222222,1.30E+04,2.32687
3.6225,1.30E+04,2.32848
3.622777778,1.30E+04,2.3261
3.623055556,1.30E+04,2.32726
3.623333333,1.30E+04,2.32646
3.623611111,1.30E+04,2.32632
3.623888889,1.30E+04,2.32323
3.624166667,1.30E+04,2.32469
3.624444444,1.30E+04,2.32394
3.624722222,1.30E+04,2.32207
3.625,1.31E+04,2.32342
3.625277778,1.31E+04,2.32474
3.625555556,1.31E+04,2.32115
3.625833333,1.31E+04,2.32378
3.626111111,1.31E+04,2.32291
3.626388889,1.31E+04,2.32234
3.626666667,1.31E+04,2.32027
3.626944444,1.31E+04,2.32167
3.627222222,1.31E+04,2.31856
3.6275,1.31E+04,2.31749
3.627777778,1.31E+04,2.32021
3.628055556,1.31E+04,2.31832
3.628333333,1.31E+04,2.31706
3.628611111,1.31E+04,2.32095
3.628888889,1.31E+04,2.3179
3.629166667,1.31E+04,2.31779
3.629444444,1.31E+04,2.31862
3.629722222,1.31E+04,2.31811
3.63,1.31E+04,2.31566
3.630277778,1.31E+04,2.3154
3.630555556,1.31E+04,2.31677
3.630833333,1.31E+04,2.31435
3.631111111,1.31E+04,2.31455
3.631388889,1.31E+04,2.31557
3.631666667,1.31E+04,2.31339
3.631944444,1.31E+04,2.3143
3.632222222,1.31E+04,2.31527
3.6325,1.31E+04,2.31227
3.632777778,1.31E+04,2.31516
3.633055556,1.31E+04,2.31463
3.633333333,1.31E+04,2.31318
3.633611111,1.31E+04,2.31232
3.633888889,1.31E+04,2.31264
3.634166667,1.31E+04,2.31053
3.634444444,1.31E+04,2.30956
3.634722222,1.31E+04,2.312
3.635,1.31E+04,2.30992
3.635277778,1.31E+04,2.30873
3.635555556,1.31E+04,2.31165
3.635833333,1.31E+04,2.309
3.636111111,1.31E+04,2.30772
3.636388889,1.31E+04,2.31123
3.636666667,1.31E+04,2.30822
3.636944444,1.31E+04,2.30901
3.637222222,1.31E+04,2.30941
3.6375,1.31E+04,2.30898
3.637777778,1.31E+04,2.30709
3.638055556,1.31E+04,2.30723
3.638333333,1.31E+04,2.30679
3.638611111,1.31E+04,2.30504
3.638888889,1.31E+04,2.30659
3.639166667,1.31E+04,2.30487
3.639444444,1.31E+04,2.30347
3.639722222,1.31E+04,2.30637
3.64,1.31E+04,2.30393
3.640277778,1.31E+04,2.30262
3.640555556,1.31E+04,2.30676
3.640833333,1.31E+04,2.30335
3.641111111,1.31E+04,2.30448
3.641388889,1.31E+04,2.30489
3.641666667,1.31E+04,2.30295
3.641944444,1.31E+04,2.30076
3.642222222,1.31E+04,2.30138
3.6425,1.31E+04,2.30169
3.642777778,1.31E+04,2.29841
3.643055556,1.31E+04,2.30031
3.643333333,1.31E+04,2.30156
3.643611111,1.31E+04,2.29919
3.643888889,1.31E+04,2.30059
3.644166667,1.31E+04,2.30216
3.644444444,1.31E+04,2.30075
3.644722222,1.31E+04,2.30064
3.645,1.31E+04,2.30018
3.645277778,1.31E+04,2.30127
3.645555556,1.31E+04,2.2985
3.645833333,1.31E+04,2.30032
3.646111111,1.31E+04,2.30065
3.646388889,1.31E+04,2.2984
3.646666667,1.31E+04,2.30039
3.646944444,1.31E+04,2.30118
3.647222222,1.31E+04,2.29892
3.6475,1.31E+04,2.29999
3.647777778,1.31E+04,2.30092
3.648055556,1.31E+04,2.30019
3.648333333,1.31E+04,2.2979
3.648611111,1.31E+04,2.29925
3.648888889,1.31E+04,2.2981
3.649166667,1.31E+04,2.29546
3.649444444,1.31E+04,2.29819
3.649722222,1.31E+04,2.29717
3.65,1.31E+04,2.29575
3.650277778,1.31E+04,2.2989
3.650555556,1.31E+04,2.29745
3.650833333,1.31E+04,2.29774
3.651111111,1.31E+04,2.29757
3.651388889,1.31E+04,2.29598
3.651666667,1.31E+04,2.29484
3.651944444,1.31E+04,2.29488
3.652222222,1.31E+04,2.29625
3.6525,1.31E+04,2.29359
3.652777778,1.32E+04,2.29411
3.653055556,1.32E+04,2.29577
3.653333333,1.32E+04,2.29248
3.653611111,1.32E+04,2.29304
3.653888889,1.32E+04,2.29508
3.654166667,1.32E+04,2.29172
3.654444444,1.32E+04,2.29414
3.654722222,1.32E+04,2.29426
3.655,1.32E+04,2.29384
3.655277778,1.32E+04,2.29228
3.655555556,1.32E+04,2.29365
3.655833333,1.32E+04,2.29096
3.656111111,1.32E+04,2.28981
3.656388889,1.32E+04,2.29207
3.656666667,1.32E+04,2.28999
3.656944444,1.32E+04,2.28912
3.657222222,1.32E+04,2.2915
3.6575,1.32E+04,2.28856
3.657777778,1.32E+04,2.28936
3.658055556,1.32E+04,2.29207
3.658333333,1.32E+04,2.28786
3.658611111,1.32E+04,2.29082
3.658888889,1.32E+04,2.29049
3.659166667,1.32E+04,2.28934
3.659444444,1.32E+04,2.28663
3.659722222,1.32E+04,2.28727
3.66,1.32E+04,2.28546
3.660277778,1.32E+04,2.28424
3.660555556,1.32E+04,2.28671
3.660833333,1.32E+04,2.28535
3.661111111,1.32E+04,2.2833
3.661388889,1.32E+04,2.28662
3.661666667,1.32E+04,2.28407
3.661944444,1.32E+04,2.28288
3.662222222,1.32E+04,2.28627
3.6625,1.32E+04,2.28254
3.662777778,1.32E+04,2.28445
3.663055556,1.32E+04,2.28515
3.663333333,1.32E+04,2.28345
3.663611111,1.32E+04,2.28444
3.663888889,1.32E+04,2.28326
3.664166667,1.32E+04,2.283
3.664444444,1.32E+04,2.28077
3.664722222,1.32E+04,2.28203
3.665,1.32E+04,2.27939
3.665277778,1.32E+04,2.2777
3.665555556,1.32E+04,2.28058
3.665833333,1.32E+04,2.27728
3.666111111,1.32E+04,2.27775
3.666388889,1.32E+04,2.28053
3.666666667,1.32E+04,2.27739
3.666944444,1.32E+04,2.27873
3.667222222,1.32E+04,2.27911
3.6675,1.32E+04,2.27536
3.667777778,1.32E+04,2.27921
3.668055556,1.32E+04,2.27761
3.668333333,1.32E+04,2.27637
3.668611111,1.32E+04,2.27852
3.668888889,1.32E+04,2.2753
3.669166667,1.32E+04,2.27659
3.669444444,1.32E+04,2.27654
3.669722222,1.32E+04,2.27576
3.67,1.32E+04,2.27417
3.670277778,1.32E+04,2.27499
3.670555556,1.32E+04,2.27261
3.670833333,1.32E+04,2.2718
3.671111111,1.32E+04,2.2728
3.671388889,1.32E+04,2.27049
3.671666667,1.32E+04,2.27047
3.671944444,1.32E+04,2.27181
3.672222222,1.32E+04,2.26897
3.6725,1.32E+04,2.27118
3.672777778,1.32E+04,2.27054
3.673055556,1.32E+04,2.26778
3.673333333,1.32E+04,2.27277
3.673611111,1.32E+04,2.26822
3.673888889,1.32E+04,2.26918
3.674166667,1.32E+04,2.26998
3.674444444,1.32E+04,2.26749
3.674722222,1.32E+04,2.27059
3.675,1.32E+04,2.26761
3.675277778,1.32E+04,2.26887
3.675555556,1.32E+04,2.26886
3.675833333,1.32E+04,2.26673
3.676111111,1.32E+04,2.26926
3.676388889,1.32E+04,2.26696
3.676666667,1.32E+04,2.26713
3.676944444,1.32E+04,2.26771
3.677222222,1.32E+04,2.26532
3.6775,1.32E+04,2.26802
3.677777778,1.32E+04,2.2656
3.678055556,1.32E+04,2.26431
3.678333333,1.32E+04,2.26668
3.678611111,1.32E+04,2.26333
3.678888889,1.32E+04,2.26478
3.679166667,1.32E+04,2.2644
3.679444444,1.32E+04,2.26144
3.679722222,1.32E+04,2.2643
3.68,1.32E+04,2.26343
3.680277778,1.32E+04,2.26117
3.680555556,1.33E+04,2.26473
3.680833333,1.33E+04,2.26128
3.681111111,1.33E+04,2.26042
3.681388889,1.33E+04,2.26296
3.681666667,1.33E+04,2.25885
3.681944444,1.33E+04,2.26061
3.682222222,1.33E+04,2.25959
3.6825,1.33E+04,2.25886
3.682777778,1.33E+04,2.25874
3.683055556,1.33E+04,2.25785
3.683333333,1.33E+04,2.25637
3.683611111,1.33E+04,2.25455
3.683888889,1.33E+04,2.25587
3.684166667,1.33E+04,2.25285
3.684444444,1.33E+04,2.25326
3.684722222,1.33E+04,2.25429
3.685,1.33E+04,2.25096
3.685277778,1.33E+04,2.25306
3.685555556,1.33E+04,2.25448
3.685833333,1.33E+04,2.25035
3.686111111,1.33E+04,2.25379
3.686388889,1.33E+04,2.25216
3.686666667,1.33E+04,2.2517
3.686944444,1.33E+04,2.25063
3.687222222,1.33E+04,2.25145
3.6875,1.33E+04,2.24856
3.687777778,1.33E+04,2.2476
3.688055556,1.33E+04,2.2494
3.688333333,1.33E+04,2.2469
3.688611111,1.33E+04,2.24601
3.688888889,1.33E+04,2.24763
3.689166667,1.33E+04,2.24406
3.689444444,1.33E+04,2.24622
3.689722222,1.33E+04,2.24612
3.69,1.33E+04,2.24387
3.690277778,1.33E+04,2.24731
3.690555556,1.33E+04,2.24449
3.690833333,1.33E+04,2.24238
3.691111111,1.33E+04,2.24605
3.691388889,1.33E+04,2.24237
3.691666667,1.33E+04,2.24333
3.691944444,1.33E+04,2.24364
3.692222222,1.33E+04,2.24152
3.6925,1.33E+04,2.24207
3.692777778,1.33E+04,2.24115
3.693055556,1.33E+04,2.23977
3.693333333,1.33E+04,2.24141
3.693611111,1.33E+04,2.23592
3.693888889,1.33E+04,2.24
3.694166667,1.33E+04,2.23671
3.694444444,1.33E+04,2.23598
3.694722222,1.33E+04,2.2385
3.695,1.33E+04,2.23457
3.695277778,1.33E+04,2.23772
3.695555556,1.33E+04,2.23533
3.695833333,1.33E+04,2.23308
3.696111111,1.33E+04,2.23733
3.696388889,1.33E+04,2.23259
3.696666667,1.33E+04,2.23503
3.696944444,1.33E+04,2.23368
3.697222222,1.33E+04,2.2325
3.6975,1.33E+04,2.23491
3.697777778,1.33E+04,2.23082
3.698055556,1.33E+04,2.23216
3.698333333,1.33E+04,2.2328
3.698611111,1.33E+04,2.22951
3.698888889,1.33E+04,2.23291
3.699166667,1.33E+04,2.23005
3.699444444,1.33E+04,2.22999
3.699722222,1.33E+04,2.23107
3.7,1.33E+04,2.22723
3.700277778,1.33E+04,2.23072
3.700555556,1.33E+04,2.22726
3.700833333,1.33E+04,2.2292
3.701111111,1.33E+04,2.22863
3.701388889,1.33E+04,2.22716
3.701666667,1.33E+04,2.23006
3.701944444,1.33E+04,2.22699
3.702222222,1.33E+04,2.22718
3.7025,1.33E+04,2.22731
3.702777778,1.33E+04,2.22377
3.703055556,1.33E+04,2.22572
3.703333333,1.33E+04,2.22497
3.703611111,1.33E+04,2.22302
3.703888889,1.33E+04,2.22587
3.704166667,1.33E+04,2.222
3.704444444,1.33E+04,2.22238
3.704722222,1.33E+04,2.22462
3.705,1.33E+04,2.22005
3.705277778,1.33E+04,2.22246
3.705555556,1.33E+04,2.22179
3.705833333,1.33E+04,2.2186
3.706111111,1.33E+04,2.22252
3.706388889,1.33E+04,2.2188
3.706666667,1.33E+04,2.21919
3.706944444,1.33E+04,2.21964
3.707222222,1.33E+04,2.21595
3.7075,1.33E+04,2.21953
3.707777778,1.33E+04,2.21591
3.708055556,1.33E+04,2.21397
3.708333333,1.34E+04,2.21731
3.708611111,1.34E+04,2.21285
3.708888889,1.34E+04,2.21638
3.709166667,1.34E+04,2.21322
3.709444444,1.34E+04,2.21223
3.709722222,1.34E+04,2.21536
3.71,1.34E+04,2.21071
3.710277778,1.34E+04,2.21306
3.710555556,1.34E+04,2.21147
3.710833333,1.34E+04,2.20825
3.711111111,1.34E+04,2.21234
3.711388889,1.34E+04,2.20825
3.711666667,1.34E+04,2.20957
3.711944444,1.34E+04,2.2102
3.712222222,1.34E+04,2.20634
3.7125,1.34E+04,2.21086
3.712777778,1.34E+04,2.20671
3.713055556,1.34E+04,2.20645
3.713333333,1.34E+04,2.20833
3.713611111,1.34E+04,2.20435
3.713888889,1.34E+04,2.20688
3.714166667,1.34E+04,2.20486
3.714444444,1.34E+04,2.20378
3.714722222,1.34E+04,2.20613
3.715,1.34E+04,2.20308
3.715277778,1.34E+04,2.20418
3.715555556,1.34E+04,2.2034
3.715833333,1.34E+04,2.20124
3.716111111,1.34E+04,2.20074
3.716388889,1.34E+04,2.20071
3.716666667,1.34E+04,2.19871
3.716944444,1.34E+04,2.19884
3.717222222,1.34E+04,2.19865
3.7175,1.34E+04,2.19627
3.717777778,1.34E+04,2.19575
3.718055556,1.34E+04,2.19627
3.718333333,1.34E+04,2.19301
3.718611111,1.34E+04,2.19488
3.718888889,1.34E+04,2.19387
3.719166667,1.34E+04,2.19212
3.719444444,1.34E+04,2.19541
3.719722222,1.34E+04,2.19254
3.72,1.34E+04,2.19152
3.720277778,1.34E+04,2.19593
3.720555556,1.34E+04,2.19123
3.720833333,1.34E+04,2.19294
3.721111111,1.34E+04,2.19316
3.721388889,1.34E+04,2.19137
3.721666667,1.34E+04,2.19089
3.721944444,1.34E+04,2.19109
3.722222222,1.34E+04,2.18956
3.7225,1.34E+04,2.18888
3.722777778,1.34E+04,2.18839
3.723055556,1.34E+04,2.18539
3.723333333,1.34E+04,2.18585
3.723611111,1.34E+04,2.18644
3.723888889,1.34E+04,2.1834
3.724166667,1.34E+04,2.18538
3.724444444,1.34E+04,2.18456
3.724722222,1.34E+04,2.18121
3.725,1.34E+04,2.1848
3.725277778,1.34E+04,2.18175
3.725555556,1.34E+04,2.18203
3.725833333,1.34E+04,2.18465
3.726111111,1.34E+04,2.18122
3.726388889,1.34E+04,2.18288
3.726666667,1.34E+04,2.18337
3.726944444,1.34E+04,2.17993
3.727222222,1.34E+04,2.18263
3.7275,1.34E+04,2.18168
3.727777778,1.34E+04,2.18024
3.728055556,1.34E+04,2.17966
3.728333333,1.34E+04,2.17824
3.728611111,1.34E+04,2.17606
3.728888889,1.34E+04,2.17611
3.729166667,1.34E+04,2.17781
3.729444444,1.34E+04,2.17417
3.729722222,1.34E+04,2.17518
3.73,1.34E+04,2.17589
3.730277778,1.34E+04,2.17176
3.730555556,1.34E+04,2.17457
3.730833333,1.34E+04,2.1752
3.731111111,1.34E+04,2.1713
3.731388889,1.34E+04,2.17499
3.731666667,1.34E+04,2.17276
3.731944444,1.34E+04,2.1723
3.732222222,1.34E+04,2.17308
3.7325,1.34E+04,2.17184
3.732777778,1.34E+04,2.17036
3.733055556,1.34E+04,2.16864
3.733333333,1.34E+04,2.16928
3.733611111,1.34E+04,2.16595
3.733888889,1.34E+04,2.16676
3.734166667,1.34E+04,2.16638
3.734444444,1.34E+04,2.16363
3.734722222,1.34E+04,2.16723
3.735,1.34E+04,2.16726
3.735277778,1.34E+04,2.16351
3.735555556,1.34E+04,2.16764
3.735833333,1.34E+04,2.16403
3.736111111,1.35E+04,2.16316
3.736388889,1.35E+04,2.16456
3.736666667,1.35E+04,2.16305
3.736944444,1.35E+04,2.16106
3.737222222,1.35E+04,2.16156
3.7375,1.35E+04,2.16115
3.737777778,1.35E+04,2.15856
3.738055556,1.35E+04,2.15925
3.738333333,1.35E+04,2.15811
3.738611111,1.35E+04,2.15577
3.738888889,1.35E+04,2.1588
3.739166667,1.35E+04,2.15752
3.739444444,1.35E+04,2.15547
3.739722222,1.35E+04,2.15925
3.74,1.35E+04,2.15595
3.740277778,1.35E+04,2.15592
3.740555556,1.35E+04,2.15979
3.740833333,1.35E+04,2.15403
3.741111111,1.35E+04,2.15659
3.741388889,1.35E+04,2.15509
3.741666667,1.35E+04,2.15243
3.741944444,1.35E+04,2.15488
3.742222222,1.35E+04,2.15321
3.7425,1.35E+04,2.15279
3.742777778,1.35E+04,2.15216
3.743055556,1.35E+04,2.15009
3.743333333,1.35E+04,2.14915
3.743611111,1.35E+04,2.14886
3.743888889,1.35E+04,2.14832
3.744166667,1.35E+04,2.14658
3.744444444,1.35E+04,2.1471
3.744722222,1.35E+04,2.14455
3.745,1.35E+04,2.14502
3.745277778,1.35E+04,2.14522
3.745555556,1.35E+04,2.14295
3.745833333,1.35E+04,2.14306
3.746111111,1.35E+04,2.14151
3.746388889,1.35E+04,2.14186
3.746666667,1.35E+04,2.14227
3.746944444,1.35E+04,2.14004
3.747222222,1.35E+04,2.14106
3.7475,1.35E+04,2.13946
3.747777778,1.35E+04,2.13893
3.748055556,1.35E+04,2.13861
3.748333333,1.35E+04,2.13648
3.748611111,1.35E+04,2.13663
3.748888889,1.35E+04,2.13669
3.749166667,1.35E+04,2.13445
3.749444444,1.35E+04,2.13734
3.749722222,1.35E+04,2.13577
3.75,1.35E+04,2.13387
3.750277778,1.35E+04,2.13677
3.750555556,1.35E+04,2.13403
3.750833333,1.35E+04,2.1348
3.751111111,1.35E+04,2.13628
3.751388889,1.35E+04,2.13368
3.751666667,1.35E+04,2.13554
3.751944444,1.35E+04,2.13556
3.752222222,1.35E+04,2.13288
3.7525,1.35E+04,2.13367
3.752777778,1.35E+04,2.13166
3.753055556,1.35E+04,2.13281
3.753333333,1.35E+04,2.12879
3.753611111,1.35E+04,2.12994
3.753888889,1.35E+04,2.13085
3.754166667,1.35E+04,2.12807
3.754444444,1.35E+04,2.13082
3.754722222,1.35E+04,2.12964
3.755,1.35E+04,2.12689
3.755277778,1.35E+04,2.12908
3.755555556,1.35E+04,2.12697
3.755833333,1.35E+04,2.1266
3.756111111,1.35E+04,2.12294
3.756388889,1.35E+04,2.12492
3.756666667,1.35E+04,2.12193
3.756944444,1.35E+04,2.1207
3.757222222,1.35E+04,2.12432
3.7575,1.35E+04,2.12086
3.757777778,1.35E+04,2.12131
3.758055556,1.35E+04,2.12415
3.758333333,1.35E+04,2.12065
3.758611111,1.35E+04,2.12112
3.758888889,1.35E+04,2.12228
3.759166667,1.35E+04,2.11947
3.759444444,1.35E+04,2.11926
3.759722222,1.35E+04,2.11895
3.76,1.35E+04,2.1179
3.760277778,1.35E+04,2.11466
3.760555556,1.35E+04,2.1157
3.760833333,1.35E+04,2.11379
3.761111111,1.35E+04,2.11258
3.761388889,1.35E+04,2.11481
3.761666667,1.35E+04,2.11263
3.761944444,1.35E+04,2.11225
3.762222222,1.35E+04,2.11496
3.7625,1.35E+04,2.11119
3.762777778,1.35E+04,2.11097
3.763055556,1.35E+04,2.11241
3.763333333,1.35E+04,2.10868
3.763611111,1.35E+04,2.10897
3.763888889,1.36E+04,2.10802
3.764166667,1.36E+04,2.10827
3.764444444,1.36E+04,2.10462
3.764722222,1.36E+04,2.10595
3.765,1.36E+04,2.10677
3.765277778,1.36E+04,2.10319
3.765555556,1.36E+04,2.10513
3.765833333,1.36E+04,2.1063
3.766111111,1.36E+04,2.10208
3.766388889,1.36E+04,2.10246
3.766666667,1.36E+04,2.10196
3.766944444,1.36E+04,2.10177
3.767222222,1.36E+04,2.098
3.7675,1.36E+04,2.09984
3.767777778,1.36E+04,2.09999
3.768055556,1.36E+04,2.09645
3.768333333,1.36E+04,2.09928
3.768611111,1.36E+04,2.09963
3.768888889,1.36E+04,2.09519
3.769166667,1.36E+04,2.0978
3.769444444,1.36E+04,2.09656
3.769722222,1.36E+04,2.09553
3.77,1.36E+04,2.09326
3.770277778,1.36E+04,2.09398
3.770555556,1.36E+04,2.09247
3.770833333,1.36E+04,2.08946
3.771111111,1.36E+04,2.09288
3.771388889,1.36E+04,2.09201
3.771666667,1.36E+04,2.08943
3.771944444,1.36E+04,2.09142
3.772222222,1.36E+04,2.09072
3.7725,1.36E+04,2.08852
3.772777778,1.36E+04,2.08648
3.773055556,1.36E+04,2.08787
3.773333333,1.36E+04,2.08671
3.773611111,1.36E+04,2.08399
3.773888889,1.36E+04,2.08771
3.774166667,1.36E+04,2.08549
3.774444444,1.36E+04,2.08306
3.774722222,1.36E+04,2.0851
3.775,1.36E+04,2.08362
3.775277778,1.36E+04,2.08223
3.775555556,1.36E+04,2.08014
3.775833333,1.36E+04,2.08074
3.776111111,1.36E+04,2.07874
3.776388889,1.36E+04,2.0775
3.776666667,1.36E+04,2.08035
3.776944444,1.36E+04,2.07804
3.777222222,1.36E+04,2.077
3.7775,1.36E+04,2.07984
3.777777778,1.36E+04,2.0768
3.778055556,1.36E+04,2.07695
3.778333333,1.36E+04,2.07483
3.778611111,1.36E+04,2.07386
3.778888889,1.36E+04,2.07189
3.779166667,1.36E+04,2.07088
3.779444444,1.36E+04,2.07254
3.779722222,1.36E+04,2.06976
3.78,1.36E+04,2.07149
3.780277778,1.36E+04,2.07324
3.780555556,1.36E+04,2.06944
3.780833333,1.36E+04,2.07171
3.781111111,1.36E+04,2.07011
3.781388889,1.36E+04,2.06803
3.781666667,1.36E+04,2.06587
3.781944444,1.36E+04,2.06579
3.782222222,1.36E+04,2.06584
3.7825,1.36E+04,2.06312
3.782777778,1.36E+04,2.06593
3.783055556,1.36E+04,2.06611
3.783333333,1.36E+04,2.06305
3.783611111,1.36E+04,2.06709
3.783888889,1.36E+04,2.06344
3.784166667,1.36E+04,2.06204
3.784444444,1.36E+04,2.06373
3.784722222,1.36E+04,2.05989
3.785,1.36E+04,2.06017
3.785277778,1.36E+04,2.05953
3.785555556,1.36E+04,2.05862
3.785833333,1.36E+04,2.05642
3.786111111,1.36E+04,2.05548
3.786388889,1.36E+04,2.05443
3.786666667,1.36E+04,2.0527
3.786944444,1.36E+04,2.05468
3.787222222,1.36E+04,2.05233
3.7875,1.36E+04,2.05165
3.787777778,1.36E+04,2.05458
3.788055556,1.36E+04,2.05145
3.788333333,1.36E+04,2.05287
3.788611111,1.36E+04,2.05556
3.788888889,1.36E+04,2.05168
3.789166667,1.36E+04,2.05323
3.789444444,1.36E+04,2.05156
3.789722222,1.36E+04,2.049
3.79,1.36E+04,2.05037
3.790277778,1.36E+04,2.04845
3.790555556,1.36E+04,2.0469
3.790833333,1.36E+04,2.04634
3.791111111,1.36E+04,2.04429
3.791388889,1.36E+04,2.0428
3.791666667,1.37E+04,2.04213
3.791944444,1.37E+04,2.04271
3.792222222,1.37E+04,2.0393
3.7925,1.37E+04,2.04098
3.792777778,1.37E+04,2.03889
3.793055556,1.37E+04,2.03744
3.793333333,1.37E+04,2.04101
3.793611111,1.37E+04,2.03929
3.793888889,1.37E+04,2.03938
3.794166667,1.37E+04,2.04274
3.794444444,1.37E+04,2.03916
3.794722222,1.37E+04,2.03987
3.795,1.37E+04,2.04089
3.795277778,1.37E+04,2.03653
3.795555556,1.37E+04,2.03806
3.795833333,1.37E+04,2.0364
3.796111111,1.37E+04,2.03436
3.796388889,1.37E+04,2.0338
3.796666667,1.37E+04,2.03125
3.796944444,1.37E+04,2.03015
3.797222222,1.37E+04,2.02926
3.7975,1.37E+04,2.02976
3.797777778,1.37E+04,2.02592
3.798055556,1.37E+04,2.02735
3.798333333,1.37E+04,2.02662
3.798611111,1.37E+04,2.02463
3.798888889,1.37E+04,2.02717
3.799166667,1.37E+04,2.02688
3.799444444,1.37E+04,2.02551
3.799722222,1.37E+04,2.02918
3.8,1.37E+04,2.02667
3.800277778,1.37E+04,2.02525
3.800555556,1.37E+04,2.0278
3.800833333,1.37E+04,2.02363
3.801111111,1.37E+04,2.0241
3.801388889,1.37E+04,2.02265
3.801666667,1.37E+04,2.01976
3.801944444,1.37E+04,2.0184
3.802222222,1.37E+04,2.01781
3.8025,1.37E+04,2.01611
3.802777778,1.37E+04,2.01481
3.803055556,1.37E+04,2.01477
3.803333333,1.37E+04,2.01236
3.803611111,1.37E+04,2.01165
3.803888889,1.37E+04,2.01259
3.804166667,1.37E+04,2.00972
3.804444444,1.37E+04,2.011
3.804722222,1.37E+04,2.00846
3.805,1.37E+04,2.00808
3.805277778,1.37E+04,2.01083
3.805555556,1.37E+04,2.00851
3.805833333,1.37E+04,2.00981
3.806111111,1.37E+04,2.01051
3.806388889,1.37E+04,2.00777
3.806666667,1.37E+04,2.0107
3.806944444,1.37E+04,2.01144
3.807222222,1.37E+04,2.00856
3.8075,1.37E+04,2.01113
3.807777778,1.37E+04,2.00816
3.808055556,1.37E+04,2.00671
3.808333333,1.37E+04,2.0072
3.808611111,1.37E+04,2.00327
3.808888889,1.37E+04,2.003
3.809166667,1.37E+04,2.00143
3.809444444,1.37E+04,1.99979
3.809722222,1.37E+04,1.99675
3.81,1.37E+04,1.99748
3.810277778,1.37E+04,1.99558
3.810555556,1.37E+04,1.99405
3.810833333,1.37E+04,1.99663
3.811111111,1.37E+04,1.99481
3.811388889,1.37E+04,1.99432
3.811666667,1.37E+04,1.99619
3.811944444,1.37E+04,1.99384
3.812222222,1.37E+04,1.99603
3.8125,1.37E+04,1.99475
3.812777778,1.37E+04,1.99256
3.813055556,1.37E+04,1.99647
3.813333333,1.37E+04,1.99277
3.813611111,1.37E+04,1.99408
3.813888889,1.37E+04,1.9957
3.814166667,1.37E+04,1.99238
3.814444444,1.37E+04,1.99572
3.814722222,1.37E+04,1.99329
3.815,1.37E+04,1.9933
3.815277778,1.37E+04,1.99508
3.815555556,1.37E+04,1.99067
3.815833333,1.37E+04,1.99324
3.816111111,1.37E+04,1.99397
3.816388889,1.37E+04,1.99048
3.816666667,1.37E+04,1.9931
3.816944444,1.37E+04,1.9901
3.817222222,1.37E+04,1.99037
3.8175,1.37E+04,1.99195
3.817777778,1.37E+04,1.98698
3.818055556,1.37E+04,1.98956
3.818333333,1.37E+04,1.98679
3.818611111,1.37E+04,1.98261
3.818888889,1.37E+04,1.98631
3.819166667,1.37E+04,1.98167
3.819444444,1.38E+04,1.98154
3.819722222,1.38E+04,1.98137
3.82,1.38E+04,1.97718
3.820277778,1.38E+04,1.9805
3.820555556,1.38E+04,1.97635
3.820833333,1.38E+04,1.97456
3.821111111,1.38E+04,1.97649
3.821388889,1.38E+04,1.97101
3.821666667,1.38E+04,1.97389
3.821944444,1.38E+04,1.97104
3.822222222,1.38E+04,1.96888
3.8225,1.38E+04,1.97034
3.822777778,1.38E+04,1.96617
3.823055556,1.38E+04,1.9674
3.823333333,1.38E+04,1.96534
3.823611111,1.38E+04,1.96172
3.823888889,1.38E+04,1.96547
3.824166667,1.38E+04,1.96213
3.824444444,1.38E+04,1.96214
3.824722222,1.38E+04,1.9613
3.825,1.38E+04,1.95831
3.825277778,1.38E+04,1.96024
3.825555556,1.38E+04,1.95669
3.825833333,1.38E+04,1.95572
3.826111111,1.38E+04,1.9557
3.826388889,1.38E+04,1.95164
3.826666667,1.38E+04,1.95122
3.826944444,1.38E+04,1.95042
3.827222222,1.38E+04,1.94911
3.8275,1.38E+04,1.94723
3.827777778,1.38E+04,1.94585
3.828055556,1.38E+04,1.94418
3.828333333,1.38E+04,1.94237
3.828611111,1.38E+04,1.94434
3.828888889,1.38E+04,1.94239
3.829166667,1.38E+04,1.94472
3.829444444,1.38E+04,1.94557
3.829722222,1.38E+04,1.94312
3.83,1.38E+04,1.94702
3.830277778,1.38E+04,1.94829
3.830555556,1.38E+04,1.9451
3.830833333,1.38E+04,1.94866
3.831111111,1.38E+04,1.94562
3.831388889,1.38E+04,1.94267
3.831666667,1.38E+04,1.94399
3.831944444,1.38E+04,1.93989
3.832222222,1.38E+04,1.93936
3.8325,1.38E+04,1.9374
3.832777778,1.38E+04,1.93435
3.833055556,1.38E+04,1.93304
3.833333333,1.38E+04,1.93075
3.833611111,1.38E+04,1.92912
3.833888889,1.38E+04,1.92688
3.834166667,1.38E+04,1.92816
3.834444444,1.38E+04,1.92463
3.834722222,1.38E+04,1.92484
3.835,1.38E+04,1.92653
3.835277778,1.38E+04,1.92365
3.835555556,1.38E+04,1.92617
3.835833333,1.38E+04,1.92633
3.836111111,1.38E+04,1.92478
3.836388889,1.38E+04,1.9286
3.836666667,1.38E+04,1.92528
3.836944444,1.38E+04,1.92695
3.837222222,1.38E+04,1.92844
3.8375,1.38E+04,1.92462
3.837777778,1.38E+04,1.92795
3.838055556,1.38E+04,1.92773
3.838333333,1.38E+04,1.92496
3.838611111,1.38E+04,1.92771
3.838888889,1.38E+04,1.92421
3.839166667,1.38E+04,1.92352
3.839444444,1.38E+04,1.92441
3.839722222,1.38E+04,1.91892
3.84,1.38E+04,1.92148
3.840277778,1.38E+04,1.91789
3.840555556,1.38E+04,1.91389
3.840833333,1.38E+04,1.9168
3.841111111,1.38E+04,1.91271
3.841388889,1.38E+04,1.91294
3.841666667,1.38E+04,1.91168
3.841944444,1.38E+04,1.90869
3.842222222,1.38E+04,1.90821
3.8425,1.38E+04,1.90553
3.842777778,1.38E+04,1.90341
3.843055556,1.38E+04,1.90276
3.843333333,1.38E+04,1.89826
3.843611111,1.38E+04,1.89661
3.843888889,1.38E+04,1.8956
3.844166667,1.38E+04,1.89499
3.844444444,1.38E+04,1.89334
3.844722222,1.38E+04,1.89066
3.845,1.38E+04,1.891
3.845277778,1.38E+04,1.89
3.845555556,1.38E+04,1.88653
3.845833333,1.38E+04,1.88761
3.846111111,1.38E+04,1.88561
3.846388889,1.38E+04,1.88384
3.846666667,1.38E+04,1.88292
3.846944444,1.38E+04,1.88179
3.847222222,1.39E+04,1.87911
3.8475,1.39E+04,1.87818
3.847777778,1.39E+04,1.87709
3.848055556,1.39E+04,1.87493
3.848333333,1.39E+04,1.87412
3.848611111,1.39E+04,1.87153
3.848888889,1.39E+04,1.87177
3.849166667,1.39E+04,1.87229
3.849444444,1.39E+04,1.86966
3.849722222,1.39E+04,1.87078
3.85,1.39E+04,1.87096
3.850277778,1.39E+04,1.86875
3.850555556,1.39E+04,1.8718
3.850833333,1.39E+04,1.86985
3.851111111,1.39E+04,1.86994
3.851388889,1.39E+04,1.87288
3.851666667,1.39E+04,1.86943
3.851944444,1.39E+04,1.87191
3.852222222,1.39E+04,1.87359
3.8525,1.39E+04,1.87047
3.852777778,1.39E+04,1.8741
3.853055556,1.39E+04,1.87186
3.853333333,1.39E+04,1.87118
3.853611111,1.39E+04,1.87325
3.853888889,1.39E+04,1.86951
3.854166667,1.39E+04,1.86907
3.854444444,1.39E+04,1.86965
3.854722222,1.39E+04,1.86401
3.855,1.39E+04,1.86535
3.855277778,1.39E+04,1.86242
3.855555556,1.39E+04,1.85897
3.855833333,1.39E+04,1.85796
3.856111111,1.39E+04,1.85412
3.856388889,1.39E+04,1.85233
3.856666667,1.39E+04,1.84995
3.856944444,1.39E+04,1.84681
3.857222222,1.39E+04,1.84402
3.8575,1.39E+04,1.84235
3.857777778,1.39E+04,1.84146
3.858055556,1.39E+04,1.83857
3.858333333,1.39E+04,1.84131
3.858611111,1.39E+04,1.83841
3.858888889,1.39E+04,1.83747
3.859166667,1.39E+04,1.8407
3.859444444,1.39E+04,1.83672
3.859722222,1.39E+04,1.838
3.86,1.39E+04,1.83934
3.860277778,1.39E+04,1.83652
3.860555556,1.39E+04,1.84075
3.860833333,1.39E+04,1.83884
3.861111111,1.39E+04,1.83812
3.861388889,1.39E+04,1.84105
3.861666667,1.39E+04,1.83763
3.861944444,1.39E+04,1.83782
3.862222222,1.39E+04,1.83933
3.8625,1.39E+04,1.8341
3.862777778,1.39E+04,1.83546
3.863055556,1.39E+04,1.83215
3.863333333,1.39E+04,1.82828
3.863611111,1.39E+04,1.82753
3.863888889,1.39E+04,1.82373
3.864166667,1.39E+04,1.8206
3.864444444,1.39E+04,1.81801
3.864722222,1.39E+04,1.8135
3.865,1.39E+04,1.81128
3.865277778,1.39E+04,1.80945
3.865555556,1.39E+04,1.80797
3.865833333,1.39E+04,1.80523
3.866111111,1.39E+04,1.80538
3.866388889,1.39E+04,1.80238
3.866666667,1.39E+04,1.80103
3.866944444,1.39E+04,1.80148
3.867222222,1.39E+04,1.79818
3.8675,1.39E+04,1.79941
3.867777778,1.39E+04,1.79955
3.868055556,1.39E+04,1.79698
3.868333333,1.39E+04,1.80215
3.868611111,1.39E+04,1.80187
3.868888889,1.39E+04,1.8007
3.869166667,1.39E+04,1.80454
3.869444444,1.39E+04,1.8024
3.869722222,1.39E+04,1.8025
3.87,1.39E+04,1.80471
3.870277778,1.39E+04,1.79943
3.870555556,1.39E+04,1.80013
3.870833333,1.39E+04,1.79641
3.871111111,1.39E+04,1.79252
3.871388889,1.39E+04,1.79029
3.871666667,1.39E+04,1.78612
3.871944444,1.39E+04,1.78323
3.872222222,1.39E+04,1.77864
3.8725,1.39E+04,1.77907
3.872777778,1.39E+04,1.77626
3.873055556,1.39E+04,1.77494
3.873333333,1.39E+04,1.77981
3.873611111,1.39E+04,1.77673
3.873888889,1.39E+04,1.77797
3.874166667,1.39E+04,1.78161
3.874444444,1.39E+04,1.77752
3.874722222,1.39E+04,1.77839
3.875,1.40E+04,1.77822
3.875277778,1.40E+04,1.77377
3.875555556,1.40E+04,1.77457
3.875833333,1.40E+04,1.77088
3.876111111,1.40E+04,1.76676
3.876388889,1.40E+04,1.76585
3.876666667,1.40E+04,1.7592
3.876944444,1.40E+04,1.75744
3.877222222,1.40E+04,1.75417
3.8775,1.40E+04,1.75181
3.877777778,1.40E+04,1.74745
3.878055556,1.40E+04,1.74589
3.878333333,1.40E+04,1.74302
3.878611111,1.40E+04,1.74037
3.878888889,1.40E+04,1.73783
3.879166667,1.40E+04,1.73517
3.879444444,1.40E+04,1.73298
3.879722222,1.40E+04,1.734
3.88,1.40E+04,1.73004
3.880277778,1.40E+04,1.73318
3.880555556,1.40E+04,1.73333
3.880833333,1.40E+04,1.73146
3.881111111,1.40E+04,1.73739
3.881388889,1.40E+04,1.73532
3.881666667,1.40E+04,1.7367
3.881944444,1.40E+04,1.74048
3.882222222,1.40E+04,1.73777
3.8825,1.40E+04,1.73703
3.882777778,1.40E+04,1.7379
3.883055556,1.40E+04,1.73241
3.883333333,1.40E+04,1.73191
3.883611111,1.40E+04,1.72836
3.883888889,1.40E+04,1.7235
3.884166667,1.40E+04,1.72181
3.884444444,1.40E+04,1.71576
3.884722222,1.40E+04,1.71339
3.885,1.40E+04,1.70961
3.885277778,1.40E+04,1.7083
3.885555556,1.40E+04,1.70282
3.885833333,1.40E+04,1.7025
3.886111111,1.40E+04,1.69972
3.886388889,1.40E+04,1.69704
3.886666667,1.40E+04,1.69476
3.886944444,1.40E+04,1.69249
3.887222222,1.40E+04,1.69117
3.8875,1.40E+04,1.68964
3.887777778,1.40E+04,1.68671
3.888055556,1.40E+04,1.68475
3.888333333,1.40E+04,1.68269
3.888611111,1.40E+04,1.68077
3.888888889,1.40E+04,1.6775
3.889166667,1.40E+04,1.67678
3.889444444,1.40E+04,1.67386
3.889722222,1.40E+04,1.67281
3.89,1.40E+04,1.67141
3.890277778,1.40E+04,1.66905
3.890555556,1.40E+04,1.67015
3.890833333,1.40E+04,1.66773
3.891111111,1.40E+04,1.66501
3.891388889,1.40E+04,1.6657
3.891666667,1.40E+04,1.66162
3.891944444,1.40E+04,1.66206
3.892222222,1.40E+04,1.66042
3.8925,1.40E+04,1.65872
3.892777778,1.40E+04,1.66172
3.893055556,1.40E+04,1.658
3.893333333,1.40E+04,1.65935
3.893611111,1.40E+04,1.6584
3.893888889,1.40E+04,1.65382
3.894166667,1.40E+04,1.65656
3.894444444,1.40E+04,1.65342
3.894722222,1.40E+04,1.65295
3.895,1.40E+04,1.65324
3.895277778,1.40E+04,1.64987
3.895555556,1.40E+04,1.65248
3.895833333,1.40E+04,1.64977
3.896111111,1.40E+04,1.64763
3.896388889,1.40E+04,1.65088
3.896666667,1.40E+04,1.64655
3.896944444,1.40E+04,1.64928
3.897222222,1.40E+04,1.64781
3.8975,1.40E+04,1.64498
3.897777778,1.40E+04,1.64907
3.898055556,1.40E+04,1.64452
3.898333333,1.40E+04,1.64549
3.898611111,1.40E+04,1.64549
3.898888889,1.40E+04,1.64183
3.899166667,1.40E+04,1.64526
3.899444444,1.40E+04,1.64263
3.899722222,1.40E+04,1.64372
3.9,1.40E+04,1.64634
3.900277778,1.40E+04,1.64205
3.900555556,1.40E+04,1.64616
3.900833333,1.40E+04,1.64279
3.901111111,1.40E+04,1.64494
3.901388889,1.40E+04,1.64383
3.901666667,1.40E+04,1.63903
3.901944444,1.40E+04,1.64209
3.902222222,1.40E+04,1.63517
3.9025,1.40E+04,1.63264
3.902777778,1.41E+04,1.62802
3.903055556,1.41E+04,1.62314
3.903333333,1.41E+04,1.6195
3.903611111,1.41E+04,1.61483
3.903888889,1.41E+04,1.61089
3.904166667,1.41E+04,1.60853
3.904444444,1.41E+04,1.60816
3.904722222,1.41E+04,1.60397
3.905,1.41E+04,1.61016
3.905277778,1.41E+04,1.60817
3.905555556,1.41E+04,1.61218
3.905833333,1.41E+04,1.61356
3.906111111,1.41E+04,1.61264
3.906388889,1.41E+04,1.61637
3.906666667,1.41E+04,1.61099
3.906944444,1.41E+04,1.61329
3.907222222,1.41E+04,1.60937
3.9075,1.41E+04,1.60535
3.907777778,1.41E+04,1.60314
3.908055556,1.41E+04,1.59745
3.908333333,1.41E+04,1.59321
3.908611111,1.41E+04,1.58951
3.908888889,1.41E+04,1.5866
3.909166667,1.41E+04,1.58518
3.909444444,1.41E+04,1.59061
3.909722222,1.41E+04,1.58772
3.91,1.41E+04,1.59405
3.910277778,1.41E+04,1.59135
3.910555556,1.41E+04,1.59216
3.910833333,1.41E+04,1.58911
3.911111111,1.41E+04,1.58478
3.911388889,1.41E+04,1.58174
3.911666667,1.41E+04,1.57613
3.911944444,1.41E+04,1.57092
3.912222222,1.41E+04,1.56803
3.9125,1.41E+04,1.56587
3.912777778,1.41E+04,1.56264
3.913055556,1.41E+04,1.56787
3.913333333,1.41E+04,1.56549
3.913611111,1.41E+04,1.56816
3.913888889,1.41E+04,1.57094
3.914166667,1.41E+04,1.56935
3.914444444,1.41E+04,1.57305
3.914722222,1.41E+04,1.56728
3.915,1.41E+04,1.56896
3.915277778,1.41E+04,1.56186
3.915555556,1.41E+04,1.55862
3.915833333,1.41E+04,1.55231
3.916111111,1.41E+04,1.54909
3.916388889,1.41E+04,1.5423
3.916666667,1.41E+04,1.54374
3.916944444,1.41E+04,1.54298
3.917222222,1.41E+04,1.54205
3.9175,1.41E+04,1.54795
3.917777778,1.41E+04,1.54471
3.918055556,1.41E+04,1.55066
3.918333333,1.41E+04,1.54812
3.918611111,1.41E+04,1.54764
3.918888889,1.41E+04,1.54649
3.919166667,1.41E+04,1.54094
3.919444444,1.41E+04,1.53915
3.919722222,1.41E+04,1.53149
3.92,1.41E+04,1.52813
3.920277778,1.41E+04,1.52199
3.920555556,1.41E+04,1.51903
3.920833333,1.41E+04,1.51255
3.921111111,1.41E+04,1.51613
3.921388889,1.41E+04,1.51434
3.921666667,1.41E+04,1.51543
3.921944444,1.41E+04,1.51982
3.922222222,1.41E+04,1.51824
3.9225,1.41E+04,1.52332
3.922777778,1.41E+04,1.51892
3.923055556,1.41E+04,1.51829
3.923333333,1.41E+04,1.51377
3.923611111,1.41E+04,1.50828
3.923888889,1.41E+04,1.50446
3.924166667,1.41E+04,1.49904
3.924444444,1.41E+04,1.49402
3.924722222,1.41E+04,1.4925
3.925,1.41E+04,1.49187
3.925277778,1.41E+04,1.48896
3.925555556,1.41E+04,1.49538
3.925833333,1.41E+04,1.49241
3.926111111,1.41E+04,1.49747
3.926388889,1.41E+04,1.49668
3.926666667,1.41E+04,1.49696
3.926944444,1.41E+04,1.498
3.927222222,1.41E+04,1.49189
3.9275,1.41E+04,1.48977
3.927777778,1.41E+04,1.48306
3.928055556,1.41E+04,1.47783
3.928333333,1.41E+04,1.47247
3.928611111,1.41E+04,1.47008
3.928888889,1.41E+04,1.46621
3.929166667,1.41E+04,1.47034
3.929444444,1.41E+04,1.46908
3.929722222,1.41E+04,1.47138
3.93,1.41E+04,1.47524
3.930277778,1.41E+04,1.47185
3.930555556,1.42E+04,1.47536
3.930833333,1.42E+04,1.46839
3.931111111,1.42E+04,1.46758
3.931388889,1.42E+04,1.4605
3.931666667,1.42E+04,1.4563
3.931944444,1.42E+04,1.45002
3.932222222,1.42E+04,1.44907
3.9325,1.42E+04,1.44454
3.932777778,1.42E+04,1.44762
3.933055556,1.42E+04,1.44773
3.933333333,1.42E+04,1.44899
3.933611111,1.42E+04,1.45354
3.933888889,1.42E+04,1.44839
3.934166667,1.42E+04,1.45146
3.934444444,1.42E+04,1.44414
3.934722222,1.42E+04,1.43994
3.935,1.42E+04,1.43626
3.935277778,1.42E+04,1.43005
3.935555556,1.42E+04,1.42507
3.935833333,1.42E+04,1.42265
3.936111111,1.42E+04,1.42059
3.936388889,1.42E+04,1.42086
3.936666667,1.42E+04,1.42463
3.936944444,1.42E+04,1.42342
3.937222222,1.42E+04,1.4284
3.9375,1.42E+04,1.42377
3.937777778,1.42E+04,1.42467
3.938055556,1.42E+04,1.41629
3.938333333,1.42E+04,1.41311
3.938611111,1.42E+04,1.4064
3.938888889,1.42E+04,1.40953
3.939166667,1.42E+04,1.40741
3.939444444,1.42E+04,1.413
3.939722222,1.42E+04,1.40674
3.94,1.42E+04,1.40717
3.940277778,1.42E+04,1.39859
3.940555556,1.42E+04,1.3947
3.940833333,1.42E+04,1.39057
3.941111111,1.42E+04,1.3946
3.941388889,1.42E+04,1.39204
3.941666667,1.42E+04,1.39768
3.941944444,1.42E+04,1.39226
3.942222222,1.42E+04,1.39089
3.9425,1.42E+04,1.38348
3.942777778,1.42E+04,1.38079
3.943055556,1.42E+04,1.37855
3.943333333,1.42E+04,1.38319
3.943611111,1.42E+04,1.38101
3.943888889,1.42E+04,1.38288
3.944166667,1.42E+04,1.37474
3.944444444,1.42E+04,1.37065
3.944722222,1.42E+04,1.36634
3.945,1.42E+04,1.36568
3.945277778,1.42E+04,1.3656
3.945555556,1.42E+04,1.36914
3.945833333,1.42E+04,1.365
3.946111111,1.42E+04,1.36704
3.946388889,1.42E+04,1.35801
3.946666667,1.42E+04,1.35283
3.946944444,1.42E+04,1.3466
3.947222222,1.42E+04,1.34205
3.9475,1.42E+04,1.33526
3.947777778,1.42E+04,1.3355
3.948055556,1.42E+04,1.33026
3.948333333,1.42E+04,1.33204
3.948611111,1.42E+04,1.33181
3.948888889,1.42E+04,1.33088
3.949166667,1.42E+04,1.33536
3.949444444,1.42E+04,1.33221
3.949722222,1.42E+04,1.33637
3.95,1.42E+04,1.33547
3.950277778,1.42E+04,1.33404
3.950555556,1.42E+04,1.33615
3.950833333,1.42E+04,1.32865
3.951111111,1.42E+04,1.33012
3.951388889,1.42E+04,1.32025
3.951666667,1.42E+04,1.31555
3.951944444,1.42E+04,1.30885
3.952222222,1.42E+04,1.3036
3.9525,1.42E+04,1.29602
3.952777778,1.42E+04,1.29732
3.953055556,1.42E+04,1.29497
3.953333333,1.42E+04,1.29664
3.953611111,1.42E+04,1.30121
3.953888889,1.42E+04,1.29972
3.954166667,1.42E+04,1.30357
3.954444444,1.42E+04,1.29754
3.954722222,1.42E+04,1.29743
3.955,1.42E+04,1.29053
3.955277778,1.42E+04,1.28482
3.955555556,1.42E+04,1.27858
3.955833333,1.42E+04,1.27438
3.956111111,1.42E+04,1.26885
3.956388889,1.42E+04,1.27036
3.956666667,1.42E+04,1.26944
3.956944444,1.42E+04,1.26811
3.957222222,1.42E+04,1.27318
3.9575,1.42E+04,1.27025
3.957777778,1.42E+04,1.2755
3.958055556,1.42E+04,1.26867
3.958333333,1.43E+04,1.26688
3.958611111,1.43E+04,1.25972
3.958888889,1.43E+04,1.25359
3.959166667,1.43E+04,1.24669
3.959444444,1.43E+04,1.243
3.959722222,1.43E+04,1.23745
3.96,1.43E+04,1.23757
3.960277778,1.43E+04,1.23822
3.960555556,1.43E+04,1.23608
3.960833333,1.43E+04,1.24221
3.961111111,1.43E+04,1.23853
3.961388889,1.43E+04,1.24411
3.961666667,1.43E+04,1.23994
3.961944444,1.43E+04,1.23719
3.962222222,1.43E+04,1.23388
3.9625,1.43E+04,1.22602
3.962777778,1.43E+04,1.22061
3.963055556,1.43E+04,1.21403
3.963333333,1.43E+04,1.20902
3.963611111,1.43E+04,1.20646
3.963888889,1.43E+04,1.20913
3.964166667,1.43E+04,1.20672
3.964444444,1.43E+04,1.21175
3.964722222,1.43E+04,1.20994
3.965,1.43E+04,1.21343
3.965277778,1.43E+04,1.21134
3.965555556,1.43E+04,1.2061
3.965833333,1.43E+04,1.20271
3.966111111,1.43E+04,1.19394
3.966388889,1.43E+04,1.18823
3.966666667,1.43E+04,1.18207
3.966944444,1.43E+04,1.1776
3.967222222,1.43E+04,1.1739
3.9675,1.43E+04,1.17774
3.967777778,1.43E+04,1.17334
3.968055556,1.43E+04,1.17773
3.968333333,1.43E+04,1.17717
3.968611111,1.43E+04,1.17817
3.968888889,1.43E+04,1.18193
3.969166667,1.43E+04,1.17639
3.969444444,1.43E+04,1.18104
3.969722222,1.43E+04,1.17402
3.97,1.43E+04,1.17069
3.970277778,1.43E+04,1.16564
3.970555556,1.43E+04,1.15771
3.970833333,1.43E+04,1.15374
3.971111111,1.43E+04,1.1441
3.971388889,1.43E+04,1.13865
3.971666667,1.43E+04,1.13237
3.971944444,1.43E+04,1.12783
3.972222222,1.43E+04,1.12157
3.9725,1.43E+04,1.1255
3.972777778,1.43E+04,1.12404
3.973055556,1.43E+04,1.12731
3.973333333,1.43E+04,1.13019
3.973611111,1.43E+04,1.12913
3.973888889,1.43E+04,1.13432
3.974166667,1.43E+04,1.12743
3.974444444,1.43E+04,1.12672
3.974722222,1.43E+04,1.12016
3.975,1.43E+04,1.1129
3.975277778,1.43E+04,1.11028
3.975555556,1.43E+04,1.10146
3.975833333,1.43E+04,1.10075
3.976111111,1.43E+04,1.0937
3.976388889,1.43E+04,1.08846
3.976666667,1.43E+04,1.08208
3.976944444,1.43E+04,1.08146
3.977222222,1.43E+04,1.07698
3.9775,1.43E+04,1.07862
3.977777778,1.43E+04,1.07958
3.978055556,1.43E+04,1.07696
3.978333333,1.43E+04,1.08268
3.978611111,1.43E+04,1.07961
3.978888889,1.43E+04,1.08236
3.979166667,1.43E+04,1.08333
3.979444444,1.43E+04,1.08084
3.979722222,1.43E+04,1.08548
3.98,1.43E+04,1.079
3.980277778,1.43E+04,1.08171
3.980555556,1.43E+04,1.07485
3.980833333,1.43E+04,1.07049
3.981111111,1.43E+04,1.06578
3.981388889,1.43E+04,1.05562
3.981666667,1.43E+04,1.04851
3.981944444,1.43E+04,1.04202
3.982222222,1.43E+04,1.03629
3.9825,1.43E+04,1.03069
3.982777778,1.43E+04,1.03005
3.983055556,1.43E+04,1.02768
3.983333333,1.43E+04,1.03093
3.983611111,1.43E+04,1.03256
3.983888889,1.43E+04,1.03475
3.984166667,1.43E+04,1.03936
3.984444444,1.43E+04,1.03373
3.984722222,1.43E+04,1.03838
3.985,1.43E+04,1.02986
3.985277778,1.43E+04,1.02845
3.985555556,1.43E+04,1.02107
3.985833333,1.43E+04,1.013
3.986111111,1.44E+04,1.00718
3.986388889,1.44E+04,0.99873
3.986666667,1.44E+04,0.992435
3.986944444,1.44E+04,0.986883
3.987222222,1.44E+04,0.980542
3.9875,1.44E+04,0.977164
3.987777778,1.44E+04,0.972733
3.988055556,1.44E+04,0.972696
3.988333333,1.44E+04,0.970416
3.988611111,1.44E+04,0.974054
3.988888889,1.44E+04,0.971403
3.989166667,1.44E+04,0.975647
3.989444444,1.44E+04,0.974524
3.989722222,1.44E+04,0.974745
3.99,1.44E+04,0.978773
3.990277778,1.44E+04,0.97474
3.990555556,1.44E+04,0.977974
3.990833333,1.44E+04,0.975534
3.991111111,1.44E+04,0.973124
3.991388889,1.44E+04,0.975876
3.991666667,1.44E+04,0.968297
3.991944444,1.44E+04,0.971472
3.992222222,1.44E+04,0.965019
3.9925,1.44E+04,0.961931
3.992777778,1.44E+04,0.959801
3.993055556,1.44E+04,0.949742
3.993333333,1.44E+04,0.949692
3.993611111,1.44E+04,0.942253
3.993888889,1.44E+04,0.935837
3.994166667,1.44E+04,0.935866
3.994444444,1.44E+04,0.925094
3.994722222,1.44E+04,0.924094
3.995,1.44E+04,0.914005
3.995277778,1.44E+04,0.909102
3.995555556,1.44E+04,0.902088
3.995833333,1.44E+04,0.896861
3.996111111,1.44E+04,0.891057
3.996388889,1.44E+04,0.887014
3.996666667,1.44E+04,0.884486
3.996944444,1.44E+04,0.88201
3.997222222,1.44E+04,0.885863
3.9975,1.44E+04,0.883836
3.997777778,1.44E+04,0.886719
3.998055556,1.44E+04,0.889895
3.998333333,1.44E+04,0.888941
3.998611111,1.44E+04,0.894361
3.998888889,1.44E+04,0.888842
3.999166667,1.44E+04,0.894331
3.999444444,1.44E+04,0.886618
3.999722222,1.44E+04,0.882256
4,1.44E+04,0.876836
4.000277778,1.44E+04,0.867515
4.000555556,1.44E+04,0.860758
4.000833333,1.44E+04,0.852188
4.001111111,1.44E+04,0.847103
4.001388889,1.44E+04,0.841931
4.001666667,1.44E+04,0.839389
4.001944444,1.44E+04,0.835576
4.002222222,1.44E+04,0.837137
4.0025,1.44E+04,0.837649
4.002777778,1.44E+04,0.835547
4.003055556,1.44E+04,0.839595
4.003333333,1.44E+04,0.836623
4.003611111,1.44E+04,0.841327
4.003888889,1.44E+04,0.839996
4.004166667,1.44E+04,0.83988
4.004444444,1.44E+04,0.842289
4.004722222,1.44E+04,0.835634
4.005,1.44E+04,0.83797
4.005277778,1.44E+04,0.831342
4.005555556,1.44E+04,0.827685
4.005833333,1.44E+04,0.826675
4.006111111,1.44E+04,0.816383
4.006388889,1.44E+04,0.819706
4.006666667,1.44E+04,0.810753
4.006944444,1.44E+04,0.805607
4.007222222,1.44E+04,0.802246
4.0075,1.44E+04,0.791529
4.007777778,1.44E+04,0.788675
4.008055556,1.44E+04,0.77963
4.008333333,1.44E+04,0.775209
4.008611111,1.44E+04,0.770304
4.008888889,1.44E+04,0.764695
4.009166667,1.44E+04,0.760956
4.009444444,1.44E+04,0.760712
4.009722222,1.44E+04,0.762124
4.01,1.44E+04,0.760293
4.010277778,1.44E+04,0.766071
4.010555556,1.44E+04,0.763721
4.010833333,1.44E+04,0.768416
4.011111111,1.44E+04,0.76807
4.011388889,1.44E+04,0.767432
4.011666667,1.44E+04,0.76972
4.011944444,1.44E+04,0.7602
4.012222222,1.44E+04,0.762821
4.0125,1.44E+04,0.751023
4.012777778,1.44E+04,0.745393
4.013055556,1.44E+04,0.737209
4.013333333,1.44E+04,0.729149
4.013611111,1.44E+04,0.722278
4.013888889,1.45E+04,0.718224
4.014166667,1.45E+04,0.716509
4.014444444,1.45E+04,0.716787
4.014722222,1.45E+04,0.720334
4.015,1.45E+04,0.718638
4.015277778,1.45E+04,0.725053
4.015555556,1.45E+04,0.721842
4.015833333,1.45E+04,0.726358
4.016111111,1.45E+04,0.7226
4.016388889,1.45E+04,0.715205
4.016666667,1.45E+04,0.713662
4.016944444,1.45E+04,0.702205
4.017222222,1.45E+04,0.698417
4.0175,1.45E+04,0.688299
4.017777778,1.45E+04,0.684573
4.018055556,1.45E+04,0.679775
4.018333333,1.45E+04,0.684471
4.018611111,1.45E+04,0.680546
4.018888889,1.45E+04,0.685244
4.019166667,1.45E+04,0.68314
4.019444444,1.45E+04,0.684603
4.019722222,1.45E+04,0.688613
4.02,1.45E+04,0.680769
4.020277778,1.45E+04,0.68376
4.020555556,1.45E+04,0.672524
4.020833333,1.45E+04,0.666745
4.021111111,1.45E+04,0.659141
4.021388889,1.45E+04,0.650649
4.021666667,1.45E+04,0.645925
4.021944444,1.45E+04,0.638036
4.022222222,1.45E+04,0.635504
4.0225,1.45E+04,0.631668
4.022777778,1.45E+04,0.635662
4.023055556,1.45E+04,0.631194
4.023333333,1.45E+04,0.641011
4.023611111,1.45E+04,0.637221
4.023888889,1.45E+04,0.643088
4.024166667,1.45E+04,0.634652
4.024444444,1.45E+04,0.628262
4.024722222,1.45E+04,0.618327
4.025,1.45E+04,0.609955
4.025277778,1.45E+04,0.602503
4.025555556,1.45E+04,0.59941
4.025833333,1.45E+04,0.596084
4.026111111,1.45E+04,0.594967
4.026388889,1.45E+04,0.596498
4.026666667,1.45E+04,0.593868
4.026944444,1.45E+04,0.597933
4.027222222,1.45E+04,0.596515
4.0275,1.45E+04,0.596099
4.027777778,1.45E+04,0.600583
4.028055556,1.45E+04,0.594672
4.028333333,1.45E+04,0.59856
4.028611111,1.45E+04,0.592908
4.028888889,1.45E+04,0.592654
4.029166667,1.45E+04,0.586713
4.029444444,1.45E+04,0.57705
4.029722222,1.45E+04,0.575389
4.03,1.45E+04,0.5633
4.030277778,1.45E+04,0.55678
4.030555556,1.45E+04,0.551933
4.030833333,1.45E+04,0.542868
4.031111111,1.45E+04,0.541539
4.031388889,1.45E+04,0.530444
4.031666667,1.45E+04,0.528213
4.031944444,1.45E+04,0.521547
4.032222222,1.45E+04,0.518245
4.0325,1.45E+04,0.513245
4.032777778,1.45E+04,0.510319
4.033055556,1.45E+04,0.507445
4.033333333,1.45E+04,0.504562
4.033611111,1.45E+04,0.503544
4.033888889,1.45E+04,0.502101
4.034166667,1.45E+04,0.504176
4.034444444,1.45E+04,0.504815
4.034722222,1.45E+04,0.503628
4.035,1.45E+04,0.50748
4.035277778,1.45E+04,0.502791
4.035555556,1.45E+04,0.507099
4.035833333,1.45E+04,0.504887
4.036111111,1.45E+04,0.506415
4.036388889,1.45E+04,0.505023
4.036666667,1.45E+04,0.496796
4.036944444,1.45E+04,0.495383
4.037222222,1.45E+04,0.482115
4.0375,1.45E+04,0.475244
4.037777778,1.45E+04,0.467188
4.038055556,1.45E+04,0.459656
4.038333333,1.45E+04,0.455571
4.038611111,1.45E+04,0.451409
4.038888889,1.45E+04,0.448539
4.039166667,1.45E+04,0.445306
4.039444444,1.45E+04,0.445308
4.039722222,1.45E+04,0.439371
4.04,1.45E+04,0.439224
4.040277778,1.45E+04,0.43498
4.040555556,1.45E+04,0.432392
4.040833333,1.45E+04,0.431673
4.041111111,1.45E+04,0.427899
4.041388889,1.45E+04,0.428708
4.041666667,1.46E+04,0.427159
4.041944444,1.46E+04,0.424023
4.042222222,1.46E+04,0.425226
4.0425,1.46E+04,0.418896
4.042777778,1.46E+04,0.418956
4.043055556,1.46E+04,0.416077
4.043333333,1.46E+04,0.413446
4.043611111,1.46E+04,0.415438
4.043888889,1.46E+04,0.409292
4.044166667,1.46E+04,0.40813
4.044444444,1.46E+04,0.405628
4.044722222,1.46E+04,0.398976
4.045,1.46E+04,0.399886
4.045277778,1.46E+04,0.393447
4.045555556,1.46E+04,0.39242
4.045833333,1.46E+04,0.391837
4.046111111,1.46E+04,0.385157
4.046388889,1.46E+04,0.389031
4.046666667,1.46E+04,0.381128
4.046944444,1.46E+04,0.380526
4.047222222,1.46E+04,0.379211
4.0475,1.46E+04,0.37253
4.047777778,1.46E+04,0.375714
4.048055556,1.46E+04,0.370444
4.048333333,1.46E+04,0.368512
4.048611111,1.46E+04,0.369978
4.048888889,1.46E+04,0.360836
4.049166667,1.46E+04,0.362952
4.049444444,1.46E+04,0.356896
4.049722222,1.46E+04,0.353754
4.05,1.46E+04,0.353169
4.050277778,1.46E+04,0.343231
4.050555556,1.46E+04,0.346454
4.050833333,1.46E+04,0.336846
4.051111111,1.46E+04,0.333409
4.051388889,1.46E+04,0.332037
4.051666667,1.46E+04,0.32142
4.051944444,1.46E+04,0.325137
4.052222222,1.46E+04,0.314143
4.0525,1.46E+04,0.309292
4.052777778,1.46E+04,0.307262
4.053055556,1.46E+04,0.296342
4.053333333,1.46E+04,0.295818
4.053611111,1.46E+04,0.285814
4.053888889,1.46E+04,0.278933
4.054166667,1.46E+04,0.277293
4.054444444,1.46E+04,0.26836
4.054722222,1.46E+04,0.267538
4.055,1.46E+04,0.259626
4.055277778,1.46E+04,0.254804
4.055555556,1.46E+04,0.251159
4.055833333,1.46E+04,0.243382
4.056111111,1.46E+04,0.240828
4.056388889,1.46E+04,0.236039
4.056666667,1.46E+04,0.233548
4.056944444,1.46E+04,0.231211
4.057222222,1.46E+04,0.227946
4.0575,1.46E+04,0.226386
4.057777778,1.46E+04,0.222973
4.058055556,1.46E+04,0.223578
4.058333333,1.46E+04,0.219614
4.058611111,1.46E+04,0.22213
4.058888889,1.46E+04,0.217096
4.059166667,1.46E+04,0.215474
4.059444444,1.46E+04,0.21498
4.059722222,1.46E+04,0.21033
4.06,1.46E+04,0.210149
4.060277778,1.46E+04,0.205381
4.060555556,1.46E+04,0.199559
4.060833333,1.46E+04,0.199337
4.061111111,1.46E+04,0.191363
4.061388889,1.46E+04,0.188273
4.061666667,1.46E+04,0.182268
4.061944444,1.46E+04,0.176646
4.062222222,1.46E+04,0.169829
4.0625,1.46E+04,0.163835
4.062777778,1.46E+04,0.155953
4.063055556,1.46E+04,0.151122
4.063333333,1.46E+04,0.14597
4.063611111,1.46E+04,0.139685
4.063888889,1.46E+04,0.136326
4.064166667,1.46E+04,0.133522
4.064444444,1.46E+04,0.126717
4.064722222,1.46E+04,0.128952
4.065,1.46E+04,0.119194
4.065277778,1.46E+04,0.119448
4.065555556,1.46E+04,0.118736
4.065833333,1.46E+04,0.113874
4.066111111,1.46E+04,0.119663
4.066388889,1.46E+04,0.120507
4.066666667,1.46E+04,0.117544
4.066944444,1.46E+04,0.124689
4.067222222,1.46E+04,0.121721
4.0675,1.46E+04,0.120018
4.067777778,1.46E+04,0.118439
4.068055556,1.46E+04,0.110547
4.068333333,1.46E+04,0.101662
4.068611111,1.46E+04,0.0930817
4.068888889,1.46E+04,0.0856783
4.069166667,1.46E+04,0.0780036
4.069444444,1.47E+04,0.0731748
4.069722222,1.47E+04,0.0732153
4.07,1.47E+04,0.0642486
4.070277778,1.47E+04,0.0674699
4.070555556,1.47E+04,0.0614573
4.070833333,1.47E+04,0.058177
4.071111111,1.47E+04,0.0632882
4.071388889,1.47E+04,0.0564714
4.071666667,1.47E+04,0.0590825
4.071944444,1.47E+04,0.0594127
4.072222222,1.47E+04,0.0545129
4.0725,1.47E+04,0.0599356
4.072777778,1.47E+04,0.0575102
4.073055556,1.47E+04,0.054332
4.073333333,1.47E+04,0.0579517
4.073611111,1.47E+04,0.0494873
4.073888889,1.47E+04,0.0461414
4.074166667,1.47E+04,0.0452423
4.074444444,1.47E+04,0.0384292
4.074722222,1.47E+04,0.0379131
4.075,1.47E+04,0.0327701
4.075277778,1.47E+04,0.0275827
4.075555556,1.47E+04,0.0248869
4.075833333,1.47E+04,0.0184304
4.076111111,1.47E+04,0.0140385
4.076388889,1.47E+04,0.0104545
4.076666667,1.47E+04,0.00476579
4.076944444,1.47E+04,-4.83E-04
